{
  "DLSVersion": "2.1.6",
  "Name": "10B MUX",
  "NameLocation": 0,
  "ChipType": 0,
  "Size": {
    "x": 1.25,
    "y": 3.25
  },
  "Colour": {
    "r": 0.585738361,
    "g": 0.3893971,
    "b": 0.6915557,
    "a": 1
  },
  "InputPins":[
    {
      "Name":"D0",
      "ID":692979616,
      "Position":{
        "x":-6.68448,
        "y":-0.39435
      },
      "BitCount":1,
      "Colour":0,
      "ValueDisplayMode":0
    },
    {
      "Name":"D0",
      "ID":1021322952,
      "Position":{
        "x":-6.68448,
        "y":-0.90935
      },
      "BitCount":1,
      "Colour":0,
      "ValueDisplayMode":0
    },
    {
      "Name":"D0",
      "ID":5035918,
      "Position":{
        "x":-6.64755,
        "y":-1.62293
      },
      "BitCount":8,
      "Colour":0,
      "ValueDisplayMode":0
    },
    {
      "Name":"D1",
      "ID":498989095,
      "Position":{
        "x":-6.58102,
        "y":-2.5625
      },
      "BitCount":1,
      "Colour":0,
      "ValueDisplayMode":0
    },
    {
      "Name":"D1",
      "ID":270207167,
      "Position":{
        "x":-6.58102,
        "y":-3.0625
      },
      "BitCount":1,
      "Colour":0,
      "ValueDisplayMode":0
    },
    {
      "Name":"D1",
      "ID":704606981,
      "Position":{
        "x":-6.61396,
        "y":-3.8546299999999998
      },
      "BitCount":8,
      "Colour":0,
      "ValueDisplayMode":0
    },
    {
      "Name":"S1",
      "ID":1441299597,
      "Position":{
        "x":-6.45235,
        "y":-5.9219
      },
      "BitCount":1,
      "Colour":0,
      "ValueDisplayMode":0
    },
    {
      "Name":"S0",
      "ID":502646572,
      "Position":{
        "x":-6.44369,
        "y":-6.42972
      },
      "BitCount":1,
      "Colour":0,
      "ValueDisplayMode":0
    }
  ],
  "OutputPins":[
    {
      "Name":"bit9",
      "ID":632629306,
      "Position":{
        "x":2.29343,
        "y":-1.30828
      },
      "BitCount":1,
      "Colour":0,
      "ValueDisplayMode":0
    },
    {
      "Name":"bit8",
      "ID":54060497,
      "Position":{
        "x":2.29343,
        "y":-1.82328
      },
      "BitCount":1,
      "Colour":0,
      "ValueDisplayMode":0
    },
    {
      "Name":"bit7~bit0",
      "ID":1777081574,
      "Position":{
        "x":2.37091,
        "y":-4.08817
      },
      "BitCount":8,
      "Colour":0,
      "ValueDisplayMode":0
    }
  ],
  "SubChips":[
    {
      "Name":"8B MUX",
      "ID":2083971506,
      "Label":"",
      "Position":{
        "x":-0.46615,
        "y":-4.11365
      },
      "OutputPinColourInfo":[{"PinColour":0,"PinID":1254738747}],
      "InternalData":null
    },
    {
      "Name":"Cancler",
      "ID":6275945,
      "Label":"",
      "Position":{
        "x":-0.50698,
        "y":-0.96774
      },
      "OutputPinColourInfo":[{"PinColour":0,"PinID":1616067258}],
      "InternalData":null
    },
    {
      "Name":"Cancler",
      "ID":63201849,
      "Label":"",
      "Position":{
        "x":-0.55191,
        "y":-0.39002
      },
      "OutputPinColourInfo":[{"PinColour":0,"PinID":1616067258}],
      "InternalData":null
    },
    {
      "Name":"Cancler",
      "ID":985871182,
      "Label":"",
      "Position":{
        "x":-0.42634,
        "y":-2.59024
      },
      "OutputPinColourInfo":[{"PinColour":0,"PinID":1616067258}],
      "InternalData":null
    },
    {
      "Name":"Cancler",
      "ID":796834313,
      "Label":"",
      "Position":{
        "x":-0.38141,
        "y":-3.16796
      },
      "OutputPinColourInfo":[{"PinColour":0,"PinID":1616067258}],
      "InternalData":null
    },
    {
      "Name":"NOT",
      "ID":379632407,
      "Label":"",
      "Position":{
        "x":-1.0357,
        "y":-5.77599
      },
      "OutputPinColourInfo":[{"PinColour":0,"PinID":14895395}],
      "InternalData":null
    },
    {
      "Name":"OR",
      "ID":295603532,
      "Label":"bit9",
      "Position":{
        "x":0.9631,
        "y":-1.19549
      },
      "OutputPinColourInfo":[{"PinColour":0,"PinID":1797483099}],
      "InternalData":null
    },
    {
      "Name":"OR",
      "ID":1878261163,
      "Label":"bit8",
      "Position":{
        "x":0.9631,
        "y":-1.82549
      },
      "OutputPinColourInfo":[{"PinColour":0,"PinID":1797483099}],
      "InternalData":null
    }
  ],
  "Wires":[
    {
      "SourcePinAddress":{
        "PinID":0,
        "PinOwnerID":498989095
      },
      "TargetPinAddress":{
        "PinID":211683454,
        "PinOwnerID":985871182
      },
      "ConnectionType":0,
      "ConnectedWireIndex":-1,
      "ConnectedWireSegmentIndex":-1,
      "Points":[{"x":0.0,"y":0.0},{"x":0.0,"y":0.0}]
    },
    {
      "SourcePinAddress":{
        "PinID":0,
        "PinOwnerID":270207167
      },
      "TargetPinAddress":{
        "PinID":211683454,
        "PinOwnerID":796834313
      },
      "ConnectionType":0,
      "ConnectedWireIndex":-1,
      "ConnectedWireSegmentIndex":-1,
      "Points":[{"x":0.0,"y":0.0},{"x":0.0,"y":0.0}]
    },
    {
      "SourcePinAddress":{
        "PinID":0,
        "PinOwnerID":692979616
      },
      "TargetPinAddress":{
        "PinID":211683454,
        "PinOwnerID":63201849
      },
      "ConnectionType":0,
      "ConnectedWireIndex":-1,
      "ConnectedWireSegmentIndex":-1,
      "Points":[{"x":0.0,"y":0.0},{"x":0.0,"y":0.0}]
    },
    {
      "SourcePinAddress":{
        "PinID":0,
        "PinOwnerID":1021322952
      },
      "TargetPinAddress":{
        "PinID":211683454,
        "PinOwnerID":6275945
      },
      "ConnectionType":0,
      "ConnectedWireIndex":-1,
      "ConnectedWireSegmentIndex":-1,
      "Points":[{"x":0.0,"y":0.0},{"x":0.0,"y":0.0}]
    },
    {
      "SourcePinAddress":{
        "PinID":0,
        "PinOwnerID":502646572
      },
      "TargetPinAddress":{
        "PinID":2030901329,
        "PinOwnerID":379632407
      },
      "ConnectionType":0,
      "ConnectedWireIndex":-1,
      "ConnectedWireSegmentIndex":-1,
      "Points":[{"x":0.0,"y":0.0},{"x":0.0,"y":0.0}]
    },
    {
      "SourcePinAddress":{
        "PinID":0,
        "PinOwnerID":502646572
      },
      "TargetPinAddress":{
        "PinID":101598402,
        "PinOwnerID":985871182
      },
      "ConnectionType":1,
      "ConnectedWireIndex":4,
      "ConnectedWireSegmentIndex":0,
      "Points":[{"x":-1.42506,"y":-5.78976},{"x":-1.5005,"y":-2.72536},{"x":0.0,"y":0.0}]
    },
    {
      "SourcePinAddress":{
        "PinID":0,
        "PinOwnerID":502646572
      },
      "TargetPinAddress":{
        "PinID":101598402,
        "PinOwnerID":796834313
      },
      "ConnectionType":1,
      "ConnectedWireIndex":5,
      "ConnectedWireSegmentIndex":0,
      "Points":[{"x":-1.48654,"y":-3.29257},{"x":0.0,"y":0.0}]
    },
    {
      "SourcePinAddress":{
        "PinID":0,
        "PinOwnerID":502646572
      },
      "TargetPinAddress":{
        "PinID":902434727,
        "PinOwnerID":2083971506
      },
      "ConnectionType":1,
      "ConnectedWireIndex":5,
      "ConnectedWireSegmentIndex":0,
      "Points":[{"x":-1.45377,"y":-4.62371},{"x":0.0,"y":0.0}]
    },
    {
      "SourcePinAddress":{
        "PinID":14895395,
        "PinOwnerID":379632407
      },
      "TargetPinAddress":{
        "PinID":101598402,
        "PinOwnerID":63201849
      },
      "ConnectionType":0,
      "ConnectedWireIndex":-1,
      "ConnectedWireSegmentIndex":-1,
      "Points":[{"x":0.0,"y":0.0},{"x":-0.7382,"y":-5.34877},{"x":-1.35667,"y":-5.34877},{"x":-1.35667,"y":-0.52614},{"x":0.0,"y":0.0}]
    },
    {
      "SourcePinAddress":{
        "PinID":14895395,
        "PinOwnerID":379632407
      },
      "TargetPinAddress":{
        "PinID":101598402,
        "PinOwnerID":6275945
      },
      "ConnectionType":1,
      "ConnectedWireIndex":8,
      "ConnectedWireSegmentIndex":2,
      "Points":[{"x":-1.35667,"y":-1.09274},{"x":0.0,"y":0.0}]
    },
    {
      "SourcePinAddress":{
        "PinID":1616067258,
        "PinOwnerID":63201849
      },
      "TargetPinAddress":{
        "PinID":1660214207,
        "PinOwnerID":295603532
      },
      "ConnectionType":0,
      "ConnectedWireIndex":-1,
      "ConnectedWireSegmentIndex":-1,
      "Points":[{"x":0.0,"y":0.0},{"x":0.0,"y":0.0}]
    },
    {
      "SourcePinAddress":{
        "PinID":1616067258,
        "PinOwnerID":796834313
      },
      "TargetPinAddress":{
        "PinID":1101441429,
        "PinOwnerID":1878261163
      },
      "ConnectionType":0,
      "ConnectedWireIndex":-1,
      "ConnectedWireSegmentIndex":-1,
      "Points":[{"x":0.0,"y":0.0},{"x":0.0,"y":0.0}]
    },
    {
      "SourcePinAddress":{
        "PinID":1616067258,
        "PinOwnerID":985871182
      },
      "TargetPinAddress":{
        "PinID":1101441429,
        "PinOwnerID":295603532
      },
      "ConnectionType":0,
      "ConnectedWireIndex":-1,
      "ConnectedWireSegmentIndex":-1,
      "Points":[{"x":0.0,"y":0.0},{"x":0.0,"y":0.0}]
    },
    {
      "SourcePinAddress":{
        "PinID":1616067258,
        "PinOwnerID":6275945
      },
      "TargetPinAddress":{
        "PinID":1660214207,
        "PinOwnerID":1878261163
      },
      "ConnectionType":0,
      "ConnectedWireIndex":-1,
      "ConnectedWireSegmentIndex":-1,
      "Points":[{"x":0.0,"y":0.0},{"x":0.0,"y":0.0}]
    },
    {
      "SourcePinAddress":{
        "PinID":1254738747,
        "PinOwnerID":2083971506
      },
      "TargetPinAddress":{
        "PinID":0,
        "PinOwnerID":1777081574
      },
      "ConnectionType":0,
      "ConnectedWireIndex":-1,
      "ConnectedWireSegmentIndex":-1,
      "Points":[{"x":0.0,"y":0.0},{"x":0.0,"y":0.0}]
    },
    {
      "SourcePinAddress":{
        "PinID":1797483099,
        "PinOwnerID":295603532
      },
      "TargetPinAddress":{
        "PinID":0,
        "PinOwnerID":632629306
      },
      "ConnectionType":0,
      "ConnectedWireIndex":-1,
      "ConnectedWireSegmentIndex":-1,
      "Points":[{"x":0.0,"y":0.0},{"x":0.0,"y":0.0}]
    },
    {
      "SourcePinAddress":{
        "PinID":1797483099,
        "PinOwnerID":1878261163
      },
      "TargetPinAddress":{
        "PinID":0,
        "PinOwnerID":54060497
      },
      "ConnectionType":0,
      "ConnectedWireIndex":-1,
      "ConnectedWireSegmentIndex":-1,
      "Points":[{"x":0.0,"y":0.0},{"x":0.0,"y":0.0}]
    },
    {
      "SourcePinAddress":{
        "PinID":0,
        "PinOwnerID":5035918
      },
      "TargetPinAddress":{
        "PinID":437351559,
        "PinOwnerID":2083971506
      },
      "ConnectionType":0,
      "ConnectedWireIndex":-1,
      "ConnectedWireSegmentIndex":-1,
      "Points":[{"x":0.0,"y":0.0},{"x":-4.67838,"y":-1.62293},{"x":-4.67838,"y":-3.6302},{"x":0.0,"y":0.0}]
    },
    {
      "SourcePinAddress":{
        "PinID":0,
        "PinOwnerID":704606981
      },
      "TargetPinAddress":{
        "PinID":2074658275,
        "PinOwnerID":2083971506
      },
      "ConnectionType":0,
      "ConnectedWireIndex":-1,
      "ConnectedWireSegmentIndex":-1,
      "Points":[{"x":0.0,"y":0.0},{"x":-5.21354,"y":-3.8546299999999998},{"x":-5.21354,"y":-4.10945},{"x":-5.21354,"y":-4.32511},{"x":0.0,"y":0.0}]
    }
  ],
  "Displays": null
}