{
  "DLSVersion": "2.1.6",
  "Name": "10B 3 way MUX",
  "NameLocation": 0,
  "ChipType": 0,
  "Size": {
    "x": 1.175,
    "y": 3.5
  },
  "Colour": {
    "r": 0.0336860679,
    "g": 0.0127400951,
    "b": 0.242246822,
    "a": 1
  },
  "InputPins":[
    {
      "Name":"D2",
      "ID":2067171140,
      "Position":{
        "x":28.8758,
        "y":-17.54546
      },
      "BitCount":1,
      "Colour":0,
      "ValueDisplayMode":0
    },
    {
      "Name":"D2",
      "ID":1038918082,
      "Position":{
        "x":28.8582,
        "y":-18.14398
      },
      "BitCount":1,
      "Colour":0,
      "ValueDisplayMode":0
    },
    {
      "Name":"D2",
      "ID":460381244,
      "Position":{
        "x":28.59007,
        "y":-19.49174
      },
      "BitCount":8,
      "Colour":0,
      "ValueDisplayMode":0
    },
    {
      "Name":"D1",
      "ID":601135710,
      "Position":{
        "x":28.91101,
        "y":-21.71752
      },
      "BitCount":1,
      "Colour":0,
      "ValueDisplayMode":0
    },
    {
      "Name":"D1",
      "ID":1544862951,
      "Position":{
        "x":28.8934,
        "y":-22.31604
      },
      "BitCount":1,
      "Colour":0,
      "ValueDisplayMode":0
    },
    {
      "Name":"D1",
      "ID":619648610,
      "Position":{
        "x":28.56975,
        "y":-23.67926
      },
      "BitCount":8,
      "Colour":0,
      "ValueDisplayMode":0
    },
    {
      "Name":"D0",
      "ID":1891884391,
      "Position":{
        "x":28.99903,
        "y":-25.25585
      },
      "BitCount":1,
      "Colour":0,
      "ValueDisplayMode":0
    },
    {
      "Name":"D0",
      "ID":1535889229,
      "Position":{
        "x":28.98142,
        "y":-25.85437
      },
      "BitCount":1,
      "Colour":0,
      "ValueDisplayMode":0
    },
    {
      "Name":"D0",
      "ID":1629988037,
      "Position":{
        "x":28.68101,
        "y":-27.22171
      },
      "BitCount":8,
      "Colour":0,
      "ValueDisplayMode":0
    },
    {
      "Name":"S0",
      "ID":304504927,
      "Position":{
        "x":28.96786,
        "y":-28.86843
      },
      "BitCount":1,
      "Colour":0,
      "ValueDisplayMode":0
    },
    {
      "Name":"S0",
      "ID":900919391,
      "Position":{
        "x":28.94589,
        "y":-29.46161
      },
      "BitCount":1,
      "Colour":0,
      "ValueDisplayMode":0
    }
  ],
  "OutputPins":[
    {
      "Name":"OUT",
      "ID":355827659,
      "Position":{
        "x":39.73525,
        "y":-25.05328
      },
      "BitCount":1,
      "Colour":0,
      "ValueDisplayMode":0
    },
    {
      "Name":"OUT",
      "ID":1692261661,
      "Position":{
        "x":39.76429,
        "y":-25.53728
      },
      "BitCount":1,
      "Colour":0,
      "ValueDisplayMode":0
    },
    {
      "Name":"OUT",
      "ID":1405206278,
      "Position":{
        "x":40.42895,
        "y":-26.94966
      },
      "BitCount":8,
      "Colour":0,
      "ValueDisplayMode":0
    }
  ],
  "SubChips":[
    {
      "Name":"3Way MUX",
      "ID":689276090,
      "Label":"",
      "Position":{
        "x":36.10795,
        "y":-15.71449
      },
      "OutputPinColourInfo":[{"PinColour":0,"PinID":778487875}],
      "InternalData":null
    },
    {
      "Name":"3Way MUX",
      "ID":1915771374,
      "Label":"",
      "Position":{
        "x":36.1027,
        "y":-17.09426
      },
      "OutputPinColourInfo":[{"PinColour":0,"PinID":778487875}],
      "InternalData":null
    },
    {
      "Name":"3Way MUX",
      "ID":64833505,
      "Label":"",
      "Position":{
        "x":36.11868,
        "y":-18.41228
      },
      "OutputPinColourInfo":[{"PinColour":0,"PinID":778487875}],
      "InternalData":null
    },
    {
      "Name":"3Way MUX",
      "ID":641682534,
      "Label":"",
      "Position":{
        "x":36.08673,
        "y":-19.75426
      },
      "OutputPinColourInfo":[{"PinColour":0,"PinID":778487875}],
      "InternalData":null
    },
    {
      "Name":"3Way MUX",
      "ID":429263712,
      "Label":"",
      "Position":{
        "x":36.05322,
        "y":-25.10634
      },
      "OutputPinColourInfo":[{"PinColour":0,"PinID":778487875}],
      "InternalData":null
    },
    {
      "Name":"3Way MUX",
      "ID":1464862708,
      "Label":"",
      "Position":{
        "x":36.08517,
        "y":-23.76436
      },
      "OutputPinColourInfo":[{"PinColour":0,"PinID":778487875}],
      "InternalData":null
    },
    {
      "Name":"3Way MUX",
      "ID":1110995691,
      "Label":"",
      "Position":{
        "x":36.06919,
        "y":-22.44635
      },
      "OutputPinColourInfo":[{"PinColour":0,"PinID":778487875}],
      "InternalData":null
    },
    {
      "Name":"3Way MUX",
      "ID":169926971,
      "Label":"",
      "Position":{
        "x":36.07444,
        "y":-21.06657
      },
      "OutputPinColourInfo":[{"PinColour":0,"PinID":778487875}],
      "InternalData":null
    },
    {
      "Name":"3Way MUX",
      "ID":1258856633,
      "Label":"",
      "Position":{
        "x":36.08517,
        "y":-26.45421
      },
      "OutputPinColourInfo":[{"PinColour":0,"PinID":778487875}],
      "InternalData":null
    },
    {
      "Name":"3Way MUX",
      "ID":746633951,
      "Label":"",
      "Position":{
        "x":36.05322,
        "y":-27.79619
      },
      "OutputPinColourInfo":[{"PinColour":0,"PinID":778487875}],
      "InternalData":null
    },
    {
      "Name":"8-1BIT",
      "ID":1880537807,
      "Label":"D0",
      "Position":{
        "x":30.83549,
        "y":-27.20411
      },
      "OutputPinColourInfo":[{"PinColour":0,"PinID":1},{"PinColour":0,"PinID":2},{"PinColour":0,"PinID":3},{"PinColour":0,"PinID":4},{"PinColour":0,"PinID":5},{"PinColour":0,"PinID":6},{"PinColour":0,"PinID":7},{"PinColour":0,"PinID":8}],
      "InternalData":null
    },
    {
      "Name":"8-1BIT",
      "ID":1721027755,
      "Label":"D1",
      "Position":{
        "x":30.7772,
        "y":-23.73643
      },
      "OutputPinColourInfo":[{"PinColour":0,"PinID":1},{"PinColour":0,"PinID":2},{"PinColour":0,"PinID":3},{"PinColour":0,"PinID":4},{"PinColour":0,"PinID":5},{"PinColour":0,"PinID":6},{"PinColour":0,"PinID":7},{"PinColour":0,"PinID":8}],
      "InternalData":null
    },
    {
      "Name":"8-1BIT",
      "ID":1885745733,
      "Label":"D2",
      "Position":{
        "x":30.71179,
        "y":-19.51189
      },
      "OutputPinColourInfo":[{"PinColour":0,"PinID":1},{"PinColour":0,"PinID":2},{"PinColour":0,"PinID":3},{"PinColour":0,"PinID":4},{"PinColour":0,"PinID":5},{"PinColour":0,"PinID":6},{"PinColour":0,"PinID":7},{"PinColour":0,"PinID":8}],
      "InternalData":null
    },
    {
      "Name":"1-8BIT",
      "ID":1178607830,
      "Label":"",
      "Position":{
        "x":38.34008,
        "y":-26.8996
      },
      "OutputPinColourInfo":[{"PinColour":0,"PinID":8}],
      "InternalData":null
    }
  ],
  "Wires":[
    {
      "SourcePinAddress":{
        "PinID":8,
        "PinOwnerID":1880537807
      },
      "TargetPinAddress":{
        "PinID":1273164845,
        "PinOwnerID":746633951
      },
      "ConnectionType":0,
      "ConnectedWireIndex":-1,
      "ConnectedWireSegmentIndex":-1,
      "Points":[{"x":0.0,"y":0.0},{"x":0.0,"y":0.0}]
    },
    {
      "SourcePinAddress":{
        "PinID":7,
        "PinOwnerID":1880537807
      },
      "TargetPinAddress":{
        "PinID":1273164845,
        "PinOwnerID":1258856633
      },
      "ConnectionType":0,
      "ConnectedWireIndex":-1,
      "ConnectedWireSegmentIndex":-1,
      "Points":[{"x":0.0,"y":0.0},{"x":0.0,"y":0.0}]
    },
    {
      "SourcePinAddress":{
        "PinID":6,
        "PinOwnerID":1880537807
      },
      "TargetPinAddress":{
        "PinID":1273164845,
        "PinOwnerID":429263712
      },
      "ConnectionType":0,
      "ConnectedWireIndex":-1,
      "ConnectedWireSegmentIndex":-1,
      "Points":[{"x":0.0,"y":0.0},{"x":0.0,"y":0.0}]
    },
    {
      "SourcePinAddress":{
        "PinID":5,
        "PinOwnerID":1880537807
      },
      "TargetPinAddress":{
        "PinID":1273164845,
        "PinOwnerID":1464862708
      },
      "ConnectionType":0,
      "ConnectedWireIndex":-1,
      "ConnectedWireSegmentIndex":-1,
      "Points":[{"x":0.0,"y":0.0},{"x":0.0,"y":0.0}]
    },
    {
      "SourcePinAddress":{
        "PinID":4,
        "PinOwnerID":1880537807
      },
      "TargetPinAddress":{
        "PinID":1273164845,
        "PinOwnerID":1110995691
      },
      "ConnectionType":0,
      "ConnectedWireIndex":-1,
      "ConnectedWireSegmentIndex":-1,
      "Points":[{"x":0.0,"y":0.0},{"x":0.0,"y":0.0}]
    },
    {
      "SourcePinAddress":{
        "PinID":3,
        "PinOwnerID":1880537807
      },
      "TargetPinAddress":{
        "PinID":1273164845,
        "PinOwnerID":169926971
      },
      "ConnectionType":0,
      "ConnectedWireIndex":-1,
      "ConnectedWireSegmentIndex":-1,
      "Points":[{"x":0.0,"y":0.0},{"x":0.0,"y":0.0}]
    },
    {
      "SourcePinAddress":{
        "PinID":2,
        "PinOwnerID":1880537807
      },
      "TargetPinAddress":{
        "PinID":1273164845,
        "PinOwnerID":641682534
      },
      "ConnectionType":0,
      "ConnectedWireIndex":-1,
      "ConnectedWireSegmentIndex":-1,
      "Points":[{"x":0.0,"y":0.0},{"x":0.0,"y":0.0}]
    },
    {
      "SourcePinAddress":{
        "PinID":1,
        "PinOwnerID":1880537807
      },
      "TargetPinAddress":{
        "PinID":1273164845,
        "PinOwnerID":64833505
      },
      "ConnectionType":0,
      "ConnectedWireIndex":-1,
      "ConnectedWireSegmentIndex":-1,
      "Points":[{"x":0.0,"y":0.0},{"x":0.0,"y":0.0}]
    },
    {
      "SourcePinAddress":{
        "PinID":8,
        "PinOwnerID":1721027755
      },
      "TargetPinAddress":{
        "PinID":841229552,
        "PinOwnerID":746633951
      },
      "ConnectionType":0,
      "ConnectedWireIndex":-1,
      "ConnectedWireSegmentIndex":-1,
      "Points":[{"x":0.0,"y":0.0},{"x":0.0,"y":0.0}]
    },
    {
      "SourcePinAddress":{
        "PinID":7,
        "PinOwnerID":1721027755
      },
      "TargetPinAddress":{
        "PinID":841229552,
        "PinOwnerID":1258856633
      },
      "ConnectionType":0,
      "ConnectedWireIndex":-1,
      "ConnectedWireSegmentIndex":-1,
      "Points":[{"x":0.0,"y":0.0},{"x":0.0,"y":0.0}]
    },
    {
      "SourcePinAddress":{
        "PinID":6,
        "PinOwnerID":1721027755
      },
      "TargetPinAddress":{
        "PinID":841229552,
        "PinOwnerID":429263712
      },
      "ConnectionType":0,
      "ConnectedWireIndex":-1,
      "ConnectedWireSegmentIndex":-1,
      "Points":[{"x":0.0,"y":0.0},{"x":0.0,"y":0.0}]
    },
    {
      "SourcePinAddress":{
        "PinID":5,
        "PinOwnerID":1721027755
      },
      "TargetPinAddress":{
        "PinID":841229552,
        "PinOwnerID":1464862708
      },
      "ConnectionType":0,
      "ConnectedWireIndex":-1,
      "ConnectedWireSegmentIndex":-1,
      "Points":[{"x":0.0,"y":0.0},{"x":0.0,"y":0.0}]
    },
    {
      "SourcePinAddress":{
        "PinID":4,
        "PinOwnerID":1721027755
      },
      "TargetPinAddress":{
        "PinID":841229552,
        "PinOwnerID":1110995691
      },
      "ConnectionType":0,
      "ConnectedWireIndex":-1,
      "ConnectedWireSegmentIndex":-1,
      "Points":[{"x":0.0,"y":0.0},{"x":0.0,"y":0.0}]
    },
    {
      "SourcePinAddress":{
        "PinID":3,
        "PinOwnerID":1721027755
      },
      "TargetPinAddress":{
        "PinID":841229552,
        "PinOwnerID":169926971
      },
      "ConnectionType":0,
      "ConnectedWireIndex":-1,
      "ConnectedWireSegmentIndex":-1,
      "Points":[{"x":0.0,"y":0.0},{"x":0.0,"y":0.0}]
    },
    {
      "SourcePinAddress":{
        "PinID":2,
        "PinOwnerID":1721027755
      },
      "TargetPinAddress":{
        "PinID":841229552,
        "PinOwnerID":641682534
      },
      "ConnectionType":0,
      "ConnectedWireIndex":-1,
      "ConnectedWireSegmentIndex":-1,
      "Points":[{"x":0.0,"y":0.0},{"x":0.0,"y":0.0}]
    },
    {
      "SourcePinAddress":{
        "PinID":1,
        "PinOwnerID":1721027755
      },
      "TargetPinAddress":{
        "PinID":841229552,
        "PinOwnerID":64833505
      },
      "ConnectionType":0,
      "ConnectedWireIndex":-1,
      "ConnectedWireSegmentIndex":-1,
      "Points":[{"x":0.0,"y":0.0},{"x":0.0,"y":0.0}]
    },
    {
      "SourcePinAddress":{
        "PinID":8,
        "PinOwnerID":1885745733
      },
      "TargetPinAddress":{
        "PinID":485012060,
        "PinOwnerID":746633951
      },
      "ConnectionType":0,
      "ConnectedWireIndex":-1,
      "ConnectedWireSegmentIndex":-1,
      "Points":[{"x":0.0,"y":0.0},{"x":0.0,"y":0.0}]
    },
    {
      "SourcePinAddress":{
        "PinID":7,
        "PinOwnerID":1885745733
      },
      "TargetPinAddress":{
        "PinID":485012060,
        "PinOwnerID":1258856633
      },
      "ConnectionType":0,
      "ConnectedWireIndex":-1,
      "ConnectedWireSegmentIndex":-1,
      "Points":[{"x":0.0,"y":0.0},{"x":0.0,"y":0.0}]
    },
    {
      "SourcePinAddress":{
        "PinID":6,
        "PinOwnerID":1885745733
      },
      "TargetPinAddress":{
        "PinID":485012060,
        "PinOwnerID":429263712
      },
      "ConnectionType":0,
      "ConnectedWireIndex":-1,
      "ConnectedWireSegmentIndex":-1,
      "Points":[{"x":0.0,"y":0.0},{"x":0.0,"y":0.0}]
    },
    {
      "SourcePinAddress":{
        "PinID":5,
        "PinOwnerID":1885745733
      },
      "TargetPinAddress":{
        "PinID":485012060,
        "PinOwnerID":1464862708
      },
      "ConnectionType":0,
      "ConnectedWireIndex":-1,
      "ConnectedWireSegmentIndex":-1,
      "Points":[{"x":0.0,"y":0.0},{"x":0.0,"y":0.0}]
    },
    {
      "SourcePinAddress":{
        "PinID":4,
        "PinOwnerID":1885745733
      },
      "TargetPinAddress":{
        "PinID":485012060,
        "PinOwnerID":1110995691
      },
      "ConnectionType":0,
      "ConnectedWireIndex":-1,
      "ConnectedWireSegmentIndex":-1,
      "Points":[{"x":0.0,"y":0.0},{"x":0.0,"y":0.0}]
    },
    {
      "SourcePinAddress":{
        "PinID":3,
        "PinOwnerID":1885745733
      },
      "TargetPinAddress":{
        "PinID":485012060,
        "PinOwnerID":169926971
      },
      "ConnectionType":0,
      "ConnectedWireIndex":-1,
      "ConnectedWireSegmentIndex":-1,
      "Points":[{"x":0.0,"y":0.0},{"x":0.0,"y":0.0}]
    },
    {
      "SourcePinAddress":{
        "PinID":2,
        "PinOwnerID":1885745733
      },
      "TargetPinAddress":{
        "PinID":485012060,
        "PinOwnerID":641682534
      },
      "ConnectionType":0,
      "ConnectedWireIndex":-1,
      "ConnectedWireSegmentIndex":-1,
      "Points":[{"x":0.0,"y":0.0},{"x":0.0,"y":0.0}]
    },
    {
      "SourcePinAddress":{
        "PinID":1,
        "PinOwnerID":1885745733
      },
      "TargetPinAddress":{
        "PinID":485012060,
        "PinOwnerID":64833505
      },
      "ConnectionType":0,
      "ConnectedWireIndex":-1,
      "ConnectedWireSegmentIndex":-1,
      "Points":[{"x":0.0,"y":0.0},{"x":0.0,"y":0.0}]
    },
    {
      "SourcePinAddress":{
        "PinID":0,
        "PinOwnerID":900919391
      },
      "TargetPinAddress":{
        "PinID":1998889901,
        "PinOwnerID":689276090
      },
      "ConnectionType":0,
      "ConnectedWireIndex":-1,
      "ConnectedWireSegmentIndex":-1,
      "Points":[{"x":0.0,"y":0.0},{"x":35.31707,"y":-29.46161},{"x":35.31707,"y":-16.22318},{"x":0.0,"y":0.0}]
    },
    {
      "SourcePinAddress":{
        "PinID":0,
        "PinOwnerID":900919391
      },
      "TargetPinAddress":{
        "PinID":1998889901,
        "PinOwnerID":1915771374
      },
      "ConnectionType":1,
      "ConnectedWireIndex":24,
      "ConnectedWireSegmentIndex":1,
      "Points":[{"x":35.31707,"y":-17.59426},{"x":0.0,"y":0.0}]
    },
    {
      "SourcePinAddress":{
        "PinID":0,
        "PinOwnerID":900919391
      },
      "TargetPinAddress":{
        "PinID":1998889901,
        "PinOwnerID":64833505
      },
      "ConnectionType":1,
      "ConnectedWireIndex":24,
      "ConnectedWireSegmentIndex":1,
      "Points":[{"x":35.31707,"y":-18.91228},{"x":0.0,"y":0.0}]
    },
    {
      "SourcePinAddress":{
        "PinID":0,
        "PinOwnerID":900919391
      },
      "TargetPinAddress":{
        "PinID":1998889901,
        "PinOwnerID":641682534
      },
      "ConnectionType":1,
      "ConnectedWireIndex":24,
      "ConnectedWireSegmentIndex":1,
      "Points":[{"x":35.31707,"y":-20.25426},{"x":0.0,"y":0.0}]
    },
    {
      "SourcePinAddress":{
        "PinID":0,
        "PinOwnerID":900919391
      },
      "TargetPinAddress":{
        "PinID":1998889901,
        "PinOwnerID":169926971
      },
      "ConnectionType":1,
      "ConnectedWireIndex":24,
      "ConnectedWireSegmentIndex":1,
      "Points":[{"x":35.31707,"y":-21.56657},{"x":0.0,"y":0.0}]
    },
    {
      "SourcePinAddress":{
        "PinID":0,
        "PinOwnerID":900919391
      },
      "TargetPinAddress":{
        "PinID":1998889901,
        "PinOwnerID":1110995691
      },
      "ConnectionType":1,
      "ConnectedWireIndex":24,
      "ConnectedWireSegmentIndex":1,
      "Points":[{"x":35.31707,"y":-22.94635},{"x":0.0,"y":0.0}]
    },
    {
      "SourcePinAddress":{
        "PinID":0,
        "PinOwnerID":900919391
      },
      "TargetPinAddress":{
        "PinID":1998889901,
        "PinOwnerID":1464862708
      },
      "ConnectionType":1,
      "ConnectedWireIndex":24,
      "ConnectedWireSegmentIndex":1,
      "Points":[{"x":35.31707,"y":-24.26436},{"x":0.0,"y":0.0}]
    },
    {
      "SourcePinAddress":{
        "PinID":0,
        "PinOwnerID":900919391
      },
      "TargetPinAddress":{
        "PinID":1998889901,
        "PinOwnerID":429263712
      },
      "ConnectionType":1,
      "ConnectedWireIndex":24,
      "ConnectedWireSegmentIndex":1,
      "Points":[{"x":35.31707,"y":-25.60634},{"x":0.0,"y":0.0}]
    },
    {
      "SourcePinAddress":{
        "PinID":0,
        "PinOwnerID":900919391
      },
      "TargetPinAddress":{
        "PinID":1998889901,
        "PinOwnerID":1258856633
      },
      "ConnectionType":1,
      "ConnectedWireIndex":24,
      "ConnectedWireSegmentIndex":1,
      "Points":[{"x":35.31707,"y":-26.95421},{"x":0.0,"y":0.0}]
    },
    {
      "SourcePinAddress":{
        "PinID":0,
        "PinOwnerID":900919391
      },
      "TargetPinAddress":{
        "PinID":1998889901,
        "PinOwnerID":746633951
      },
      "ConnectionType":1,
      "ConnectedWireIndex":24,
      "ConnectedWireSegmentIndex":1,
      "Points":[{"x":35.31707,"y":-28.29619},{"x":0.0,"y":0.0}]
    },
    {
      "SourcePinAddress":{
        "PinID":0,
        "PinOwnerID":304504927
      },
      "TargetPinAddress":{
        "PinID":559993612,
        "PinOwnerID":689276090
      },
      "ConnectionType":0,
      "ConnectedWireIndex":-1,
      "ConnectedWireSegmentIndex":-1,
      "Points":[{"x":0.0,"y":0.0},{"x":35.10851,"y":-28.86843},{"x":35.10851,"y":-15.97685},{"x":0.0,"y":0.0}]
    },
    {
      "SourcePinAddress":{
        "PinID":0,
        "PinOwnerID":304504927
      },
      "TargetPinAddress":{
        "PinID":559993612,
        "PinOwnerID":1915771374
      },
      "ConnectionType":1,
      "ConnectedWireIndex":34,
      "ConnectedWireSegmentIndex":1,
      "Points":[{"x":35.10851,"y":-17.34426},{"x":0.0,"y":0.0}]
    },
    {
      "SourcePinAddress":{
        "PinID":0,
        "PinOwnerID":304504927
      },
      "TargetPinAddress":{
        "PinID":559993612,
        "PinOwnerID":64833505
      },
      "ConnectionType":1,
      "ConnectedWireIndex":34,
      "ConnectedWireSegmentIndex":1,
      "Points":[{"x":35.10851,"y":-18.66228},{"x":0.0,"y":0.0}]
    },
    {
      "SourcePinAddress":{
        "PinID":0,
        "PinOwnerID":304504927
      },
      "TargetPinAddress":{
        "PinID":559993612,
        "PinOwnerID":641682534
      },
      "ConnectionType":1,
      "ConnectedWireIndex":34,
      "ConnectedWireSegmentIndex":1,
      "Points":[{"x":35.10851,"y":-20.00426},{"x":0.0,"y":0.0}]
    },
    {
      "SourcePinAddress":{
        "PinID":0,
        "PinOwnerID":304504927
      },
      "TargetPinAddress":{
        "PinID":559993612,
        "PinOwnerID":169926971
      },
      "ConnectionType":1,
      "ConnectedWireIndex":34,
      "ConnectedWireSegmentIndex":1,
      "Points":[{"x":35.10851,"y":-21.31657},{"x":0.0,"y":0.0}]
    },
    {
      "SourcePinAddress":{
        "PinID":0,
        "PinOwnerID":304504927
      },
      "TargetPinAddress":{
        "PinID":559993612,
        "PinOwnerID":1110995691
      },
      "ConnectionType":1,
      "ConnectedWireIndex":34,
      "ConnectedWireSegmentIndex":1,
      "Points":[{"x":35.10851,"y":-22.69635},{"x":0.0,"y":0.0}]
    },
    {
      "SourcePinAddress":{
        "PinID":0,
        "PinOwnerID":304504927
      },
      "TargetPinAddress":{
        "PinID":559993612,
        "PinOwnerID":1464862708
      },
      "ConnectionType":1,
      "ConnectedWireIndex":34,
      "ConnectedWireSegmentIndex":1,
      "Points":[{"x":35.10851,"y":-24.01436},{"x":0.0,"y":0.0}]
    },
    {
      "SourcePinAddress":{
        "PinID":0,
        "PinOwnerID":304504927
      },
      "TargetPinAddress":{
        "PinID":559993612,
        "PinOwnerID":429263712
      },
      "ConnectionType":1,
      "ConnectedWireIndex":34,
      "ConnectedWireSegmentIndex":1,
      "Points":[{"x":35.10851,"y":-25.35634},{"x":0.0,"y":0.0}]
    },
    {
      "SourcePinAddress":{
        "PinID":0,
        "PinOwnerID":304504927
      },
      "TargetPinAddress":{
        "PinID":559993612,
        "PinOwnerID":1258856633
      },
      "ConnectionType":1,
      "ConnectedWireIndex":34,
      "ConnectedWireSegmentIndex":1,
      "Points":[{"x":35.10851,"y":-26.70421},{"x":0.0,"y":0.0}]
    },
    {
      "SourcePinAddress":{
        "PinID":0,
        "PinOwnerID":304504927
      },
      "TargetPinAddress":{
        "PinID":559993612,
        "PinOwnerID":746633951
      },
      "ConnectionType":1,
      "ConnectedWireIndex":34,
      "ConnectedWireSegmentIndex":1,
      "Points":[{"x":35.10851,"y":-28.04619},{"x":0.0,"y":0.0}]
    },
    {
      "SourcePinAddress":{
        "PinID":0,
        "PinOwnerID":2067171140
      },
      "TargetPinAddress":{
        "PinID":485012060,
        "PinOwnerID":689276090
      },
      "ConnectionType":0,
      "ConnectedWireIndex":-1,
      "ConnectedWireSegmentIndex":-1,
      "Points":[{"x":0.0,"y":0.0},{"x":0.0,"y":0.0}]
    },
    {
      "SourcePinAddress":{
        "PinID":0,
        "PinOwnerID":1038918082
      },
      "TargetPinAddress":{
        "PinID":485012060,
        "PinOwnerID":1915771374
      },
      "ConnectionType":0,
      "ConnectedWireIndex":-1,
      "ConnectedWireSegmentIndex":-1,
      "Points":[{"x":0.0,"y":0.0},{"x":0.0,"y":0.0}]
    },
    {
      "SourcePinAddress":{
        "PinID":0,
        "PinOwnerID":601135710
      },
      "TargetPinAddress":{
        "PinID":841229552,
        "PinOwnerID":689276090
      },
      "ConnectionType":0,
      "ConnectedWireIndex":-1,
      "ConnectedWireSegmentIndex":-1,
      "Points":[{"x":0.0,"y":0.0},{"x":0.0,"y":0.0}]
    },
    {
      "SourcePinAddress":{
        "PinID":0,
        "PinOwnerID":1544862951
      },
      "TargetPinAddress":{
        "PinID":841229552,
        "PinOwnerID":1915771374
      },
      "ConnectionType":0,
      "ConnectedWireIndex":-1,
      "ConnectedWireSegmentIndex":-1,
      "Points":[{"x":0.0,"y":0.0},{"x":0.0,"y":0.0}]
    },
    {
      "SourcePinAddress":{
        "PinID":0,
        "PinOwnerID":1891884391
      },
      "TargetPinAddress":{
        "PinID":1273164845,
        "PinOwnerID":689276090
      },
      "ConnectionType":0,
      "ConnectedWireIndex":-1,
      "ConnectedWireSegmentIndex":-1,
      "Points":[{"x":0.0,"y":0.0},{"x":0.0,"y":0.0}]
    },
    {
      "SourcePinAddress":{
        "PinID":0,
        "PinOwnerID":1535889229
      },
      "TargetPinAddress":{
        "PinID":1273164845,
        "PinOwnerID":1915771374
      },
      "ConnectionType":0,
      "ConnectedWireIndex":-1,
      "ConnectedWireSegmentIndex":-1,
      "Points":[{"x":0.0,"y":0.0},{"x":0.0,"y":0.0}]
    },
    {
      "SourcePinAddress":{
        "PinID":0,
        "PinOwnerID":460381244
      },
      "TargetPinAddress":{
        "PinID":0,
        "PinOwnerID":1885745733
      },
      "ConnectionType":0,
      "ConnectedWireIndex":-1,
      "ConnectedWireSegmentIndex":-1,
      "Points":[{"x":0.0,"y":0.0},{"x":0.0,"y":0.0}]
    },
    {
      "SourcePinAddress":{
        "PinID":0,
        "PinOwnerID":619648610
      },
      "TargetPinAddress":{
        "PinID":0,
        "PinOwnerID":1721027755
      },
      "ConnectionType":0,
      "ConnectedWireIndex":-1,
      "ConnectedWireSegmentIndex":-1,
      "Points":[{"x":0.0,"y":0.0},{"x":0.0,"y":0.0}]
    },
    {
      "SourcePinAddress":{
        "PinID":0,
        "PinOwnerID":1629988037
      },
      "TargetPinAddress":{
        "PinID":0,
        "PinOwnerID":1880537807
      },
      "ConnectionType":0,
      "ConnectedWireIndex":-1,
      "ConnectedWireSegmentIndex":-1,
      "Points":[{"x":0.0,"y":0.0},{"x":0.0,"y":0.0}]
    },
    {
      "SourcePinAddress":{
        "PinID":778487875,
        "PinOwnerID":746633951
      },
      "TargetPinAddress":{
        "PinID":7,
        "PinOwnerID":1178607830
      },
      "ConnectionType":0,
      "ConnectedWireIndex":-1,
      "ConnectedWireSegmentIndex":-1,
      "Points":[{"x":0.0,"y":0.0},{"x":0.0,"y":0.0}]
    },
    {
      "SourcePinAddress":{
        "PinID":778487875,
        "PinOwnerID":1258856633
      },
      "TargetPinAddress":{
        "PinID":6,
        "PinOwnerID":1178607830
      },
      "ConnectionType":0,
      "ConnectedWireIndex":-1,
      "ConnectedWireSegmentIndex":-1,
      "Points":[{"x":0.0,"y":0.0},{"x":0.0,"y":0.0}]
    },
    {
      "SourcePinAddress":{
        "PinID":778487875,
        "PinOwnerID":429263712
      },
      "TargetPinAddress":{
        "PinID":5,
        "PinOwnerID":1178607830
      },
      "ConnectionType":0,
      "ConnectedWireIndex":-1,
      "ConnectedWireSegmentIndex":-1,
      "Points":[{"x":0.0,"y":0.0},{"x":0.0,"y":0.0}]
    },
    {
      "SourcePinAddress":{
        "PinID":778487875,
        "PinOwnerID":1464862708
      },
      "TargetPinAddress":{
        "PinID":4,
        "PinOwnerID":1178607830
      },
      "ConnectionType":0,
      "ConnectedWireIndex":-1,
      "ConnectedWireSegmentIndex":-1,
      "Points":[{"x":0.0,"y":0.0},{"x":0.0,"y":0.0}]
    },
    {
      "SourcePinAddress":{
        "PinID":778487875,
        "PinOwnerID":1110995691
      },
      "TargetPinAddress":{
        "PinID":3,
        "PinOwnerID":1178607830
      },
      "ConnectionType":0,
      "ConnectedWireIndex":-1,
      "ConnectedWireSegmentIndex":-1,
      "Points":[{"x":0.0,"y":0.0},{"x":0.0,"y":0.0}]
    },
    {
      "SourcePinAddress":{
        "PinID":778487875,
        "PinOwnerID":169926971
      },
      "TargetPinAddress":{
        "PinID":2,
        "PinOwnerID":1178607830
      },
      "ConnectionType":0,
      "ConnectedWireIndex":-1,
      "ConnectedWireSegmentIndex":-1,
      "Points":[{"x":0.0,"y":0.0},{"x":0.0,"y":0.0}]
    },
    {
      "SourcePinAddress":{
        "PinID":778487875,
        "PinOwnerID":641682534
      },
      "TargetPinAddress":{
        "PinID":1,
        "PinOwnerID":1178607830
      },
      "ConnectionType":0,
      "ConnectedWireIndex":-1,
      "ConnectedWireSegmentIndex":-1,
      "Points":[{"x":0.0,"y":0.0},{"x":0.0,"y":0.0}]
    },
    {
      "SourcePinAddress":{
        "PinID":778487875,
        "PinOwnerID":64833505
      },
      "TargetPinAddress":{
        "PinID":0,
        "PinOwnerID":1178607830
      },
      "ConnectionType":0,
      "ConnectedWireIndex":-1,
      "ConnectedWireSegmentIndex":-1,
      "Points":[{"x":0.0,"y":0.0},{"x":0.0,"y":0.0}]
    },
    {
      "SourcePinAddress":{
        "PinID":778487875,
        "PinOwnerID":1915771374
      },
      "TargetPinAddress":{
        "PinID":0,
        "PinOwnerID":1692261661
      },
      "ConnectionType":0,
      "ConnectedWireIndex":-1,
      "ConnectedWireSegmentIndex":-1,
      "Points":[{"x":0.0,"y":0.0},{"x":0.0,"y":0.0}]
    },
    {
      "SourcePinAddress":{
        "PinID":778487875,
        "PinOwnerID":689276090
      },
      "TargetPinAddress":{
        "PinID":0,
        "PinOwnerID":355827659
      },
      "ConnectionType":0,
      "ConnectedWireIndex":-1,
      "ConnectedWireSegmentIndex":-1,
      "Points":[{"x":0.0,"y":0.0},{"x":36.64561,"y":-15.58916},{"x":0.0,"y":0.0}]
    },
    {
      "SourcePinAddress":{
        "PinID":8,
        "PinOwnerID":1178607830
      },
      "TargetPinAddress":{
        "PinID":0,
        "PinOwnerID":1405206278
      },
      "ConnectionType":0,
      "ConnectedWireIndex":-1,
      "ConnectedWireSegmentIndex":-1,
      "Points":[{"x":0.0,"y":0.0},{"x":0.0,"y":0.0}]
    }
  ],
  "Displays": null
}