{
  "DLSVersion": "2.1.6",
  "Name": "16B Length Stack",
  "NameLocation": 0,
  "ChipType": 0,
  "Size": {
    "x": 1.7,
    "y": 0.75
  },
  "Colour": {
    "r": 0.6363383,
    "g": 0.5492128,
    "b": 0.464049369,
    "a": 1
  },
  "InputPins":[
    {
      "Name":"STCK/POP",
      "ID":365805830,
      "Position":{
        "x":-3.62123,
        "y":1.02079
      },
      "BitCount":1,
      "Colour":0,
      "ValueDisplayMode":0
    },
    {
      "Name":"Din",
      "ID":738129374,
      "Position":{
        "x":-3.62123,
        "y":0.52456
      },
      "BitCount":1,
      "Colour":0,
      "ValueDisplayMode":0
    },
    {
      "Name":"CLK",
      "ID":1572788086,
      "Position":{
        "x":-3.70099,
        "y":-2.78604
      },
      "BitCount":1,
      "Colour":0,
      "ValueDisplayMode":0
    }
  ],
  "OutputPins":[
    {
      "Name":"TOP STACk OUT",
      "ID":1064334865,
      "Position":{
        "x":-4.21043,
        "y":-1.61723
      },
      "BitCount":1,
      "Colour":0,
      "ValueDisplayMode":0
    }
  ],
  "SubChips":[
    {
      "Name":"NOT",
      "ID":150688095,
      "Label":"",
      "Position":{
        "x":-2.13995,
        "y":1.03916
      },
      "OutputPinColourInfo":[{"PinColour":0,"PinID":14895395}],
      "InternalData":null
    },
    {
      "Name":"AND",
      "ID":483380984,
      "Label":"",
      "Position":{
        "x":-0.58752,
        "y":-0.18566
      },
      "OutputPinColourInfo":[{"PinColour":0,"PinID":1931642737}],
      "InternalData":null
    },
    {
      "Name":"AND",
      "ID":1569958523,
      "Label":"",
      "Position":{
        "x":-0.58,
        "y":-0.79064
      },
      "OutputPinColourInfo":[{"PinColour":0,"PinID":1931642737}],
      "InternalData":null
    },
    {
      "Name":"OR",
      "ID":256590595,
      "Label":"",
      "Position":{
        "x":0.28358,
        "y":-0.59275
      },
      "OutputPinColourInfo":[{"PinColour":0,"PinID":1797483099}],
      "InternalData":null
    },
    {
      "Name":"AND",
      "ID":1342419807,
      "Label":"",
      "Position":{
        "x":3.205,
        "y":-0.18568
      },
      "OutputPinColourInfo":[{"PinColour":0,"PinID":1931642737}],
      "InternalData":null
    },
    {
      "Name":"AND",
      "ID":1114921386,
      "Label":"",
      "Position":{
        "x":3.21252,
        "y":-0.79066
      },
      "OutputPinColourInfo":[{"PinColour":0,"PinID":1931642737}],
      "InternalData":null
    },
    {
      "Name":"OR",
      "ID":959466701,
      "Label":"",
      "Position":{
        "x":4.07611,
        "y":-0.59276
      },
      "OutputPinColourInfo":[{"PinColour":0,"PinID":1797483099}],
      "InternalData":null
    },
    {
      "Name":"AND",
      "ID":1295466075,
      "Label":"",
      "Position":{
        "x":7.64515,
        "y":-0.05626
      },
      "OutputPinColourInfo":[{"PinColour":0,"PinID":1931642737}],
      "InternalData":null
    },
    {
      "Name":"AND",
      "ID":250830228,
      "Label":"",
      "Position":{
        "x":7.65268,
        "y":-0.66124
      },
      "OutputPinColourInfo":[{"PinColour":0,"PinID":1931642737}],
      "InternalData":null
    },
    {
      "Name":"OR",
      "ID":486807461,
      "Label":"",
      "Position":{
        "x":8.51626,
        "y":-0.46334
      },
      "OutputPinColourInfo":[{"PinColour":0,"PinID":1797483099}],
      "InternalData":null
    },
    {
      "Name":"AND",
      "ID":358177442,
      "Label":"",
      "Position":{
        "x":11.43767,
        "y":-0.05627
      },
      "OutputPinColourInfo":[{"PinColour":0,"PinID":1931642737}],
      "InternalData":null
    },
    {
      "Name":"AND",
      "ID":557567395,
      "Label":"",
      "Position":{
        "x":11.4452,
        "y":-0.66125
      },
      "OutputPinColourInfo":[{"PinColour":0,"PinID":1931642737}],
      "InternalData":null
    },
    {
      "Name":"OR",
      "ID":1163244735,
      "Label":"",
      "Position":{
        "x":12.30878,
        "y":-0.46336
      },
      "OutputPinColourInfo":[{"PinColour":0,"PinID":1797483099}],
      "InternalData":null
    },
    {
      "Name":"AND",
      "ID":1806310076,
      "Label":"",
      "Position":{
        "x":15.53407,
        "y":-0.07312
      },
      "OutputPinColourInfo":[{"PinColour":0,"PinID":1931642737}],
      "InternalData":null
    },
    {
      "Name":"AND",
      "ID":976816732,
      "Label":"",
      "Position":{
        "x":15.54159,
        "y":-0.6781
      },
      "OutputPinColourInfo":[{"PinColour":0,"PinID":1931642737}],
      "InternalData":null
    },
    {
      "Name":"OR",
      "ID":2081177816,
      "Label":"",
      "Position":{
        "x":16.40518,
        "y":-0.4802
      },
      "OutputPinColourInfo":[{"PinColour":0,"PinID":1797483099}],
      "InternalData":null
    },
    {
      "Name":"AND",
      "ID":31085908,
      "Label":"",
      "Position":{
        "x":19.32659,
        "y":-0.07313
      },
      "OutputPinColourInfo":[{"PinColour":0,"PinID":1931642737}],
      "InternalData":null
    },
    {
      "Name":"AND",
      "ID":1691090996,
      "Label":"",
      "Position":{
        "x":19.33411,
        "y":-0.67811
      },
      "OutputPinColourInfo":[{"PinColour":0,"PinID":1931642737}],
      "InternalData":null
    },
    {
      "Name":"OR",
      "ID":1167347526,
      "Label":"",
      "Position":{
        "x":20.1977,
        "y":-0.48022
      },
      "OutputPinColourInfo":[{"PinColour":0,"PinID":1797483099}],
      "InternalData":null
    },
    {
      "Name":"AND",
      "ID":584521682,
      "Label":"",
      "Position":{
        "x":23.76674,
        "y":0.05629
      },
      "OutputPinColourInfo":[{"PinColour":0,"PinID":1931642737}],
      "InternalData":null
    },
    {
      "Name":"AND",
      "ID":1648530108,
      "Label":"",
      "Position":{
        "x":23.77427,
        "y":-0.54869
      },
      "OutputPinColourInfo":[{"PinColour":0,"PinID":1931642737}],
      "InternalData":null
    },
    {
      "Name":"OR",
      "ID":714716153,
      "Label":"",
      "Position":{
        "x":24.63785,
        "y":-0.3508
      },
      "OutputPinColourInfo":[{"PinColour":0,"PinID":1797483099}],
      "InternalData":null
    },
    {
      "Name":"AND",
      "ID":223396505,
      "Label":"",
      "Position":{
        "x":27.55926,
        "y":0.05627
      },
      "OutputPinColourInfo":[{"PinColour":0,"PinID":1931642737}],
      "InternalData":null
    },
    {
      "Name":"AND",
      "ID":896141235,
      "Label":"",
      "Position":{
        "x":27.56679,
        "y":-0.54871
      },
      "OutputPinColourInfo":[{"PinColour":0,"PinID":1931642737}],
      "InternalData":null
    },
    {
      "Name":"OR",
      "ID":837593838,
      "Label":"",
      "Position":{
        "x":28.43037,
        "y":-0.35081
      },
      "OutputPinColourInfo":[{"PinColour":0,"PinID":1797483099}],
      "InternalData":null
    },
    {
      "Name":"AND",
      "ID":1705441469,
      "Label":"",
      "Position":{
        "x":32.31257,
        "y":0.10619
      },
      "OutputPinColourInfo":[{"PinColour":0,"PinID":1931642737}],
      "InternalData":null
    },
    {
      "Name":"AND",
      "ID":1547551891,
      "Label":"",
      "Position":{
        "x":32.3201,
        "y":-0.49879
      },
      "OutputPinColourInfo":[{"PinColour":0,"PinID":1931642737}],
      "InternalData":null
    },
    {
      "Name":"OR",
      "ID":1277927271,
      "Label":"",
      "Position":{
        "x":33.18368,
        "y":-0.30089
      },
      "OutputPinColourInfo":[{"PinColour":0,"PinID":1797483099}],
      "InternalData":null
    },
    {
      "Name":"AND",
      "ID":419508123,
      "Label":"",
      "Position":{
        "x":36.10509,
        "y":0.10618
      },
      "OutputPinColourInfo":[{"PinColour":0,"PinID":1931642737}],
      "InternalData":null
    },
    {
      "Name":"AND",
      "ID":1114234690,
      "Label":"",
      "Position":{
        "x":36.11262,
        "y":-0.4988
      },
      "OutputPinColourInfo":[{"PinColour":0,"PinID":1931642737}],
      "InternalData":null
    },
    {
      "Name":"OR",
      "ID":1368263274,
      "Label":"",
      "Position":{
        "x":36.9762,
        "y":-0.30091
      },
      "OutputPinColourInfo":[{"PinColour":0,"PinID":1797483099}],
      "InternalData":null
    },
    {
      "Name":"AND",
      "ID":1220752667,
      "Label":"",
      "Position":{
        "x":40.54525,
        "y":0.2356
      },
      "OutputPinColourInfo":[{"PinColour":0,"PinID":1931642737}],
      "InternalData":null
    },
    {
      "Name":"AND",
      "ID":605413161,
      "Label":"",
      "Position":{
        "x":40.55277,
        "y":-0.36938
      },
      "OutputPinColourInfo":[{"PinColour":0,"PinID":1931642737}],
      "InternalData":null
    },
    {
      "Name":"OR",
      "ID":1219655932,
      "Label":"",
      "Position":{
        "x":41.41636,
        "y":-0.17149
      },
      "OutputPinColourInfo":[{"PinColour":0,"PinID":1797483099}],
      "InternalData":null
    },
    {
      "Name":"AND",
      "ID":347361684,
      "Label":"",
      "Position":{
        "x":44.33777,
        "y":0.23558
      },
      "OutputPinColourInfo":[{"PinColour":0,"PinID":1931642737}],
      "InternalData":null
    },
    {
      "Name":"AND",
      "ID":1729822160,
      "Label":"",
      "Position":{
        "x":44.34529,
        "y":-0.3694
      },
      "OutputPinColourInfo":[{"PinColour":0,"PinID":1931642737}],
      "InternalData":null
    },
    {
      "Name":"OR",
      "ID":1911132094,
      "Label":"",
      "Position":{
        "x":45.20888,
        "y":-0.1715
      },
      "OutputPinColourInfo":[{"PinColour":0,"PinID":1797483099}],
      "InternalData":null
    },
    {
      "Name":"AND",
      "ID":1939602822,
      "Label":"",
      "Position":{
        "x":48.43417,
        "y":0.21874
      },
      "OutputPinColourInfo":[{"PinColour":0,"PinID":1931642737}],
      "InternalData":null
    },
    {
      "Name":"AND",
      "ID":1095909560,
      "Label":"",
      "Position":{
        "x":48.44169,
        "y":-0.38624
      },
      "OutputPinColourInfo":[{"PinColour":0,"PinID":1931642737}],
      "InternalData":null
    },
    {
      "Name":"OR",
      "ID":710944393,
      "Label":"",
      "Position":{
        "x":49.30527,
        "y":-0.18835
      },
      "OutputPinColourInfo":[{"PinColour":0,"PinID":1797483099}],
      "InternalData":null
    },
    {
      "Name":"AND",
      "ID":1919574955,
      "Label":"",
      "Position":{
        "x":52.22668,
        "y":0.21872
      },
      "OutputPinColourInfo":[{"PinColour":0,"PinID":1931642737}],
      "InternalData":null
    },
    {
      "Name":"AND",
      "ID":84831881,
      "Label":"",
      "Position":{
        "x":52.23421,
        "y":-0.38626
      },
      "OutputPinColourInfo":[{"PinColour":0,"PinID":1931642737}],
      "InternalData":null
    },
    {
      "Name":"OR",
      "ID":134780937,
      "Label":"",
      "Position":{
        "x":53.09779,
        "y":-0.18836
      },
      "OutputPinColourInfo":[{"PinColour":0,"PinID":1797483099}],
      "InternalData":null
    },
    {
      "Name":"AND",
      "ID":325650897,
      "Label":"",
      "Position":{
        "x":56.66684,
        "y":0.34814
      },
      "OutputPinColourInfo":[{"PinColour":0,"PinID":1931642737}],
      "InternalData":null
    },
    {
      "Name":"AND",
      "ID":1609647671,
      "Label":"",
      "Position":{
        "x":56.67436,
        "y":-0.25684
      },
      "OutputPinColourInfo":[{"PinColour":0,"PinID":1931642737}],
      "InternalData":null
    },
    {
      "Name":"OR",
      "ID":798146900,
      "Label":"",
      "Position":{
        "x":57.53795,
        "y":-0.05894
      },
      "OutputPinColourInfo":[{"PinColour":0,"PinID":1797483099}],
      "InternalData":null
    },
    {
      "Name":"AND",
      "ID":1789549185,
      "Label":"",
      "Position":{
        "x":60.45936,
        "y":0.34813
      },
      "OutputPinColourInfo":[{"PinColour":0,"PinID":1931642737}],
      "InternalData":null
    },
    {
      "Name":"AND",
      "ID":1150407509,
      "Label":"",
      "Position":{
        "x":60.53775,
        "y":-0.25685
      },
      "OutputPinColourInfo":[{"PinColour":0,"PinID":1931642737}],
      "InternalData":null
    },
    {
      "Name":"OR",
      "ID":1343084649,
      "Label":"",
      "Position":{
        "x":61.33047,
        "y":-0.05896
      },
      "OutputPinColourInfo":[{"PinColour":0,"PinID":1797483099}],
      "InternalData":null
    },
    {
      "Name":"MS D LATCH WITH CLR",
      "ID":255488685,
      "Label":"",
      "Position":{
        "x":1.651,
        "y":-1.09693
      },
      "OutputPinColourInfo":[{"PinColour":0,"PinID":995919985}],
      "InternalData":null
    },
    {
      "Name":"MS D LATCH WITH CLR",
      "ID":1097970510,
      "Label":"",
      "Position":{
        "x":5.50867,
        "y":-0.85213
      },
      "OutputPinColourInfo":[{"PinColour":0,"PinID":995919985}],
      "InternalData":null
    },
    {
      "Name":"MS D LATCH WITH CLR",
      "ID":1299319540,
      "Label":"",
      "Position":{
        "x":9.82205,
        "y":-0.76682
      },
      "OutputPinColourInfo":[{"PinColour":0,"PinID":995919985}],
      "InternalData":null
    },
    {
      "Name":"MS D LATCH WITH CLR",
      "ID":896632782,
      "Label":"",
      "Position":{
        "x":13.66652,
        "y":-0.7174
      },
      "OutputPinColourInfo":[{"PinColour":0,"PinID":995919985}],
      "InternalData":null
    },
    {
      "Name":"MS D LATCH WITH CLR",
      "ID":785750401,
      "Label":"",
      "Position":{
        "x":21.65954,
        "y":-0.76695
      },
      "OutputPinColourInfo":[{"PinColour":0,"PinID":995919985}],
      "InternalData":null
    },
    {
      "Name":"MS D LATCH WITH CLR",
      "ID":1798918836,
      "Label":"",
      "Position":{
        "x":17.81507,
        "y":-0.81637
      },
      "OutputPinColourInfo":[{"PinColour":0,"PinID":995919985}],
      "InternalData":null
    },
    {
      "Name":"MS D LATCH WITH CLR",
      "ID":665801138,
      "Label":"",
      "Position":{
        "x":26.06869,
        "y":-0.62562
      },
      "OutputPinColourInfo":[{"PinColour":0,"PinID":995919985}],
      "InternalData":null
    },
    {
      "Name":"MS D LATCH WITH CLR",
      "ID":1391645443,
      "Label":"",
      "Position":{
        "x":29.91315,
        "y":-0.57621
      },
      "OutputPinColourInfo":[{"PinColour":0,"PinID":995919985}],
      "InternalData":null
    },
    {
      "Name":"MS D LATCH WITH CLR",
      "ID":182185886,
      "Label":"",
      "Position":{
        "x":59.01146,
        "y":-0.34838
      },
      "OutputPinColourInfo":[{"PinColour":0,"PinID":995919985}],
      "InternalData":null
    },
    {
      "Name":"MS D LATCH WITH CLR",
      "ID":647789254,
      "Label":"",
      "Position":{
        "x":54.78189,
        "y":-0.4253
      },
      "OutputPinColourInfo":[{"PinColour":0,"PinID":995919985}],
      "InternalData":null
    },
    {
      "Name":"MS D LATCH WITH CLR",
      "ID":2046415852,
      "Label":"",
      "Position":{
        "x":50.75784,
        "y":-0.53912
      },
      "OutputPinColourInfo":[{"PinColour":0,"PinID":995919985}],
      "InternalData":null
    },
    {
      "Name":"MS D LATCH WITH CLR",
      "ID":712549308,
      "Label":"",
      "Position":{
        "x":46.91338,
        "y":-0.58854
      },
      "OutputPinColourInfo":[{"PinColour":0,"PinID":995919985}],
      "InternalData":null
    },
    {
      "Name":"MS D LATCH WITH CLR",
      "ID":727526014,
      "Label":"",
      "Position":{
        "x":42.76482,
        "y":-0.48957
      },
      "OutputPinColourInfo":[{"PinColour":0,"PinID":995919985}],
      "InternalData":null
    },
    {
      "Name":"MS D LATCH WITH CLR",
      "ID":1126443684,
      "Label":"",
      "Position":{
        "x":38.92036,
        "y":-0.53899
      },
      "OutputPinColourInfo":[{"PinColour":0,"PinID":995919985}],
      "InternalData":null
    },
    {
      "Name":"MS D LATCH WITH CLR",
      "ID":1100623172,
      "Label":"",
      "Position":{
        "x":34.60698,
        "y":-0.6243
      },
      "OutputPinColourInfo":[{"PinColour":0,"PinID":995919985}],
      "InternalData":null
    },
    {
      "Name":"MS D LATCH WITH CLR",
      "ID":525445299,
      "Label":"",
      "Position":{
        "x":62.77121,
        "y":-0.32362
      },
      "OutputPinColourInfo":[{"PinColour":0,"PinID":995919985}],
      "InternalData":null
    }
  ],
  "Wires":[
    {
      "SourcePinAddress":{
        "PinID":0,
        "PinOwnerID":365805830
      },
      "TargetPinAddress":{
        "PinID":2030901329,
        "PinOwnerID":150688095
      },
      "ConnectionType":0,
      "ConnectedWireIndex":-1,
      "ConnectedWireSegmentIndex":-1,
      "Points":[{"x":0.0,"y":0.0},{"x":0.0,"y":0.0}]
    },
    {
      "SourcePinAddress":{
        "PinID":1931642737,
        "PinOwnerID":483380984
      },
      "TargetPinAddress":{
        "PinID":1660214207,
        "PinOwnerID":256590595
      },
      "ConnectionType":0,
      "ConnectedWireIndex":-1,
      "ConnectedWireSegmentIndex":-1,
      "Points":[{"x":0.0,"y":0.0},{"x":0.0,"y":0.0}]
    },
    {
      "SourcePinAddress":{
        "PinID":1931642737,
        "PinOwnerID":1569958523
      },
      "TargetPinAddress":{
        "PinID":1101441429,
        "PinOwnerID":256590595
      },
      "ConnectionType":0,
      "ConnectedWireIndex":-1,
      "ConnectedWireSegmentIndex":-1,
      "Points":[{"x":0.0,"y":0.0},{"x":0.0,"y":0.0}]
    },
    {
      "SourcePinAddress":{
        "PinID":0,
        "PinOwnerID":738129374
      },
      "TargetPinAddress":{
        "PinID":1116648463,
        "PinOwnerID":483380984
      },
      "ConnectionType":0,
      "ConnectedWireIndex":-1,
      "ConnectedWireSegmentIndex":-1,
      "Points":[{"x":0.0,"y":0.0},{"x":-2.65752,"y":0.52456},{"x":-2.65752,"y":-0.014},{"x":-2.65752,"y":-0.0412},{"x":0.0,"y":0.0}]
    },
    {
      "SourcePinAddress":{
        "PinID":14895395,
        "PinOwnerID":150688095
      },
      "TargetPinAddress":{
        "PinID":707504547,
        "PinOwnerID":483380984
      },
      "ConnectionType":0,
      "ConnectedWireIndex":-1,
      "ConnectedWireSegmentIndex":-1,
      "Points":[{"x":0.0,"y":0.0},{"x":-1.27718,"y":1.03916},{"x":-1.27718,"y":-0.31999},{"x":0.0,"y":0.0}]
    },
    {
      "SourcePinAddress":{
        "PinID":0,
        "PinOwnerID":365805830
      },
      "TargetPinAddress":{
        "PinID":1116648463,
        "PinOwnerID":1569958523
      },
      "ConnectionType":1,
      "ConnectedWireIndex":0,
      "ConnectedWireSegmentIndex":0,
      "Points":[{"x":-2.62517,"y":1.03121},{"x":-2.62517,"y":0.76117},{"x":-1.52877,"y":0.76117},{"x":-1.52877,"y":-0.65998},{"x":0.0,"y":0.0}]
    },
    {
      "SourcePinAddress":{
        "PinID":1931642737,
        "PinOwnerID":1342419807
      },
      "TargetPinAddress":{
        "PinID":1660214207,
        "PinOwnerID":959466701
      },
      "ConnectionType":0,
      "ConnectedWireIndex":-1,
      "ConnectedWireSegmentIndex":-1,
      "Points":[{"x":0.0,"y":0.0},{"x":0.0,"y":0.0}]
    },
    {
      "SourcePinAddress":{
        "PinID":1931642737,
        "PinOwnerID":1114921386
      },
      "TargetPinAddress":{
        "PinID":1101441429,
        "PinOwnerID":959466701
      },
      "ConnectionType":0,
      "ConnectedWireIndex":-1,
      "ConnectedWireSegmentIndex":-1,
      "Points":[{"x":0.0,"y":0.0},{"x":0.0,"y":0.0}]
    },
    {
      "SourcePinAddress":{
        "PinID":1931642737,
        "PinOwnerID":1295466075
      },
      "TargetPinAddress":{
        "PinID":1660214207,
        "PinOwnerID":486807461
      },
      "ConnectionType":0,
      "ConnectedWireIndex":-1,
      "ConnectedWireSegmentIndex":-1,
      "Points":[{"x":0.0,"y":0.0},{"x":0.0,"y":0.0}]
    },
    {
      "SourcePinAddress":{
        "PinID":1931642737,
        "PinOwnerID":250830228
      },
      "TargetPinAddress":{
        "PinID":1101441429,
        "PinOwnerID":486807461
      },
      "ConnectionType":0,
      "ConnectedWireIndex":-1,
      "ConnectedWireSegmentIndex":-1,
      "Points":[{"x":0.0,"y":0.0},{"x":0.0,"y":0.0}]
    },
    {
      "SourcePinAddress":{
        "PinID":1931642737,
        "PinOwnerID":358177442
      },
      "TargetPinAddress":{
        "PinID":1660214207,
        "PinOwnerID":1163244735
      },
      "ConnectionType":0,
      "ConnectedWireIndex":-1,
      "ConnectedWireSegmentIndex":-1,
      "Points":[{"x":0.0,"y":0.0},{"x":0.0,"y":0.0}]
    },
    {
      "SourcePinAddress":{
        "PinID":1931642737,
        "PinOwnerID":557567395
      },
      "TargetPinAddress":{
        "PinID":1101441429,
        "PinOwnerID":1163244735
      },
      "ConnectionType":0,
      "ConnectedWireIndex":-1,
      "ConnectedWireSegmentIndex":-1,
      "Points":[{"x":0.0,"y":0.0},{"x":0.0,"y":0.0}]
    },
    {
      "SourcePinAddress":{
        "PinID":14895395,
        "PinOwnerID":150688095
      },
      "TargetPinAddress":{
        "PinID":707504547,
        "PinOwnerID":358177442
      },
      "ConnectionType":1,
      "ConnectedWireIndex":4,
      "ConnectedWireSegmentIndex":0,
      "Points":[{"x":-1.27718,"y":1.03916},{"x":10.87253,"y":1.03916},{"x":10.87253,"y":-0.21308},{"x":0.0,"y":0.0}]
    },
    {
      "SourcePinAddress":{
        "PinID":0,
        "PinOwnerID":365805830
      },
      "TargetPinAddress":{
        "PinID":1116648463,
        "PinOwnerID":557567395
      },
      "ConnectionType":1,
      "ConnectedWireIndex":5,
      "ConnectedWireSegmentIndex":1,
      "Points":[{"x":-1.55087,"y":0.76117},{"x":10.70949,"y":0.76117},{"x":10.70949,"y":-0.52104},{"x":0.0,"y":0.0}]
    },
    {
      "SourcePinAddress":{
        "PinID":14895395,
        "PinOwnerID":150688095
      },
      "TargetPinAddress":{
        "PinID":707504547,
        "PinOwnerID":1342419807
      },
      "ConnectionType":1,
      "ConnectedWireIndex":12,
      "ConnectedWireSegmentIndex":0,
      "Points":[{"x":2.41941,"y":1.03916},{"x":2.41941,"y":-0.34107},{"x":0.0,"y":0.0}]
    },
    {
      "SourcePinAddress":{
        "PinID":14895395,
        "PinOwnerID":150688095
      },
      "TargetPinAddress":{
        "PinID":707504547,
        "PinOwnerID":1295466075
      },
      "ConnectionType":1,
      "ConnectedWireIndex":12,
      "ConnectedWireSegmentIndex":0,
      "Points":[{"x":7.07911,"y":1.03916},{"x":7.07911,"y":-0.19781},{"x":0.0,"y":0.0}]
    },
    {
      "SourcePinAddress":{
        "PinID":0,
        "PinOwnerID":365805830
      },
      "TargetPinAddress":{
        "PinID":1116648463,
        "PinOwnerID":1114921386
      },
      "ConnectionType":1,
      "ConnectedWireIndex":13,
      "ConnectedWireSegmentIndex":0,
      "Points":[{"x":2.50265,"y":0.76117},{"x":2.50265,"y":-0.67554},{"x":0.0,"y":0.0}]
    },
    {
      "SourcePinAddress":{
        "PinID":0,
        "PinOwnerID":365805830
      },
      "TargetPinAddress":{
        "PinID":1116648463,
        "PinOwnerID":250830228
      },
      "ConnectionType":1,
      "ConnectedWireIndex":13,
      "ConnectedWireSegmentIndex":0,
      "Points":[{"x":6.96348,"y":0.76117},{"x":6.96348,"y":-0.57476},{"x":0.0,"y":0.0}]
    },
    {
      "SourcePinAddress":{
        "PinID":1931642737,
        "PinOwnerID":1806310076
      },
      "TargetPinAddress":{
        "PinID":1660214207,
        "PinOwnerID":2081177816
      },
      "ConnectionType":0,
      "ConnectedWireIndex":-1,
      "ConnectedWireSegmentIndex":-1,
      "Points":[{"x":0.0,"y":0.0},{"x":0.0,"y":0.0}]
    },
    {
      "SourcePinAddress":{
        "PinID":1931642737,
        "PinOwnerID":976816732
      },
      "TargetPinAddress":{
        "PinID":1101441429,
        "PinOwnerID":2081177816
      },
      "ConnectionType":0,
      "ConnectedWireIndex":-1,
      "ConnectedWireSegmentIndex":-1,
      "Points":[{"x":0.0,"y":0.0},{"x":0.0,"y":0.0}]
    },
    {
      "SourcePinAddress":{
        "PinID":1931642737,
        "PinOwnerID":31085908
      },
      "TargetPinAddress":{
        "PinID":1660214207,
        "PinOwnerID":1167347526
      },
      "ConnectionType":0,
      "ConnectedWireIndex":-1,
      "ConnectedWireSegmentIndex":-1,
      "Points":[{"x":0.0,"y":0.0},{"x":0.0,"y":0.0}]
    },
    {
      "SourcePinAddress":{
        "PinID":1931642737,
        "PinOwnerID":1691090996
      },
      "TargetPinAddress":{
        "PinID":1101441429,
        "PinOwnerID":1167347526
      },
      "ConnectionType":0,
      "ConnectedWireIndex":-1,
      "ConnectedWireSegmentIndex":-1,
      "Points":[{"x":0.0,"y":0.0},{"x":0.0,"y":0.0}]
    },
    {
      "SourcePinAddress":{
        "PinID":1931642737,
        "PinOwnerID":584521682
      },
      "TargetPinAddress":{
        "PinID":1660214207,
        "PinOwnerID":714716153
      },
      "ConnectionType":0,
      "ConnectedWireIndex":-1,
      "ConnectedWireSegmentIndex":-1,
      "Points":[{"x":0.0,"y":0.0},{"x":0.0,"y":0.0}]
    },
    {
      "SourcePinAddress":{
        "PinID":1931642737,
        "PinOwnerID":1648530108
      },
      "TargetPinAddress":{
        "PinID":1101441429,
        "PinOwnerID":714716153
      },
      "ConnectionType":0,
      "ConnectedWireIndex":-1,
      "ConnectedWireSegmentIndex":-1,
      "Points":[{"x":0.0,"y":0.0},{"x":0.0,"y":0.0}]
    },
    {
      "SourcePinAddress":{
        "PinID":1931642737,
        "PinOwnerID":223396505
      },
      "TargetPinAddress":{
        "PinID":1660214207,
        "PinOwnerID":837593838
      },
      "ConnectionType":0,
      "ConnectedWireIndex":-1,
      "ConnectedWireSegmentIndex":-1,
      "Points":[{"x":0.0,"y":0.0},{"x":0.0,"y":0.0}]
    },
    {
      "SourcePinAddress":{
        "PinID":1931642737,
        "PinOwnerID":896141235
      },
      "TargetPinAddress":{
        "PinID":1101441429,
        "PinOwnerID":837593838
      },
      "ConnectionType":0,
      "ConnectedWireIndex":-1,
      "ConnectedWireSegmentIndex":-1,
      "Points":[{"x":0.0,"y":0.0},{"x":0.0,"y":0.0}]
    },
    {
      "SourcePinAddress":{
        "PinID":14895395,
        "PinOwnerID":150688095
      },
      "TargetPinAddress":{
        "PinID":707504547,
        "PinOwnerID":223396505
      },
      "ConnectionType":1,
      "ConnectedWireIndex":12,
      "ConnectedWireSegmentIndex":0,
      "Points":[{"x":10.82979,"y":1.03916},{"x":27.04547,"y":1.03916},{"x":27.04547,"y":-0.08386},{"x":0.0,"y":0.0}]
    },
    {
      "SourcePinAddress":{
        "PinID":14895395,
        "PinOwnerID":150688095
      },
      "TargetPinAddress":{
        "PinID":707504547,
        "PinOwnerID":584521682
      },
      "ConnectionType":1,
      "ConnectedWireIndex":26,
      "ConnectedWireSegmentIndex":0,
      "Points":[{"x":23.23914,"y":1.03916},{"x":23.23914,"y":-0.1521},{"x":0.0,"y":0.0}]
    },
    {
      "SourcePinAddress":{
        "PinID":14895395,
        "PinOwnerID":150688095
      },
      "TargetPinAddress":{
        "PinID":707504547,
        "PinOwnerID":31085908
      },
      "ConnectionType":1,
      "ConnectedWireIndex":26,
      "ConnectedWireSegmentIndex":0,
      "Points":[{"x":18.81865,"y":1.03916},{"x":18.81865,"y":-0.24308},{"x":0.0,"y":0.0}]
    },
    {
      "SourcePinAddress":{
        "PinID":14895395,
        "PinOwnerID":150688095
      },
      "TargetPinAddress":{
        "PinID":707504547,
        "PinOwnerID":1806310076
      },
      "ConnectionType":1,
      "ConnectedWireIndex":26,
      "ConnectedWireSegmentIndex":0,
      "Points":[{"x":14.94408,"y":1.03916},{"x":14.94408,"y":-0.22034},{"x":0.0,"y":0.0}]
    },
    {
      "SourcePinAddress":{
        "PinID":0,
        "PinOwnerID":365805830
      },
      "TargetPinAddress":{
        "PinID":1116648463,
        "PinOwnerID":896141235
      },
      "ConnectionType":1,
      "ConnectedWireIndex":13,
      "ConnectedWireSegmentIndex":1,
      "Points":[{"x":10.70949,"y":0.74931},{"x":26.96619,"y":0.74931},{"x":26.96619,"y":-0.43208},{"x":0.0,"y":0.0}]
    },
    {
      "SourcePinAddress":{
        "PinID":0,
        "PinOwnerID":365805830
      },
      "TargetPinAddress":{
        "PinID":1116648463,
        "PinOwnerID":1648530108
      },
      "ConnectionType":1,
      "ConnectedWireIndex":30,
      "ConnectedWireSegmentIndex":0,
      "Points":[{"x":23.0685,"y":0.74931},{"x":23.0685,"y":-0.43922},{"x":0.0,"y":0.0}]
    },
    {
      "SourcePinAddress":{
        "PinID":0,
        "PinOwnerID":365805830
      },
      "TargetPinAddress":{
        "PinID":1116648463,
        "PinOwnerID":1691090996
      },
      "ConnectionType":1,
      "ConnectedWireIndex":30,
      "ConnectedWireSegmentIndex":0,
      "Points":[{"x":18.69968,"y":0.74931},{"x":18.69968,"y":-0.53203},{"x":0.0,"y":0.0}]
    },
    {
      "SourcePinAddress":{
        "PinID":0,
        "PinOwnerID":365805830
      },
      "TargetPinAddress":{
        "PinID":1116648463,
        "PinOwnerID":976816732
      },
      "ConnectionType":1,
      "ConnectedWireIndex":30,
      "ConnectedWireSegmentIndex":0,
      "Points":[{"x":14.77344,"y":0.74931},{"x":14.77344,"y":-0.5463},{"x":0.0,"y":0.0}]
    },
    {
      "SourcePinAddress":{
        "PinID":1931642737,
        "PinOwnerID":1705441469
      },
      "TargetPinAddress":{
        "PinID":1660214207,
        "PinOwnerID":1277927271
      },
      "ConnectionType":0,
      "ConnectedWireIndex":-1,
      "ConnectedWireSegmentIndex":-1,
      "Points":[{"x":0.0,"y":0.0},{"x":0.0,"y":0.0}]
    },
    {
      "SourcePinAddress":{
        "PinID":1931642737,
        "PinOwnerID":1547551891
      },
      "TargetPinAddress":{
        "PinID":1101441429,
        "PinOwnerID":1277927271
      },
      "ConnectionType":0,
      "ConnectedWireIndex":-1,
      "ConnectedWireSegmentIndex":-1,
      "Points":[{"x":0.0,"y":0.0},{"x":0.0,"y":0.0}]
    },
    {
      "SourcePinAddress":{
        "PinID":1931642737,
        "PinOwnerID":419508123
      },
      "TargetPinAddress":{
        "PinID":1660214207,
        "PinOwnerID":1368263274
      },
      "ConnectionType":0,
      "ConnectedWireIndex":-1,
      "ConnectedWireSegmentIndex":-1,
      "Points":[{"x":0.0,"y":0.0},{"x":0.0,"y":0.0}]
    },
    {
      "SourcePinAddress":{
        "PinID":1931642737,
        "PinOwnerID":1114234690
      },
      "TargetPinAddress":{
        "PinID":1101441429,
        "PinOwnerID":1368263274
      },
      "ConnectionType":0,
      "ConnectedWireIndex":-1,
      "ConnectedWireSegmentIndex":-1,
      "Points":[{"x":0.0,"y":0.0},{"x":0.0,"y":0.0}]
    },
    {
      "SourcePinAddress":{
        "PinID":1931642737,
        "PinOwnerID":1220752667
      },
      "TargetPinAddress":{
        "PinID":1660214207,
        "PinOwnerID":1219655932
      },
      "ConnectionType":0,
      "ConnectedWireIndex":-1,
      "ConnectedWireSegmentIndex":-1,
      "Points":[{"x":0.0,"y":0.0},{"x":0.0,"y":0.0}]
    },
    {
      "SourcePinAddress":{
        "PinID":1931642737,
        "PinOwnerID":605413161
      },
      "TargetPinAddress":{
        "PinID":1101441429,
        "PinOwnerID":1219655932
      },
      "ConnectionType":0,
      "ConnectedWireIndex":-1,
      "ConnectedWireSegmentIndex":-1,
      "Points":[{"x":0.0,"y":0.0},{"x":0.0,"y":0.0}]
    },
    {
      "SourcePinAddress":{
        "PinID":1931642737,
        "PinOwnerID":347361684
      },
      "TargetPinAddress":{
        "PinID":1660214207,
        "PinOwnerID":1911132094
      },
      "ConnectionType":0,
      "ConnectedWireIndex":-1,
      "ConnectedWireSegmentIndex":-1,
      "Points":[{"x":0.0,"y":0.0},{"x":0.0,"y":0.0}]
    },
    {
      "SourcePinAddress":{
        "PinID":1931642737,
        "PinOwnerID":1729822160
      },
      "TargetPinAddress":{
        "PinID":1101441429,
        "PinOwnerID":1911132094
      },
      "ConnectionType":0,
      "ConnectedWireIndex":-1,
      "ConnectedWireSegmentIndex":-1,
      "Points":[{"x":0.0,"y":0.0},{"x":0.0,"y":0.0}]
    },
    {
      "SourcePinAddress":{
        "PinID":1931642737,
        "PinOwnerID":1939602822
      },
      "TargetPinAddress":{
        "PinID":1660214207,
        "PinOwnerID":710944393
      },
      "ConnectionType":0,
      "ConnectedWireIndex":-1,
      "ConnectedWireSegmentIndex":-1,
      "Points":[{"x":0.0,"y":0.0},{"x":0.0,"y":0.0}]
    },
    {
      "SourcePinAddress":{
        "PinID":1931642737,
        "PinOwnerID":1095909560
      },
      "TargetPinAddress":{
        "PinID":1101441429,
        "PinOwnerID":710944393
      },
      "ConnectionType":0,
      "ConnectedWireIndex":-1,
      "ConnectedWireSegmentIndex":-1,
      "Points":[{"x":0.0,"y":0.0},{"x":0.0,"y":0.0}]
    },
    {
      "SourcePinAddress":{
        "PinID":1931642737,
        "PinOwnerID":1919574955
      },
      "TargetPinAddress":{
        "PinID":1660214207,
        "PinOwnerID":134780937
      },
      "ConnectionType":0,
      "ConnectedWireIndex":-1,
      "ConnectedWireSegmentIndex":-1,
      "Points":[{"x":0.0,"y":0.0},{"x":0.0,"y":0.0}]
    },
    {
      "SourcePinAddress":{
        "PinID":1931642737,
        "PinOwnerID":84831881
      },
      "TargetPinAddress":{
        "PinID":1101441429,
        "PinOwnerID":134780937
      },
      "ConnectionType":0,
      "ConnectedWireIndex":-1,
      "ConnectedWireSegmentIndex":-1,
      "Points":[{"x":0.0,"y":0.0},{"x":0.0,"y":0.0}]
    },
    {
      "SourcePinAddress":{
        "PinID":1931642737,
        "PinOwnerID":325650897
      },
      "TargetPinAddress":{
        "PinID":1660214207,
        "PinOwnerID":798146900
      },
      "ConnectionType":0,
      "ConnectedWireIndex":-1,
      "ConnectedWireSegmentIndex":-1,
      "Points":[{"x":0.0,"y":0.0},{"x":0.0,"y":0.0}]
    },
    {
      "SourcePinAddress":{
        "PinID":1931642737,
        "PinOwnerID":1609647671
      },
      "TargetPinAddress":{
        "PinID":1101441429,
        "PinOwnerID":798146900
      },
      "ConnectionType":0,
      "ConnectedWireIndex":-1,
      "ConnectedWireSegmentIndex":-1,
      "Points":[{"x":0.0,"y":0.0},{"x":0.0,"y":0.0}]
    },
    {
      "SourcePinAddress":{
        "PinID":1931642737,
        "PinOwnerID":1789549185
      },
      "TargetPinAddress":{
        "PinID":1660214207,
        "PinOwnerID":1343084649
      },
      "ConnectionType":0,
      "ConnectedWireIndex":-1,
      "ConnectedWireSegmentIndex":-1,
      "Points":[{"x":0.0,"y":0.0},{"x":0.0,"y":0.0}]
    },
    {
      "SourcePinAddress":{
        "PinID":1931642737,
        "PinOwnerID":1150407509
      },
      "TargetPinAddress":{
        "PinID":1101441429,
        "PinOwnerID":1343084649
      },
      "ConnectionType":0,
      "ConnectedWireIndex":-1,
      "ConnectedWireSegmentIndex":-1,
      "Points":[{"x":0.0,"y":0.0},{"x":0.0,"y":0.0}]
    },
    {
      "SourcePinAddress":{
        "PinID":14895395,
        "PinOwnerID":150688095
      },
      "TargetPinAddress":{
        "PinID":707504547,
        "PinOwnerID":1705441469
      },
      "ConnectionType":1,
      "ConnectedWireIndex":26,
      "ConnectedWireSegmentIndex":1,
      "Points":[{"x":27.04547,"y":1.01052},{"x":31.75968,"y":1.01052},{"x":31.75968,"y":-0.04359},{"x":0.0,"y":0.0}]
    },
    {
      "SourcePinAddress":{
        "PinID":14895395,
        "PinOwnerID":150688095
      },
      "TargetPinAddress":{
        "PinID":707504547,
        "PinOwnerID":419508123
      },
      "ConnectionType":1,
      "ConnectedWireIndex":26,
      "ConnectedWireSegmentIndex":1,
      "Points":[{"x":27.04547,"y":1.01052},{"x":35.5999,"y":1.01052},{"x":35.5999,"y":-0.08845},{"x":0.0,"y":0.0}]
    },
    {
      "SourcePinAddress":{
        "PinID":14895395,
        "PinOwnerID":150688095
      },
      "TargetPinAddress":{
        "PinID":707504547,
        "PinOwnerID":1220752667
      },
      "ConnectionType":1,
      "ConnectedWireIndex":26,
      "ConnectedWireSegmentIndex":1,
      "Points":[{"x":27.04547,"y":1.01052},{"x":40.04128,"y":1.01052},{"x":40.04128,"y":0.04614},{"x":0.0,"y":0.0}]
    },
    {
      "SourcePinAddress":{
        "PinID":14895395,
        "PinOwnerID":150688095
      },
      "TargetPinAddress":{
        "PinID":707504547,
        "PinOwnerID":347361684
      },
      "ConnectionType":1,
      "ConnectedWireIndex":26,
      "ConnectedWireSegmentIndex":1,
      "Points":[{"x":27.04547,"y":1.01052},{"x":43.82766,"y":1.01052},{"x":43.82766,"y":0.07306},{"x":0.0,"y":0.0}]
    },
    {
      "SourcePinAddress":{
        "PinID":14895395,
        "PinOwnerID":150688095
      },
      "TargetPinAddress":{
        "PinID":707504547,
        "PinOwnerID":1939602822
      },
      "ConnectionType":1,
      "ConnectedWireIndex":26,
      "ConnectedWireSegmentIndex":1,
      "Points":[{"x":27.04547,"y":1.01052},{"x":47.9236,"y":1.01052},{"x":47.9236,"y":0.04165},{"x":0.0,"y":0.0}]
    },
    {
      "SourcePinAddress":{
        "PinID":14895395,
        "PinOwnerID":150688095
      },
      "TargetPinAddress":{
        "PinID":707504547,
        "PinOwnerID":1919574955
      },
      "ConnectionType":1,
      "ConnectedWireIndex":26,
      "ConnectedWireSegmentIndex":1,
      "Points":[{"x":27.04547,"y":1.01052},{"x":51.76741,"y":1.01052},{"x":51.76741,"y":0.06588},{"x":0.0,"y":0.0}]
    },
    {
      "SourcePinAddress":{
        "PinID":14895395,
        "PinOwnerID":150688095
      },
      "TargetPinAddress":{
        "PinID":707504547,
        "PinOwnerID":325650897
      },
      "ConnectionType":1,
      "ConnectedWireIndex":26,
      "ConnectedWireSegmentIndex":1,
      "Points":[{"x":27.04547,"y":1.01052},{"x":56.15226,"y":1.01052},{"x":56.15226,"y":0.21123},{"x":0.0,"y":0.0}]
    },
    {
      "SourcePinAddress":{
        "PinID":14895395,
        "PinOwnerID":150688095
      },
      "TargetPinAddress":{
        "PinID":707504547,
        "PinOwnerID":1789549185
      },
      "ConnectionType":1,
      "ConnectedWireIndex":26,
      "ConnectedWireSegmentIndex":1,
      "Points":[{"x":27.04547,"y":1.01052},{"x":59.93061,"y":1.01052},{"x":59.93061,"y":0.22313},{"x":0.0,"y":0.0}]
    },
    {
      "SourcePinAddress":{
        "PinID":0,
        "PinOwnerID":365805830
      },
      "TargetPinAddress":{
        "PinID":1116648463,
        "PinOwnerID":1547551891
      },
      "ConnectionType":1,
      "ConnectedWireIndex":30,
      "ConnectedWireSegmentIndex":0,
      "Points":[{"x":26.95155,"y":0.74931},{"x":31.6916,"y":0.74931},{"x":31.6916,"y":-0.33872},{"x":0.0,"y":0.0}]
    },
    {
      "SourcePinAddress":{
        "PinID":0,
        "PinOwnerID":365805830
      },
      "TargetPinAddress":{
        "PinID":1116648463,
        "PinOwnerID":1150407509
      },
      "ConnectionType":1,
      "ConnectedWireIndex":58,
      "ConnectedWireSegmentIndex":0,
      "Points":[{"x":31.68327,"y":0.74931},{"x":59.85138,"y":0.74931},{"x":59.85138,"y":-0.14475},{"x":0.0,"y":0.0}]
    },
    {
      "SourcePinAddress":{
        "PinID":0,
        "PinOwnerID":365805830
      },
      "TargetPinAddress":{
        "PinID":1116648463,
        "PinOwnerID":1609647671
      },
      "ConnectionType":1,
      "ConnectedWireIndex":59,
      "ConnectedWireSegmentIndex":0,
      "Points":[{"x":56.0708,"y":0.74931},{"x":56.0708,"y":-0.13682},{"x":0.0,"y":0.0}]
    },
    {
      "SourcePinAddress":{
        "PinID":0,
        "PinOwnerID":365805830
      },
      "TargetPinAddress":{
        "PinID":1116648463,
        "PinOwnerID":84831881
      },
      "ConnectionType":1,
      "ConnectedWireIndex":59,
      "ConnectedWireSegmentIndex":0,
      "Points":[{"x":51.66409,"y":0.74931},{"x":51.66409,"y":-0.20023},{"x":0.0,"y":0.0}]
    },
    {
      "SourcePinAddress":{
        "PinID":0,
        "PinOwnerID":365805830
      },
      "TargetPinAddress":{
        "PinID":1116648463,
        "PinOwnerID":1095909560
      },
      "ConnectionType":1,
      "ConnectedWireIndex":59,
      "ConnectedWireSegmentIndex":0,
      "Points":[{"x":47.82804,"y":0.74931},{"x":47.82804,"y":-0.23986},{"x":0.0,"y":0.0}]
    },
    {
      "SourcePinAddress":{
        "PinID":0,
        "PinOwnerID":365805830
      },
      "TargetPinAddress":{
        "PinID":1116648463,
        "PinOwnerID":1729822160
      },
      "ConnectionType":1,
      "ConnectedWireIndex":59,
      "ConnectedWireSegmentIndex":0,
      "Points":[{"x":43.7225,"y":0.74931},{"x":43.7225,"y":-0.23986},{"x":0.0,"y":0.0}]
    },
    {
      "SourcePinAddress":{
        "PinID":0,
        "PinOwnerID":365805830
      },
      "TargetPinAddress":{
        "PinID":1116648463,
        "PinOwnerID":605413161
      },
      "ConnectionType":1,
      "ConnectedWireIndex":59,
      "ConnectedWireSegmentIndex":0,
      "Points":[{"x":39.92607,"y":0.74931},{"x":39.92607,"y":-0.24778},{"x":0.0,"y":0.0}]
    },
    {
      "SourcePinAddress":{
        "PinID":0,
        "PinOwnerID":365805830
      },
      "TargetPinAddress":{
        "PinID":1116648463,
        "PinOwnerID":1114234690
      },
      "ConnectionType":1,
      "ConnectedWireIndex":59,
      "ConnectedWireSegmentIndex":0,
      "Points":[{"x":35.50351,"y":0.74931},{"x":35.50351,"y":-0.35082},{"x":0.0,"y":0.0}]
    },
    {
      "SourcePinAddress":{
        "PinID":1797483099,
        "PinOwnerID":256590595
      },
      "TargetPinAddress":{
        "PinID":1761855297,
        "PinOwnerID":255488685
      },
      "ConnectionType":0,
      "ConnectedWireIndex":-1,
      "ConnectedWireSegmentIndex":-1,
      "Points":[{"x":0.0,"y":0.0},{"x":0.0,"y":0.0}]
    },
    {
      "SourcePinAddress":{
        "PinID":0,
        "PinOwnerID":1572788086
      },
      "TargetPinAddress":{
        "PinID":890107289,
        "PinOwnerID":255488685
      },
      "ConnectionType":0,
      "ConnectedWireIndex":-1,
      "ConnectedWireSegmentIndex":-1,
      "Points":[{"x":0.0,"y":0.0},{"x":0.55111,"y":-2.78604},{"x":0.55111,"y":-0.8348},{"x":0.0,"y":0.0}]
    },
    {
      "SourcePinAddress":{
        "PinID":995919985,
        "PinOwnerID":255488685
      },
      "TargetPinAddress":{
        "PinID":1116648463,
        "PinOwnerID":1342419807
      },
      "ConnectionType":0,
      "ConnectedWireIndex":-1,
      "ConnectedWireSegmentIndex":-1,
      "Points":[{"x":0.0,"y":0.0},{"x":2.62531,"y":-1.09693},{"x":2.62531,"y":-0.03385},{"x":0.0,"y":0.0}]
    },
    {
      "SourcePinAddress":{
        "PinID":1797483099,
        "PinOwnerID":959466701
      },
      "TargetPinAddress":{
        "PinID":1761855297,
        "PinOwnerID":1097970510
      },
      "ConnectionType":0,
      "ConnectedWireIndex":-1,
      "ConnectedWireSegmentIndex":-1,
      "Points":[{"x":0.0,"y":0.0},{"x":0.0,"y":0.0}]
    },
    {
      "SourcePinAddress":{
        "PinID":0,
        "PinOwnerID":1572788086
      },
      "TargetPinAddress":{
        "PinID":890107289,
        "PinOwnerID":1097970510
      },
      "ConnectionType":0,
      "ConnectedWireIndex":-1,
      "ConnectedWireSegmentIndex":-1,
      "Points":[{"x":0.0,"y":0.0},{"x":0.82842,"y":-2.78604},{"x":4.41801,"y":-2.78604},{"x":4.41801,"y":-0.85213},{"x":0.0,"y":0.0}]
    },
    {
      "SourcePinAddress":{
        "PinID":995919985,
        "PinOwnerID":1097970510
      },
      "TargetPinAddress":{
        "PinID":1116648463,
        "PinOwnerID":1295466075
      },
      "ConnectionType":0,
      "ConnectedWireIndex":-1,
      "ConnectedWireSegmentIndex":-1,
      "Points":[{"x":0.0,"y":0.0},{"x":7.08826,"y":-0.85213},{"x":7.08826,"y":0.06303},{"x":0.0,"y":0.0}]
    },
    {
      "SourcePinAddress":{
        "PinID":995919985,
        "PinOwnerID":1097970510
      },
      "TargetPinAddress":{
        "PinID":707504547,
        "PinOwnerID":1569958523
      },
      "ConnectionType":1,
      "ConnectedWireIndex":71,
      "ConnectedWireSegmentIndex":0,
      "Points":[{"x":7.08826,"y":-0.85213},{"x":7.08826,"y":-2.11726},{"x":-1.2385,"y":-2.11726},{"x":-1.2385,"y":-0.93325},{"x":0.0,"y":0.0}]
    },
    {
      "SourcePinAddress":{
        "PinID":1797483099,
        "PinOwnerID":486807461
      },
      "TargetPinAddress":{
        "PinID":1761855297,
        "PinOwnerID":1299319540
      },
      "ConnectionType":0,
      "ConnectedWireIndex":-1,
      "ConnectedWireSegmentIndex":-1,
      "Points":[{"x":0.0,"y":0.0},{"x":0.0,"y":0.0}]
    },
    {
      "SourcePinAddress":{
        "PinID":0,
        "PinOwnerID":1572788086
      },
      "TargetPinAddress":{
        "PinID":890107289,
        "PinOwnerID":1299319540
      },
      "ConnectionType":0,
      "ConnectedWireIndex":-1,
      "ConnectedWireSegmentIndex":-1,
      "Points":[{"x":0.0,"y":0.0},{"x":0.82842,"y":-2.78604},{"x":8.8219,"y":-2.78604},{"x":8.8219,"y":-0.73398},{"x":0.0,"y":0.0}]
    },
    {
      "SourcePinAddress":{
        "PinID":995919985,
        "PinOwnerID":1299319540
      },
      "TargetPinAddress":{
        "PinID":707504547,
        "PinOwnerID":1114921386
      },
      "ConnectionType":0,
      "ConnectedWireIndex":-1,
      "ConnectedWireSegmentIndex":-1,
      "Points":[{"x":0.0,"y":0.0},{"x":10.83654,"y":-0.71911},{"x":10.83654,"y":-2.03148},{"x":2.7534,"y":-2.03148},{"x":2.7534,"y":-0.91566},{"x":0.0,"y":0.0}]
    },
    {
      "SourcePinAddress":{
        "PinID":995919985,
        "PinOwnerID":1299319540
      },
      "TargetPinAddress":{
        "PinID":1116648463,
        "PinOwnerID":358177442
      },
      "ConnectionType":1,
      "ConnectedWireIndex":75,
      "ConnectedWireSegmentIndex":0,
      "Points":[{"x":10.83578,"y":-0.71935},{"x":10.83578,"y":0.11991},{"x":0.0,"y":0.0}]
    },
    {
      "SourcePinAddress":{
        "PinID":995919985,
        "PinOwnerID":255488685
      },
      "TargetPinAddress":{
        "PinID":0,
        "PinOwnerID":1064334865
      },
      "ConnectionType":0,
      "ConnectedWireIndex":-1,
      "ConnectedWireSegmentIndex":-1,
      "Points":[{"x":0.0,"y":0.0},{"x":2.62632,"y":-1.61723},{"x":0.0,"y":0.0}]
    },
    {
      "SourcePinAddress":{
        "PinID":1797483099,
        "PinOwnerID":714716153
      },
      "TargetPinAddress":{
        "PinID":1761855297,
        "PinOwnerID":665801138
      },
      "ConnectionType":0,
      "ConnectedWireIndex":-1,
      "ConnectedWireSegmentIndex":-1,
      "Points":[{"x":0.0,"y":0.0},{"x":0.0,"y":0.0}]
    },
    {
      "SourcePinAddress":{
        "PinID":1797483099,
        "PinOwnerID":837593838
      },
      "TargetPinAddress":{
        "PinID":1761855297,
        "PinOwnerID":1391645443
      },
      "ConnectionType":0,
      "ConnectedWireIndex":-1,
      "ConnectedWireSegmentIndex":-1,
      "Points":[{"x":0.0,"y":0.0},{"x":0.0,"y":0.0}]
    },
    {
      "SourcePinAddress":{
        "PinID":1797483099,
        "PinOwnerID":1167347526
      },
      "TargetPinAddress":{
        "PinID":1761855297,
        "PinOwnerID":785750401
      },
      "ConnectionType":0,
      "ConnectedWireIndex":-1,
      "ConnectedWireSegmentIndex":-1,
      "Points":[{"x":0.0,"y":0.0},{"x":0.0,"y":0.0}]
    },
    {
      "SourcePinAddress":{
        "PinID":1797483099,
        "PinOwnerID":2081177816
      },
      "TargetPinAddress":{
        "PinID":1761855297,
        "PinOwnerID":1798918836
      },
      "ConnectionType":0,
      "ConnectedWireIndex":-1,
      "ConnectedWireSegmentIndex":-1,
      "Points":[{"x":0.0,"y":0.0},{"x":0.0,"y":0.0}]
    },
    {
      "SourcePinAddress":{
        "PinID":1797483099,
        "PinOwnerID":1163244735
      },
      "TargetPinAddress":{
        "PinID":1761855297,
        "PinOwnerID":896632782
      },
      "ConnectionType":0,
      "ConnectedWireIndex":-1,
      "ConnectedWireSegmentIndex":-1,
      "Points":[{"x":0.0,"y":0.0},{"x":0.0,"y":0.0}]
    },
    {
      "SourcePinAddress":{
        "PinID":0,
        "PinOwnerID":1572788086
      },
      "TargetPinAddress":{
        "PinID":890107289,
        "PinOwnerID":896632782
      },
      "ConnectionType":0,
      "ConnectedWireIndex":-1,
      "ConnectedWireSegmentIndex":-1,
      "Points":[{"x":0.0,"y":0.0},{"x":0.82842,"y":-2.78604},{"x":12.62142,"y":-2.78604},{"x":12.62142,"y":-0.7174},{"x":0.0,"y":0.0}]
    },
    {
      "SourcePinAddress":{
        "PinID":0,
        "PinOwnerID":1572788086
      },
      "TargetPinAddress":{
        "PinID":890107289,
        "PinOwnerID":1798918836
      },
      "ConnectionType":0,
      "ConnectedWireIndex":-1,
      "ConnectedWireSegmentIndex":-1,
      "Points":[{"x":0.0,"y":0.0},{"x":0.82842,"y":-2.78604},{"x":12.99504,"y":-2.78604},{"x":12.99504,"y":-2.76142},{"x":16.75323,"y":-2.76142},{"x":16.75323,"y":-0.81637},{"x":0.0,"y":0.0}]
    },
    {
      "SourcePinAddress":{
        "PinID":0,
        "PinOwnerID":1572788086
      },
      "TargetPinAddress":{
        "PinID":890107289,
        "PinOwnerID":785750401
      },
      "ConnectionType":0,
      "ConnectedWireIndex":-1,
      "ConnectedWireSegmentIndex":-1,
      "Points":[{"x":0.0,"y":0.0},{"x":0.82842,"y":-2.78604},{"x":12.99504,"y":-2.78604},{"x":12.99504,"y":-2.76142},{"x":20.62018,"y":-2.76142},{"x":20.62018,"y":-0.76695},{"x":0.0,"y":0.0}]
    },
    {
      "SourcePinAddress":{
        "PinID":0,
        "PinOwnerID":1572788086
      },
      "TargetPinAddress":{
        "PinID":890107289,
        "PinOwnerID":665801138
      },
      "ConnectionType":0,
      "ConnectedWireIndex":-1,
      "ConnectedWireSegmentIndex":-1,
      "Points":[{"x":0.0,"y":0.0},{"x":0.82842,"y":-2.78604},{"x":12.99504,"y":-2.78604},{"x":12.99504,"y":-2.76142},{"x":25.01685,"y":-2.76142},{"x":25.01685,"y":-0.62562},{"x":0.0,"y":0.0}]
    },
    {
      "SourcePinAddress":{
        "PinID":0,
        "PinOwnerID":1572788086
      },
      "TargetPinAddress":{
        "PinID":890107289,
        "PinOwnerID":1391645443
      },
      "ConnectionType":0,
      "ConnectedWireIndex":-1,
      "ConnectedWireSegmentIndex":-1,
      "Points":[{"x":0.0,"y":0.0},{"x":0.82842,"y":-2.78604},{"x":12.99504,"y":-2.78604},{"x":12.99504,"y":-2.76142},{"x":25.47004,"y":-2.76142},{"x":28.83083,"y":-2.76142},{"x":28.83083,"y":-0.57621},{"x":0.0,"y":0.0}]
    },
    {
      "SourcePinAddress":{
        "PinID":995919985,
        "PinOwnerID":896632782
      },
      "TargetPinAddress":{
        "PinID":1116648463,
        "PinOwnerID":1806310076
      },
      "ConnectionType":0,
      "ConnectedWireIndex":-1,
      "ConnectedWireSegmentIndex":-1,
      "Points":[{"x":0.0,"y":0.0},{"x":14.87272,"y":-0.7174},{"x":14.87272,"y":0.06322},{"x":0.0,"y":0.0}]
    },
    {
      "SourcePinAddress":{
        "PinID":995919985,
        "PinOwnerID":1798918836
      },
      "TargetPinAddress":{
        "PinID":1116648463,
        "PinOwnerID":31085908
      },
      "ConnectionType":0,
      "ConnectedWireIndex":-1,
      "ConnectedWireSegmentIndex":-1,
      "Points":[{"x":0.0,"y":0.0},{"x":18.83238,"y":-0.81637},{"x":18.83238,"y":0.04998},{"x":0.0,"y":0.0}]
    },
    {
      "SourcePinAddress":{
        "PinID":995919985,
        "PinOwnerID":785750401
      },
      "TargetPinAddress":{
        "PinID":1116648463,
        "PinOwnerID":584521682
      },
      "ConnectionType":0,
      "ConnectedWireIndex":-1,
      "ConnectedWireSegmentIndex":-1,
      "Points":[{"x":0.0,"y":0.0},{"x":23.05689,"y":-0.76695},{"x":23.05689,"y":0.22213},{"x":0.0,"y":0.0}]
    },
    {
      "SourcePinAddress":{
        "PinID":995919985,
        "PinOwnerID":665801138
      },
      "TargetPinAddress":{
        "PinID":1116648463,
        "PinOwnerID":223396505
      },
      "ConnectionType":0,
      "ConnectedWireIndex":-1,
      "ConnectedWireSegmentIndex":-1,
      "Points":[{"x":0.0,"y":0.0},{"x":27.11242,"y":-0.62562},{"x":27.11242,"y":0.18611},{"x":0.0,"y":0.0}]
    },
    {
      "SourcePinAddress":{
        "PinID":995919985,
        "PinOwnerID":896632782
      },
      "TargetPinAddress":{
        "PinID":707504547,
        "PinOwnerID":250830228
      },
      "ConnectionType":1,
      "ConnectedWireIndex":88,
      "ConnectedWireSegmentIndex":0,
      "Points":[{"x":14.87272,"y":-0.7174},{"x":14.87272,"y":-1.9594},{"x":7.17884,"y":-1.9594},{"x":7.17884,"y":-0.79652},{"x":0.0,"y":0.0}]
    },
    {
      "SourcePinAddress":{
        "PinID":995919985,
        "PinOwnerID":1798918836
      },
      "TargetPinAddress":{
        "PinID":707504547,
        "PinOwnerID":557567395
      },
      "ConnectionType":1,
      "ConnectedWireIndex":89,
      "ConnectedWireSegmentIndex":0,
      "Points":[{"x":18.82664,"y":-0.81637},{"x":18.82664,"y":-1.71462},{"x":18.82664,"y":-1.83518},{"x":10.9347,"y":-1.83518},{"x":10.9347,"y":-0.77797},{"x":0.0,"y":0.0}]
    },
    {
      "SourcePinAddress":{
        "PinID":995919985,
        "PinOwnerID":785750401
      },
      "TargetPinAddress":{
        "PinID":707504547,
        "PinOwnerID":976816732
      },
      "ConnectionType":1,
      "ConnectedWireIndex":90,
      "ConnectedWireSegmentIndex":0,
      "Points":[{"x":23.05689,"y":-0.76695},{"x":23.05689,"y":-1.90937},{"x":15.12643,"y":-1.90937},{"x":15.12643,"y":-0.80579},{"x":0.0,"y":0.0}]
    },
    {
      "SourcePinAddress":{
        "PinID":995919985,
        "PinOwnerID":665801138
      },
      "TargetPinAddress":{
        "PinID":707504547,
        "PinOwnerID":1691090996
      },
      "ConnectionType":1,
      "ConnectedWireIndex":91,
      "ConnectedWireSegmentIndex":0,
      "Points":[{"x":27.11242,"y":-0.62562},{"x":27.11242,"y":-1.80897},{"x":18.90502,"y":-1.80897},{"x":18.90502,"y":-0.79237},{"x":0.0,"y":0.0}]
    },
    {
      "SourcePinAddress":{
        "PinID":995919985,
        "PinOwnerID":1391645443
      },
      "TargetPinAddress":{
        "PinID":1116648463,
        "PinOwnerID":1705441469
      },
      "ConnectionType":0,
      "ConnectedWireIndex":-1,
      "ConnectedWireSegmentIndex":-1,
      "Points":[{"x":0.0,"y":0.0},{"x":31.52707,"y":-0.57621},{"x":31.52707,"y":0.22394},{"x":0.0,"y":0.0}]
    },
    {
      "SourcePinAddress":{
        "PinID":995919985,
        "PinOwnerID":1391645443
      },
      "TargetPinAddress":{
        "PinID":707504547,
        "PinOwnerID":1648530108
      },
      "ConnectionType":1,
      "ConnectedWireIndex":96,
      "ConnectedWireSegmentIndex":0,
      "Points":[{"x":31.52707,"y":-0.57621},{"x":31.52707,"y":-1.83953},{"x":23.24485,"y":-1.83953},{"x":23.24485,"y":-0.64373},{"x":0.0,"y":0.0}]
    },
    {
      "SourcePinAddress":{
        "PinID":1797483099,
        "PinOwnerID":1277927271
      },
      "TargetPinAddress":{
        "PinID":1761855297,
        "PinOwnerID":1100623172
      },
      "ConnectionType":0,
      "ConnectedWireIndex":-1,
      "ConnectedWireSegmentIndex":-1,
      "Points":[{"x":0.0,"y":0.0},{"x":0.0,"y":0.0}]
    },
    {
      "SourcePinAddress":{
        "PinID":1797483099,
        "PinOwnerID":1368263274
      },
      "TargetPinAddress":{
        "PinID":1761855297,
        "PinOwnerID":1126443684
      },
      "ConnectionType":0,
      "ConnectedWireIndex":-1,
      "ConnectedWireSegmentIndex":-1,
      "Points":[{"x":0.0,"y":0.0},{"x":0.0,"y":0.0}]
    },
    {
      "SourcePinAddress":{
        "PinID":1797483099,
        "PinOwnerID":1219655932
      },
      "TargetPinAddress":{
        "PinID":1761855297,
        "PinOwnerID":727526014
      },
      "ConnectionType":0,
      "ConnectedWireIndex":-1,
      "ConnectedWireSegmentIndex":-1,
      "Points":[{"x":0.0,"y":0.0},{"x":0.0,"y":0.0}]
    },
    {
      "SourcePinAddress":{
        "PinID":1797483099,
        "PinOwnerID":1911132094
      },
      "TargetPinAddress":{
        "PinID":1761855297,
        "PinOwnerID":712549308
      },
      "ConnectionType":0,
      "ConnectedWireIndex":-1,
      "ConnectedWireSegmentIndex":-1,
      "Points":[{"x":0.0,"y":0.0},{"x":45.92811,"y":-0.36532},{"x":0.0,"y":0.0}]
    },
    {
      "SourcePinAddress":{
        "PinID":1797483099,
        "PinOwnerID":710944393
      },
      "TargetPinAddress":{
        "PinID":1761855297,
        "PinOwnerID":2046415852
      },
      "ConnectionType":0,
      "ConnectedWireIndex":-1,
      "ConnectedWireSegmentIndex":-1,
      "Points":[{"x":0.0,"y":0.0},{"x":0.0,"y":0.0}]
    },
    {
      "SourcePinAddress":{
        "PinID":1797483099,
        "PinOwnerID":134780937
      },
      "TargetPinAddress":{
        "PinID":1761855297,
        "PinOwnerID":647789254
      },
      "ConnectionType":0,
      "ConnectedWireIndex":-1,
      "ConnectedWireSegmentIndex":-1,
      "Points":[{"x":0.0,"y":0.0},{"x":0.0,"y":0.0}]
    },
    {
      "SourcePinAddress":{
        "PinID":1797483099,
        "PinOwnerID":798146900
      },
      "TargetPinAddress":{
        "PinID":1761855297,
        "PinOwnerID":182185886
      },
      "ConnectionType":0,
      "ConnectedWireIndex":-1,
      "ConnectedWireSegmentIndex":-1,
      "Points":[{"x":0.0,"y":0.0},{"x":0.0,"y":0.0}]
    },
    {
      "SourcePinAddress":{
        "PinID":0,
        "PinOwnerID":1572788086
      },
      "TargetPinAddress":{
        "PinID":890107289,
        "PinOwnerID":1100623172
      },
      "ConnectionType":0,
      "ConnectedWireIndex":-1,
      "ConnectedWireSegmentIndex":-1,
      "Points":[{"x":0.0,"y":0.0},{"x":0.82842,"y":-2.78604},{"x":12.99504,"y":-2.78604},{"x":12.99504,"y":-2.76142},{"x":25.47004,"y":-2.76142},{"x":28.98223,"y":-2.76142},{"x":33.49477,"y":-2.76142},{"x":33.49477,"y":-2.81347},{"x":33.49477,"y":-0.6243},{"x":0.0,"y":0.0}]
    },
    {
      "SourcePinAddress":{
        "PinID":0,
        "PinOwnerID":1572788086
      },
      "TargetPinAddress":{
        "PinID":890107289,
        "PinOwnerID":1126443684
      },
      "ConnectionType":0,
      "ConnectedWireIndex":-1,
      "ConnectedWireSegmentIndex":-1,
      "Points":[{"x":0.0,"y":0.0},{"x":0.82842,"y":-2.78604},{"x":12.99504,"y":-2.78604},{"x":12.99504,"y":-2.76142},{"x":25.47004,"y":-2.76142},{"x":28.98223,"y":-2.76142},{"x":33.83458,"y":-2.76142},{"x":37.75842,"y":-2.76142},{"x":37.75842,"y":-0.53899},{"x":0.0,"y":0.0}]
    },
    {
      "SourcePinAddress":{
        "PinID":0,
        "PinOwnerID":1572788086
      },
      "TargetPinAddress":{
        "PinID":890107289,
        "PinOwnerID":727526014
      },
      "ConnectionType":0,
      "ConnectedWireIndex":-1,
      "ConnectedWireSegmentIndex":-1,
      "Points":[{"x":0.0,"y":0.0},{"x":0.82842,"y":-2.78604},{"x":12.99504,"y":-2.78604},{"x":12.99504,"y":-2.76142},{"x":25.47004,"y":-2.76142},{"x":28.98223,"y":-2.76142},{"x":33.83458,"y":-2.76142},{"x":37.76015,"y":-2.76142},{"x":41.66447,"y":-2.76142},{"x":41.66447,"y":-0.48957},{"x":0.0,"y":0.0}]
    },
    {
      "SourcePinAddress":{
        "PinID":0,
        "PinOwnerID":1572788086
      },
      "TargetPinAddress":{
        "PinID":890107289,
        "PinOwnerID":712549308
      },
      "ConnectionType":0,
      "ConnectedWireIndex":-1,
      "ConnectedWireSegmentIndex":-1,
      "Points":[{"x":0.0,"y":0.0},{"x":0.82842,"y":-2.78604},{"x":12.99504,"y":-2.78604},{"x":12.99504,"y":-2.76142},{"x":25.47004,"y":-2.76142},{"x":28.98223,"y":-2.76142},{"x":33.83458,"y":-2.76142},{"x":37.76015,"y":-2.76142},{"x":41.9361,"y":-2.76142},{"x":41.9361,"y":-2.73224},{"x":45.73556,"y":-2.73224},{"x":45.73556,"y":-2.78596},{"x":45.73556,"y":-0.58854},{"x":0.0,"y":0.0}]
    },
    {
      "SourcePinAddress":{
        "PinID":0,
        "PinOwnerID":1572788086
      },
      "TargetPinAddress":{
        "PinID":890107289,
        "PinOwnerID":2046415852
      },
      "ConnectionType":0,
      "ConnectedWireIndex":-1,
      "ConnectedWireSegmentIndex":-1,
      "Points":[{"x":0.0,"y":0.0},{"x":0.82842,"y":-2.78604},{"x":12.99504,"y":-2.78604},{"x":12.99504,"y":-2.76142},{"x":25.47004,"y":-2.76142},{"x":28.98223,"y":-2.76142},{"x":33.83458,"y":-2.76142},{"x":37.76015,"y":-2.76142},{"x":41.9361,"y":-2.76142},{"x":41.9361,"y":-2.73224},{"x":45.9177,"y":-2.73224},{"x":45.9177,"y":-2.72145},{"x":49.69662,"y":-2.72145},{"x":49.69662,"y":-0.53912},{"x":0.0,"y":0.0}]
    },
    {
      "SourcePinAddress":{
        "PinID":0,
        "PinOwnerID":1572788086
      },
      "TargetPinAddress":{
        "PinID":890107289,
        "PinOwnerID":647789254
      },
      "ConnectionType":0,
      "ConnectedWireIndex":-1,
      "ConnectedWireSegmentIndex":-1,
      "Points":[{"x":0.0,"y":0.0},{"x":0.82842,"y":-2.78604},{"x":12.99504,"y":-2.78604},{"x":12.99504,"y":-2.76142},{"x":25.47004,"y":-2.76142},{"x":28.98223,"y":-2.76142},{"x":33.83458,"y":-2.76142},{"x":37.76015,"y":-2.76142},{"x":41.9361,"y":-2.76142},{"x":41.9361,"y":-2.73224},{"x":45.9177,"y":-2.73224},{"x":45.9177,"y":-2.72145},{"x":49.98562,"y":-2.72145},{"x":49.98562,"y":-2.71066},{"x":53.72646,"y":-2.71066},{"x":53.72646,"y":-0.4253},{"x":0.0,"y":0.0}]
    },
    {
      "SourcePinAddress":{
        "PinID":0,
        "PinOwnerID":1572788086
      },
      "TargetPinAddress":{
        "PinID":890107289,
        "PinOwnerID":182185886
      },
      "ConnectionType":0,
      "ConnectedWireIndex":-1,
      "ConnectedWireSegmentIndex":-1,
      "Points":[{"x":0.0,"y":0.0},{"x":0.82842,"y":-2.78604},{"x":12.99504,"y":-2.78604},{"x":12.99504,"y":-2.76142},{"x":25.47004,"y":-2.76142},{"x":28.98223,"y":-2.76142},{"x":33.83458,"y":-2.76142},{"x":37.76015,"y":-2.76142},{"x":41.9361,"y":-2.76142},{"x":41.9361,"y":-2.73224},{"x":45.9177,"y":-2.73224},{"x":45.9177,"y":-2.72145},{"x":49.98562,"y":-2.72145},{"x":49.98562,"y":-2.71066},{"x":53.85931,"y":-2.71066},{"x":57.9901,"y":-2.71066},{"x":57.9901,"y":-0.34838},{"x":0.0,"y":0.0}]
    },
    {
      "SourcePinAddress":{
        "PinID":995919985,
        "PinOwnerID":1100623172
      },
      "TargetPinAddress":{
        "PinID":1116648463,
        "PinOwnerID":419508123
      },
      "ConnectionType":0,
      "ConnectedWireIndex":-1,
      "ConnectedWireSegmentIndex":-1,
      "Points":[{"x":0.0,"y":0.0},{"x":35.62087,"y":-0.6243},{"x":35.62087,"y":0.2472},{"x":0.0,"y":0.0}]
    },
    {
      "SourcePinAddress":{
        "PinID":995919985,
        "PinOwnerID":1126443684
      },
      "TargetPinAddress":{
        "PinID":1116648463,
        "PinOwnerID":1220752667
      },
      "ConnectionType":0,
      "ConnectedWireIndex":-1,
      "ConnectedWireSegmentIndex":-1,
      "Points":[{"x":0.0,"y":0.0},{"x":40.03119,"y":-0.53899},{"x":40.03119,"y":0.3661},{"x":0.0,"y":0.0}]
    },
    {
      "SourcePinAddress":{
        "PinID":995919985,
        "PinOwnerID":727526014
      },
      "TargetPinAddress":{
        "PinID":1116648463,
        "PinOwnerID":347361684
      },
      "ConnectionType":0,
      "ConnectedWireIndex":-1,
      "ConnectedWireSegmentIndex":-1,
      "Points":[{"x":0.0,"y":0.0},{"x":43.78212,"y":-0.48957},{"x":43.78212,"y":0.39853},{"x":0.0,"y":0.0}]
    },
    {
      "SourcePinAddress":{
        "PinID":995919985,
        "PinOwnerID":712549308
      },
      "TargetPinAddress":{
        "PinID":1116648463,
        "PinOwnerID":1939602822
      },
      "ConnectionType":0,
      "ConnectedWireIndex":-1,
      "ConnectedWireSegmentIndex":-1,
      "Points":[{"x":0.0,"y":0.0},{"x":47.88977,"y":-0.58854},{"x":47.88977,"y":0.32286},{"x":0.0,"y":0.0}]
    },
    {
      "SourcePinAddress":{
        "PinID":995919985,
        "PinOwnerID":2046415852
      },
      "TargetPinAddress":{
        "PinID":1116648463,
        "PinOwnerID":1919574955
      },
      "ConnectionType":0,
      "ConnectedWireIndex":-1,
      "ConnectedWireSegmentIndex":-1,
      "Points":[{"x":0.0,"y":0.0},{"x":51.75961,"y":-0.53912},{"x":51.75961,"y":0.31205},{"x":0.0,"y":0.0}]
    },
    {
      "SourcePinAddress":{
        "PinID":995919985,
        "PinOwnerID":647789254
      },
      "TargetPinAddress":{
        "PinID":1116648463,
        "PinOwnerID":325650897
      },
      "ConnectionType":0,
      "ConnectedWireIndex":-1,
      "ConnectedWireSegmentIndex":-1,
      "Points":[{"x":0.0,"y":0.0},{"x":55.89752,"y":-0.4253},{"x":55.89752,"y":0.50014},{"x":0.0,"y":0.0}]
    },
    {
      "SourcePinAddress":{
        "PinID":995919985,
        "PinOwnerID":182185886
      },
      "TargetPinAddress":{
        "PinID":1116648463,
        "PinOwnerID":1789549185
      },
      "ConnectionType":0,
      "ConnectedWireIndex":-1,
      "ConnectedWireSegmentIndex":-1,
      "Points":[{"x":0.0,"y":0.0},{"x":60.00399,"y":-0.34838},{"x":60.00399,"y":0.51473},{"x":0.0,"y":0.0}]
    },
    {
      "SourcePinAddress":{
        "PinID":995919985,
        "PinOwnerID":1100623172
      },
      "TargetPinAddress":{
        "PinID":707504547,
        "PinOwnerID":896141235
      },
      "ConnectionType":1,
      "ConnectedWireIndex":112,
      "ConnectedWireSegmentIndex":0,
      "Points":[{"x":35.62087,"y":-0.6243},{"x":35.62087,"y":-1.79407},{"x":27.16075,"y":-1.79407},{"x":27.16075,"y":-0.71724},{"x":0.0,"y":0.0}]
    },
    {
      "SourcePinAddress":{
        "PinID":995919985,
        "PinOwnerID":1126443684
      },
      "TargetPinAddress":{
        "PinID":707504547,
        "PinOwnerID":1547551891
      },
      "ConnectionType":1,
      "ConnectedWireIndex":113,
      "ConnectedWireSegmentIndex":0,
      "Points":[{"x":40.03119,"y":-0.53899},{"x":40.03119,"y":-1.64934},{"x":33.26083,"y":-1.64934},{"x":31.71367,"y":-1.64934},{"x":31.71367,"y":-0.61097},{"x":0.0,"y":0.0}]
    },
    {
      "SourcePinAddress":{
        "PinID":995919985,
        "PinOwnerID":727526014
      },
      "TargetPinAddress":{
        "PinID":707504547,
        "PinOwnerID":1114234690
      },
      "ConnectionType":1,
      "ConnectedWireIndex":114,
      "ConnectedWireSegmentIndex":0,
      "Points":[{"x":43.7691,"y":-0.48957},{"x":43.7691,"y":-1.43128},{"x":43.7691,"y":-1.56627},{"x":35.5037,"y":-1.56627},{"x":35.5037,"y":-0.84979},{"x":0.0,"y":0.0}]
    },
    {
      "SourcePinAddress":{
        "PinID":995919985,
        "PinOwnerID":712549308
      },
      "TargetPinAddress":{
        "PinID":707504547,
        "PinOwnerID":605413161
      },
      "ConnectionType":1,
      "ConnectedWireIndex":115,
      "ConnectedWireSegmentIndex":0,
      "Points":[{"x":47.88977,"y":-0.58854},{"x":47.88977,"y":-1.44166},{"x":39.90638,"y":-1.44166},{"x":39.90638,"y":-0.47598},{"x":0.0,"y":0.0}]
    },
    {
      "SourcePinAddress":{
        "PinID":995919985,
        "PinOwnerID":2046415852
      },
      "TargetPinAddress":{
        "PinID":707504547,
        "PinOwnerID":1729822160
      },
      "ConnectionType":1,
      "ConnectedWireIndex":116,
      "ConnectedWireSegmentIndex":0,
      "Points":[{"x":51.75414,"y":-0.53912},{"x":51.75414,"y":-1.44166},{"x":51.75414,"y":-1.50396},{"x":43.84282,"y":-1.50396},{"x":43.84282,"y":-0.48637},{"x":0.0,"y":0.0}]
    },
    {
      "SourcePinAddress":{
        "PinID":995919985,
        "PinOwnerID":647789254
      },
      "TargetPinAddress":{
        "PinID":707504547,
        "PinOwnerID":1095909560
      },
      "ConnectionType":1,
      "ConnectedWireIndex":117,
      "ConnectedWireSegmentIndex":0,
      "Points":[{"x":55.89752,"y":-0.4253},{"x":55.89752,"y":-1.45734},{"x":48.01269,"y":-1.45734},{"x":48.01269,"y":-0.53216},{"x":0.0,"y":0.0}]
    },
    {
      "SourcePinAddress":{
        "PinID":995919985,
        "PinOwnerID":182185886
      },
      "TargetPinAddress":{
        "PinID":707504547,
        "PinOwnerID":84831881
      },
      "ConnectionType":1,
      "ConnectedWireIndex":118,
      "ConnectedWireSegmentIndex":0,
      "Points":[{"x":60.00399,"y":-0.34838},{"x":60.00399,"y":-1.45967},{"x":51.84047,"y":-1.45967},{"x":0.0,"y":0.0}]
    },
    {
      "SourcePinAddress":{
        "PinID":1797483099,
        "PinOwnerID":1343084649
      },
      "TargetPinAddress":{
        "PinID":1761855297,
        "PinOwnerID":525445299
      },
      "ConnectionType":0,
      "ConnectedWireIndex":-1,
      "ConnectedWireSegmentIndex":-1,
      "Points":[{"x":0.0,"y":0.0},{"x":0.0,"y":0.0}]
    },
    {
      "SourcePinAddress":{
        "PinID":0,
        "PinOwnerID":1572788086
      },
      "TargetPinAddress":{
        "PinID":890107289,
        "PinOwnerID":525445299
      },
      "ConnectionType":1,
      "ConnectedWireIndex":111,
      "ConnectedWireSegmentIndex":14,
      "Points":[{"x":57.9901,"y":-2.71066},{"x":61.73026,"y":-2.71066},{"x":61.73026,"y":-0.28459},{"x":0.0,"y":0.0}]
    },
    {
      "SourcePinAddress":{
        "PinID":995919985,
        "PinOwnerID":525445299
      },
      "TargetPinAddress":{
        "PinID":707504547,
        "PinOwnerID":1609647671
      },
      "ConnectionType":0,
      "ConnectedWireIndex":-1,
      "ConnectedWireSegmentIndex":-1,
      "Points":[{"x":0.0,"y":0.0},{"x":63.79745,"y":-0.28941},{"x":63.79745,"y":-1.35246},{"x":56.1131,"y":-1.35246},{"x":56.1131,"y":-0.38184},{"x":0.0,"y":0.0}]
    }
  ],
  "Displays": null
}