{
  "DLSVersion": "2.1.6",
  "Name": "1B MUX",
  "NameLocation": 0,
  "ChipType": 0,
  "Size": {
    "x": 1.025,
    "y": 0.75
  },
  "Colour": {
    "r": 0.270068377,
    "g": 0.118847825,
    "b": 0.313300759,
    "a": 1
  },
  "InputPins":[
    {
      "Name":"D0",
      "ID":126241808,
      "Position":{
        "x":-12.93277,
        "y":-1.01104
      },
      "BitCount":1,
      "Colour":0,
      "ValueDisplayMode":0
    },
    {
      "Name":"D1",
      "ID":773051075,
      "Position":{
        "x":-12.93277,
        "y":-1.52604
      },
      "BitCount":1,
      "Colour":0,
      "ValueDisplayMode":0
    },
    {
      "Name":"S",
      "ID":1997778806,
      "Position":{
        "x":-12.97274,
        "y":-2.14489
      },
      "BitCount":1,
      "Colour":0,
      "ValueDisplayMode":0
    }
  ],
  "OutputPins":[
    {
      "Name":"OUT",
      "ID":1822473080,
      "Position":{
        "x":-6.31311,
        "y":-1.10779
      },
      "BitCount":1,
      "Colour":0,
      "ValueDisplayMode":0
    }
  ],
  "SubChips":[
    {
      "Name":"Cancler",
      "ID":386669167,
      "Label":"",
      "Position":{
        "x":-9.47377,
        "y":-1.06712
      },
      "OutputPinColourInfo":[{"PinColour":0,"PinID":1616067258}],
      "InternalData":null
    },
    {
      "Name":"Cancler",
      "ID":894555393,
      "Label":"",
      "Position":{
        "x":-9.40546,
        "y":-1.69708
      },
      "OutputPinColourInfo":[{"PinColour":0,"PinID":1616067258}],
      "InternalData":null
    },
    {
      "Name":"NOT",
      "ID":890264971,
      "Label":"",
      "Position":{
        "x":-10.97658,
        "y":-1.43903
      },
      "OutputPinColourInfo":[{"PinColour":0,"PinID":14895395}],
      "InternalData":null
    },
    {
      "Name":"OR",
      "ID":1484723349,
      "Label":"",
      "Position":{
        "x":-8.05444,
        "y":-1.45421
      },
      "OutputPinColourInfo":[{"PinColour":0,"PinID":1797483099}],
      "InternalData":null
    }
  ],
  "Wires":[
    {
      "SourcePinAddress":{
        "PinID":0,
        "PinOwnerID":1997778806
      },
      "TargetPinAddress":{
        "PinID":101598402,
        "PinOwnerID":894555393
      },
      "ConnectionType":0,
      "ConnectedWireIndex":-1,
      "ConnectedWireSegmentIndex":-1,
      "Points":[{"x":0.0,"y":0.0},{"x":0.0,"y":0.0}]
    },
    {
      "SourcePinAddress":{
        "PinID":14895395,
        "PinOwnerID":890264971
      },
      "TargetPinAddress":{
        "PinID":2030901329,
        "PinOwnerID":890264971
      },
      "ConnectionType":0,
      "ConnectedWireIndex":-1,
      "ConnectedWireSegmentIndex":-1,
      "Points":[{"x":0.0,"y":0.0},{"x":0.0,"y":0.0}]
    },
    {
      "SourcePinAddress":{
        "PinID":0,
        "PinOwnerID":1997778806
      },
      "TargetPinAddress":{
        "PinID":2030901329,
        "PinOwnerID":890264971
      },
      "ConnectionType":0,
      "ConnectedWireIndex":-1,
      "ConnectedWireSegmentIndex":-1,
      "Points":[{"x":0.0,"y":0.0},{"x":0.0,"y":0.0}]
    },
    {
      "SourcePinAddress":{
        "PinID":14895395,
        "PinOwnerID":890264971
      },
      "TargetPinAddress":{
        "PinID":101598402,
        "PinOwnerID":386669167
      },
      "ConnectionType":0,
      "ConnectedWireIndex":-1,
      "ConnectedWireSegmentIndex":-1,
      "Points":[{"x":0.0,"y":0.0},{"x":0.0,"y":0.0}]
    },
    {
      "SourcePinAddress":{
        "PinID":0,
        "PinOwnerID":126241808
      },
      "TargetPinAddress":{
        "PinID":211683454,
        "PinOwnerID":386669167
      },
      "ConnectionType":0,
      "ConnectedWireIndex":-1,
      "ConnectedWireSegmentIndex":-1,
      "Points":[{"x":0.0,"y":0.0},{"x":0.0,"y":0.0}]
    },
    {
      "SourcePinAddress":{
        "PinID":0,
        "PinOwnerID":773051075
      },
      "TargetPinAddress":{
        "PinID":211683454,
        "PinOwnerID":894555393
      },
      "ConnectionType":0,
      "ConnectedWireIndex":-1,
      "ConnectedWireSegmentIndex":-1,
      "Points":[{"x":0.0,"y":0.0},{"x":0.0,"y":0.0}]
    },
    {
      "SourcePinAddress":{
        "PinID":1616067258,
        "PinOwnerID":386669167
      },
      "TargetPinAddress":{
        "PinID":1660214207,
        "PinOwnerID":1484723349
      },
      "ConnectionType":0,
      "ConnectedWireIndex":-1,
      "ConnectedWireSegmentIndex":-1,
      "Points":[{"x":0.0,"y":0.0},{"x":0.0,"y":0.0}]
    },
    {
      "SourcePinAddress":{
        "PinID":1616067258,
        "PinOwnerID":894555393
      },
      "TargetPinAddress":{
        "PinID":1101441429,
        "PinOwnerID":1484723349
      },
      "ConnectionType":0,
      "ConnectedWireIndex":-1,
      "ConnectedWireSegmentIndex":-1,
      "Points":[{"x":0.0,"y":0.0},{"x":0.0,"y":0.0}]
    },
    {
      "SourcePinAddress":{
        "PinID":1797483099,
        "PinOwnerID":1484723349
      },
      "TargetPinAddress":{
        "PinID":0,
        "PinOwnerID":1822473080
      },
      "ConnectionType":0,
      "ConnectedWireIndex":-1,
      "ConnectedWireSegmentIndex":-1,
      "Points":[{"x":0.0,"y":0.0},{"x":0.0,"y":0.0}]
    }
  ],
  "Displays": null
}