{
  "DLSVersion": "2.1.6",
  "Name": "2B Decoder",
  "NameLocation": 0,
  "ChipType": 0,
  "Size": {
    "x": 1.25,
    "y": 1.0
  },
  "Colour": {
    "r": 0.742704153,
    "g": 0.587658763,
    "b": 0.9583205,
    "a": 1
  },
  "InputPins":[
    {
      "Name":"bit1",
      "ID":592269676,
      "Position":{
        "x":8.75,
        "y":-2.4375
      },
      "BitCount":1,
      "Colour":0,
      "ValueDisplayMode":0
    },
    {
      "Name":"bit0",
      "ID":42518213,
      "Position":{
        "x":8.75,
        "y":-2.9375
      },
      "BitCount":1,
      "Colour":0,
      "ValueDisplayMode":0
    }
  ],
  "OutputPins":[
    {
      "Name":"3",
      "ID":664193772,
      "Position":{
        "x":15.34654,
        "y":-3.8125
      },
      "BitCount":1,
      "Colour":0,
      "ValueDisplayMode":0
    },
    {
      "Name":"2",
      "ID":2015310352,
      "Position":{
        "x":15.34654,
        "y":-4.3125
      },
      "BitCount":1,
      "Colour":0,
      "ValueDisplayMode":0
    },
    {
      "Name":"1",
      "ID":1102724948,
      "Position":{
        "x":15.34654,
        "y":-4.8125
      },
      "BitCount":1,
      "Colour":0,
      "ValueDisplayMode":0
    },
    {
      "Name":"0",
      "ID":1318747156,
      "Position":{
        "x":15.35112,
        "y":-5.29539
      },
      "BitCount":1,
      "Colour":0,
      "ValueDisplayMode":0
    }
  ],
  "SubChips":[
    {
      "Name":"NOT",
      "ID":114008770,
      "Label":"",
      "Position":{
        "x":11.7975,
        "y":-2.4375
      },
      "OutputPinColourInfo":[{"PinColour":0,"PinID":14895395}],
      "InternalData":null
    },
    {
      "Name":"NOT",
      "ID":352288191,
      "Label":"",
      "Position":{
        "x":11.7975,
        "y":-2.9375
      },
      "OutputPinColourInfo":[{"PinColour":0,"PinID":14895395}],
      "InternalData":null
    },
    {
      "Name":"AND",
      "ID":347063235,
      "Label":"",
      "Position":{
        "x":13.90289,
        "y":-3.71332
      },
      "OutputPinColourInfo":[{"PinColour":0,"PinID":1931642737}],
      "InternalData":null
    },
    {
      "Name":"AND",
      "ID":1596921231,
      "Label":"",
      "Position":{
        "x":13.90289,
        "y":-4.34332
      },
      "OutputPinColourInfo":[{"PinColour":0,"PinID":1931642737}],
      "InternalData":null
    },
    {
      "Name":"AND",
      "ID":400423051,
      "Label":"",
      "Position":{
        "x":13.90289,
        "y":-4.97332
      },
      "OutputPinColourInfo":[{"PinColour":0,"PinID":1931642737}],
      "InternalData":null
    },
    {
      "Name":"AND",
      "ID":293832285,
      "Label":"",
      "Position":{
        "x":13.9225,
        "y":-5.5625
      },
      "OutputPinColourInfo":[{"PinColour":0,"PinID":1931642737}],
      "InternalData":null
    }
  ],
  "Wires":[
    {
      "SourcePinAddress":{
        "PinID":0,
        "PinOwnerID":592269676
      },
      "TargetPinAddress":{
        "PinID":2030901329,
        "PinOwnerID":114008770
      },
      "ConnectionType":0,
      "ConnectedWireIndex":-1,
      "ConnectedWireSegmentIndex":-1,
      "Points":[{"x":0.0,"y":0.0},{"x":0.0,"y":0.0}]
    },
    {
      "SourcePinAddress":{
        "PinID":0,
        "PinOwnerID":42518213
      },
      "TargetPinAddress":{
        "PinID":2030901329,
        "PinOwnerID":352288191
      },
      "ConnectionType":0,
      "ConnectedWireIndex":-1,
      "ConnectedWireSegmentIndex":-1,
      "Points":[{"x":0.0,"y":0.0},{"x":0.0,"y":0.0}]
    },
    {
      "SourcePinAddress":{
        "PinID":1931642737,
        "PinOwnerID":347063235
      },
      "TargetPinAddress":{
        "PinID":0,
        "PinOwnerID":664193772
      },
      "ConnectionType":0,
      "ConnectedWireIndex":-1,
      "ConnectedWireSegmentIndex":-1,
      "Points":[{"x":0.0,"y":0.0},{"x":0.0,"y":0.0}]
    },
    {
      "SourcePinAddress":{
        "PinID":1931642737,
        "PinOwnerID":1596921231
      },
      "TargetPinAddress":{
        "PinID":0,
        "PinOwnerID":2015310352
      },
      "ConnectionType":0,
      "ConnectedWireIndex":-1,
      "ConnectedWireSegmentIndex":-1,
      "Points":[{"x":0.0,"y":0.0},{"x":0.0,"y":0.0}]
    },
    {
      "SourcePinAddress":{
        "PinID":1931642737,
        "PinOwnerID":400423051
      },
      "TargetPinAddress":{
        "PinID":0,
        "PinOwnerID":1102724948
      },
      "ConnectionType":0,
      "ConnectedWireIndex":-1,
      "ConnectedWireSegmentIndex":-1,
      "Points":[{"x":0.0,"y":0.0},{"x":0.0,"y":0.0}]
    },
    {
      "SourcePinAddress":{
        "PinID":0,
        "PinOwnerID":42518213
      },
      "TargetPinAddress":{
        "PinID":707504547,
        "PinOwnerID":400423051
      },
      "ConnectionType":1,
      "ConnectedWireIndex":1,
      "ConnectedWireSegmentIndex":0,
      "Points":[{"x":10.93475,"y":-2.9375},{"x":10.93475,"y":-5.1235},{"x":0.0,"y":0.0}]
    },
    {
      "SourcePinAddress":{
        "PinID":14895395,
        "PinOwnerID":114008770
      },
      "TargetPinAddress":{
        "PinID":1116648463,
        "PinOwnerID":400423051
      },
      "ConnectionType":0,
      "ConnectedWireIndex":-1,
      "ConnectedWireSegmentIndex":-1,
      "Points":[{"x":0.0,"y":0.0},{"x":12.89076,"y":-2.4375},{"x":12.89076,"y":-4.84946},{"x":0.0,"y":0.0}]
    },
    {
      "SourcePinAddress":{
        "PinID":0,
        "PinOwnerID":592269676
      },
      "TargetPinAddress":{
        "PinID":707504547,
        "PinOwnerID":1596921231
      },
      "ConnectionType":1,
      "ConnectedWireIndex":0,
      "ConnectedWireSegmentIndex":0,
      "Points":[{"x":11.18988,"y":-2.4375},{"x":11.18988,"y":-4.46832},{"x":0.0,"y":0.0}]
    },
    {
      "SourcePinAddress":{
        "PinID":14895395,
        "PinOwnerID":352288191
      },
      "TargetPinAddress":{
        "PinID":1116648463,
        "PinOwnerID":1596921231
      },
      "ConnectionType":0,
      "ConnectedWireIndex":-1,
      "ConnectedWireSegmentIndex":-1,
      "Points":[{"x":0.0,"y":0.0},{"x":12.65453,"y":-2.93125},{"x":12.65453,"y":-4.21832},{"x":0.0,"y":0.0}]
    },
    {
      "SourcePinAddress":{
        "PinID":0,
        "PinOwnerID":42518213
      },
      "TargetPinAddress":{
        "PinID":707504547,
        "PinOwnerID":347063235
      },
      "ConnectionType":1,
      "ConnectedWireIndex":5,
      "ConnectedWireSegmentIndex":0,
      "Points":[{"x":10.93475,"y":-3.83832},{"x":0.0,"y":0.0}]
    },
    {
      "SourcePinAddress":{
        "PinID":0,
        "PinOwnerID":592269676
      },
      "TargetPinAddress":{
        "PinID":1116648463,
        "PinOwnerID":347063235
      },
      "ConnectionType":1,
      "ConnectedWireIndex":7,
      "ConnectedWireSegmentIndex":0,
      "Points":[{"x":11.18988,"y":-3.58832},{"x":0.0,"y":0.0}]
    },
    {
      "SourcePinAddress":{
        "PinID":14895395,
        "PinOwnerID":114008770
      },
      "TargetPinAddress":{
        "PinID":1116648463,
        "PinOwnerID":293832285
      },
      "ConnectionType":1,
      "ConnectedWireIndex":6,
      "ConnectedWireSegmentIndex":1,
      "Points":[{"x":12.89076,"y":-4.84946},{"x":12.89076,"y":-5.44775},{"x":0.0,"y":0.0}]
    },
    {
      "SourcePinAddress":{
        "PinID":14895395,
        "PinOwnerID":352288191
      },
      "TargetPinAddress":{
        "PinID":707504547,
        "PinOwnerID":293832285
      },
      "ConnectionType":1,
      "ConnectedWireIndex":8,
      "ConnectedWireSegmentIndex":1,
      "Points":[{"x":12.65453,"y":-4.20583},{"x":12.65453,"y":-5.7025},{"x":0.0,"y":0.0}]
    },
    {
      "SourcePinAddress":{
        "PinID":1931642737,
        "PinOwnerID":293832285
      },
      "TargetPinAddress":{
        "PinID":0,
        "PinOwnerID":1318747156
      },
      "ConnectionType":0,
      "ConnectedWireIndex":-1,
      "ConnectedWireSegmentIndex":-1,
      "Points":[{"x":0.0,"y":0.0},{"x":0.0,"y":0.0}]
    }
  ],
  "Displays": null
}