{
  "DLSVersion": "2.1.6",
  "Name": "3B Decoder",
  "NameLocation": 0,
  "ChipType": 0,
  "Size": {
    "x": 1.25,
    "y": 0.75
  },
  "Colour": {
    "r": 0.237795636,
    "g": 0.17278783,
    "b": 0.251567423,
    "a": 1
  },
  "InputPins":[
    {
      "Name":"IN",
      "ID":1857992945,
      "Position":{
        "x":20.83316,
        "y":253.38037
      },
      "BitCount":1,
      "Colour":0,
      "ValueDisplayMode":0
    },
    {
      "Name":"IN",
      "ID":1176505657,
      "Position":{
        "x":20.80049,
        "y":252.79459
      },
      "BitCount":1,
      "Colour":0,
      "ValueDisplayMode":0
    },
    {
      "Name":"IN",
      "ID":177564729,
      "Position":{
        "x":20.80978,
        "y":252.19974
      },
      "BitCount":1,
      "Colour":0,
      "ValueDisplayMode":0
    }
  ],
  "OutputPins":[
    {
      "Name":"OUT",
      "ID":1036126530,
      "Position":{
        "x":28.99529,
        "y":251.47096
      },
      "BitCount":8,
      "Colour":0,
      "ValueDisplayMode":0
    }
  ],
  "SubChips":[
    {
      "Name":"2B Decoder",
      "ID":1749928851,
      "Label":"",
      "Position":{
        "x":23.12957,
        "y":251.6664
      },
      "OutputPinColourInfo":[{"PinColour":0,"PinID":664193772},{"PinColour":0,"PinID":2015310352},{"PinColour":0,"PinID":1102724948},{"PinColour":0,"PinID":1318747156}],
      "InternalData":null
    },
    {
      "Name":"2B Decoder",
      "ID":2083497766,
      "Label":"",
      "Position":{
        "x":23.11568,
        "y":252.73297
      },
      "OutputPinColourInfo":[{"PinColour":0,"PinID":664193772},{"PinColour":0,"PinID":2015310352},{"PinColour":0,"PinID":1102724948},{"PinColour":0,"PinID":1318747156}],
      "InternalData":null
    },
    {
      "Name":"Cancler",
      "ID":602142134,
      "Label":"",
      "Position":{
        "x":25.03272,
        "y":253.63779
      },
      "OutputPinColourInfo":[{"PinColour":0,"PinID":1616067258}],
      "InternalData":null
    },
    {
      "Name":"Cancler",
      "ID":170837847,
      "Label":"",
      "Position":{
        "x":25.05049,
        "y":253.06914
      },
      "OutputPinColourInfo":[{"PinColour":0,"PinID":1616067258}],
      "InternalData":null
    },
    {
      "Name":"Cancler",
      "ID":2009576034,
      "Label":"",
      "Position":{
        "x":25.07714,
        "y":251.94075
      },
      "OutputPinColourInfo":[{"PinColour":0,"PinID":1616067258}],
      "InternalData":null
    },
    {
      "Name":"Cancler",
      "ID":133901400,
      "Label":"",
      "Position":{
        "x":25.05937,
        "y":252.5094
      },
      "OutputPinColourInfo":[{"PinColour":0,"PinID":1616067258}],
      "InternalData":null
    },
    {
      "Name":"Cancler",
      "ID":1112267152,
      "Label":"",
      "Position":{
        "x":25.07714,
        "y":249.67509
      },
      "OutputPinColourInfo":[{"PinColour":0,"PinID":1616067258}],
      "InternalData":null
    },
    {
      "Name":"Cancler",
      "ID":843536246,
      "Label":"",
      "Position":{
        "x":25.05937,
        "y":250.24374
      },
      "OutputPinColourInfo":[{"PinColour":0,"PinID":1616067258}],
      "InternalData":null
    },
    {
      "Name":"Cancler",
      "ID":2026868783,
      "Label":"",
      "Position":{
        "x":25.05049,
        "y":250.80348
      },
      "OutputPinColourInfo":[{"PinColour":0,"PinID":1616067258}],
      "InternalData":null
    },
    {
      "Name":"Cancler",
      "ID":1892724288,
      "Label":"",
      "Position":{
        "x":25.03272,
        "y":251.37213
      },
      "OutputPinColourInfo":[{"PinColour":0,"PinID":1616067258}],
      "InternalData":null
    },
    {
      "Name":"NOT",
      "ID":1697689482,
      "Label":"",
      "Position":{
        "x":22.61544,
        "y":254.5614
      },
      "OutputPinColourInfo":[{"PinColour":0,"PinID":14895395}],
      "InternalData":null
    },
    {
      "Name":"1-8BIT",
      "ID":1514068786,
      "Label":"",
      "Position":{
        "x":26.81307,
        "y":251.49956
      },
      "OutputPinColourInfo":[{"PinColour":0,"PinID":8}],
      "InternalData":null
    }
  ],
  "Wires":[
    {
      "SourcePinAddress":{
        "PinID":664193772,
        "PinOwnerID":2083497766
      },
      "TargetPinAddress":{
        "PinID":211683454,
        "PinOwnerID":602142134
      },
      "ConnectionType":0,
      "ConnectedWireIndex":-1,
      "ConnectedWireSegmentIndex":-1,
      "Points":[{"x":0.0,"y":0.0},{"x":0.0,"y":0.0}]
    },
    {
      "SourcePinAddress":{
        "PinID":2015310352,
        "PinOwnerID":2083497766
      },
      "TargetPinAddress":{
        "PinID":211683454,
        "PinOwnerID":170837847
      },
      "ConnectionType":0,
      "ConnectedWireIndex":-1,
      "ConnectedWireSegmentIndex":-1,
      "Points":[{"x":0.0,"y":0.0},{"x":0.0,"y":0.0}]
    },
    {
      "SourcePinAddress":{
        "PinID":1102724948,
        "PinOwnerID":2083497766
      },
      "TargetPinAddress":{
        "PinID":211683454,
        "PinOwnerID":133901400
      },
      "ConnectionType":0,
      "ConnectedWireIndex":-1,
      "ConnectedWireSegmentIndex":-1,
      "Points":[{"x":0.0,"y":0.0},{"x":0.0,"y":0.0}]
    },
    {
      "SourcePinAddress":{
        "PinID":1318747156,
        "PinOwnerID":2083497766
      },
      "TargetPinAddress":{
        "PinID":211683454,
        "PinOwnerID":2009576034
      },
      "ConnectionType":0,
      "ConnectedWireIndex":-1,
      "ConnectedWireSegmentIndex":-1,
      "Points":[{"x":0.0,"y":0.0},{"x":0.0,"y":0.0}]
    },
    {
      "SourcePinAddress":{
        "PinID":664193772,
        "PinOwnerID":1749928851
      },
      "TargetPinAddress":{
        "PinID":211683454,
        "PinOwnerID":1892724288
      },
      "ConnectionType":0,
      "ConnectedWireIndex":-1,
      "ConnectedWireSegmentIndex":-1,
      "Points":[{"x":0.0,"y":0.0},{"x":0.0,"y":0.0}]
    },
    {
      "SourcePinAddress":{
        "PinID":2015310352,
        "PinOwnerID":1749928851
      },
      "TargetPinAddress":{
        "PinID":211683454,
        "PinOwnerID":2026868783
      },
      "ConnectionType":0,
      "ConnectedWireIndex":-1,
      "ConnectedWireSegmentIndex":-1,
      "Points":[{"x":0.0,"y":0.0},{"x":0.0,"y":0.0}]
    },
    {
      "SourcePinAddress":{
        "PinID":1102724948,
        "PinOwnerID":1749928851
      },
      "TargetPinAddress":{
        "PinID":211683454,
        "PinOwnerID":843536246
      },
      "ConnectionType":0,
      "ConnectedWireIndex":-1,
      "ConnectedWireSegmentIndex":-1,
      "Points":[{"x":0.0,"y":0.0},{"x":0.0,"y":0.0}]
    },
    {
      "SourcePinAddress":{
        "PinID":1318747156,
        "PinOwnerID":1749928851
      },
      "TargetPinAddress":{
        "PinID":211683454,
        "PinOwnerID":1112267152
      },
      "ConnectionType":0,
      "ConnectedWireIndex":-1,
      "ConnectedWireSegmentIndex":-1,
      "Points":[{"x":0.0,"y":0.0},{"x":0.0,"y":0.0}]
    },
    {
      "SourcePinAddress":{
        "PinID":0,
        "PinOwnerID":1857992945
      },
      "TargetPinAddress":{
        "PinID":101598402,
        "PinOwnerID":1112267152
      },
      "ConnectionType":0,
      "ConnectedWireIndex":-1,
      "ConnectedWireSegmentIndex":-1,
      "Points":[{"x":0.0,"y":0.0},{"x":22.13576,"y":253.10384},{"x":22.13576,"y":252.16148},{"x":22.13576,"y":249.52344},{"x":0.0,"y":0.0}]
    },
    {
      "SourcePinAddress":{
        "PinID":0,
        "PinOwnerID":1857992945
      },
      "TargetPinAddress":{
        "PinID":101598402,
        "PinOwnerID":1892724288
      },
      "ConnectionType":1,
      "ConnectedWireIndex":8,
      "ConnectedWireSegmentIndex":3,
      "Points":[{"x":24.19978,"y":249.54691},{"x":24.19978,"y":251.24713},{"x":0.0,"y":0.0}]
    },
    {
      "SourcePinAddress":{
        "PinID":0,
        "PinOwnerID":1857992945
      },
      "TargetPinAddress":{
        "PinID":101598402,
        "PinOwnerID":2026868783
      },
      "ConnectionType":1,
      "ConnectedWireIndex":8,
      "ConnectedWireSegmentIndex":3,
      "Points":[{"x":24.19978,"y":249.54691},{"x":24.19978,"y":250.67848},{"x":0.0,"y":0.0}]
    },
    {
      "SourcePinAddress":{
        "PinID":0,
        "PinOwnerID":1857992945
      },
      "TargetPinAddress":{
        "PinID":101598402,
        "PinOwnerID":843536246
      },
      "ConnectionType":1,
      "ConnectedWireIndex":8,
      "ConnectedWireSegmentIndex":3,
      "Points":[{"x":24.19978,"y":249.54691},{"x":24.19978,"y":250.11874},{"x":0.0,"y":0.0}]
    },
    {
      "SourcePinAddress":{
        "PinID":14895395,
        "PinOwnerID":1697689482
      },
      "TargetPinAddress":{
        "PinID":101598402,
        "PinOwnerID":2009576034
      },
      "ConnectionType":0,
      "ConnectedWireIndex":-1,
      "ConnectedWireSegmentIndex":-1,
      "Points":[{"x":0.0,"y":0.0},{"x":24.22929,"y":254.5614},{"x":24.22929,"y":251.80687},{"x":0.0,"y":0.0}]
    },
    {
      "SourcePinAddress":{
        "PinID":14895395,
        "PinOwnerID":1697689482
      },
      "TargetPinAddress":{
        "PinID":101598402,
        "PinOwnerID":133901400
      },
      "ConnectionType":1,
      "ConnectedWireIndex":12,
      "ConnectedWireSegmentIndex":1,
      "Points":[{"x":24.22929,"y":252.3844},{"x":0.0,"y":0.0}]
    },
    {
      "SourcePinAddress":{
        "PinID":14895395,
        "PinOwnerID":1697689482
      },
      "TargetPinAddress":{
        "PinID":101598402,
        "PinOwnerID":170837847
      },
      "ConnectionType":1,
      "ConnectedWireIndex":12,
      "ConnectedWireSegmentIndex":1,
      "Points":[{"x":24.22929,"y":252.94414},{"x":0.0,"y":0.0}]
    },
    {
      "SourcePinAddress":{
        "PinID":14895395,
        "PinOwnerID":1697689482
      },
      "TargetPinAddress":{
        "PinID":101598402,
        "PinOwnerID":602142134
      },
      "ConnectionType":1,
      "ConnectedWireIndex":12,
      "ConnectedWireSegmentIndex":1,
      "Points":[{"x":24.22929,"y":253.51279},{"x":0.0,"y":0.0}]
    },
    {
      "SourcePinAddress":{
        "PinID":0,
        "PinOwnerID":1857992945
      },
      "TargetPinAddress":{
        "PinID":2030901329,
        "PinOwnerID":1697689482
      },
      "ConnectionType":0,
      "ConnectedWireIndex":-1,
      "ConnectedWireSegmentIndex":-1,
      "Points":[{"x":0.0,"y":0.0},{"x":22.05776,"y":253.09996},{"x":22.05777,"y":254.5614},{"x":0.0,"y":0.0}]
    },
    {
      "SourcePinAddress":{
        "PinID":0,
        "PinOwnerID":1176505657
      },
      "TargetPinAddress":{
        "PinID":592269676,
        "PinOwnerID":2083497766
      },
      "ConnectionType":0,
      "ConnectedWireIndex":-1,
      "ConnectedWireSegmentIndex":-1,
      "Points":[{"x":0.0,"y":0.0},{"x":0.0,"y":0.0}]
    },
    {
      "SourcePinAddress":{
        "PinID":0,
        "PinOwnerID":177564729
      },
      "TargetPinAddress":{
        "PinID":42518213,
        "PinOwnerID":2083497766
      },
      "ConnectionType":0,
      "ConnectedWireIndex":-1,
      "ConnectedWireSegmentIndex":-1,
      "Points":[{"x":0.0,"y":0.0},{"x":0.0,"y":0.0}]
    },
    {
      "SourcePinAddress":{
        "PinID":0,
        "PinOwnerID":1176505657
      },
      "TargetPinAddress":{
        "PinID":592269676,
        "PinOwnerID":1749928851
      },
      "ConnectionType":1,
      "ConnectedWireIndex":17,
      "ConnectedWireSegmentIndex":0,
      "Points":[{"x":22.29384,"y":253.04503},{"x":0.0,"y":0.0}]
    },
    {
      "SourcePinAddress":{
        "PinID":0,
        "PinOwnerID":177564729
      },
      "TargetPinAddress":{
        "PinID":42518213,
        "PinOwnerID":1749928851
      },
      "ConnectionType":1,
      "ConnectedWireIndex":18,
      "ConnectedWireSegmentIndex":0,
      "Points":[{"x":22.24458,"y":252.3174},{"x":0.0,"y":0.0}]
    },
    {
      "SourcePinAddress":{
        "PinID":1616067258,
        "PinOwnerID":602142134
      },
      "TargetPinAddress":{
        "PinID":0,
        "PinOwnerID":1514068786
      },
      "ConnectionType":0,
      "ConnectedWireIndex":-1,
      "ConnectedWireSegmentIndex":-1,
      "Points":[{"x":0.0,"y":0.0},{"x":0.0,"y":0.0}]
    },
    {
      "SourcePinAddress":{
        "PinID":1616067258,
        "PinOwnerID":170837847
      },
      "TargetPinAddress":{
        "PinID":1,
        "PinOwnerID":1514068786
      },
      "ConnectionType":0,
      "ConnectedWireIndex":-1,
      "ConnectedWireSegmentIndex":-1,
      "Points":[{"x":0.0,"y":0.0},{"x":0.0,"y":0.0}]
    },
    {
      "SourcePinAddress":{
        "PinID":1616067258,
        "PinOwnerID":133901400
      },
      "TargetPinAddress":{
        "PinID":2,
        "PinOwnerID":1514068786
      },
      "ConnectionType":0,
      "ConnectedWireIndex":-1,
      "ConnectedWireSegmentIndex":-1,
      "Points":[{"x":0.0,"y":0.0},{"x":0.0,"y":0.0}]
    },
    {
      "SourcePinAddress":{
        "PinID":1616067258,
        "PinOwnerID":2009576034
      },
      "TargetPinAddress":{
        "PinID":3,
        "PinOwnerID":1514068786
      },
      "ConnectionType":0,
      "ConnectedWireIndex":-1,
      "ConnectedWireSegmentIndex":-1,
      "Points":[{"x":0.0,"y":0.0},{"x":0.0,"y":0.0}]
    },
    {
      "SourcePinAddress":{
        "PinID":1616067258,
        "PinOwnerID":1892724288
      },
      "TargetPinAddress":{
        "PinID":4,
        "PinOwnerID":1514068786
      },
      "ConnectionType":0,
      "ConnectedWireIndex":-1,
      "ConnectedWireSegmentIndex":-1,
      "Points":[{"x":0.0,"y":0.0},{"x":0.0,"y":0.0}]
    },
    {
      "SourcePinAddress":{
        "PinID":1616067258,
        "PinOwnerID":2026868783
      },
      "TargetPinAddress":{
        "PinID":5,
        "PinOwnerID":1514068786
      },
      "ConnectionType":0,
      "ConnectedWireIndex":-1,
      "ConnectedWireSegmentIndex":-1,
      "Points":[{"x":0.0,"y":0.0},{"x":0.0,"y":0.0}]
    },
    {
      "SourcePinAddress":{
        "PinID":1616067258,
        "PinOwnerID":843536246
      },
      "TargetPinAddress":{
        "PinID":6,
        "PinOwnerID":1514068786
      },
      "ConnectionType":0,
      "ConnectedWireIndex":-1,
      "ConnectedWireSegmentIndex":-1,
      "Points":[{"x":0.0,"y":0.0},{"x":0.0,"y":0.0}]
    },
    {
      "SourcePinAddress":{
        "PinID":1616067258,
        "PinOwnerID":1112267152
      },
      "TargetPinAddress":{
        "PinID":7,
        "PinOwnerID":1514068786
      },
      "ConnectionType":0,
      "ConnectedWireIndex":-1,
      "ConnectedWireSegmentIndex":-1,
      "Points":[{"x":0.0,"y":0.0},{"x":0.0,"y":0.0}]
    },
    {
      "SourcePinAddress":{
        "PinID":8,
        "PinOwnerID":1514068786
      },
      "TargetPinAddress":{
        "PinID":0,
        "PinOwnerID":1036126530
      },
      "ConnectionType":0,
      "ConnectedWireIndex":-1,
      "ConnectedWireSegmentIndex":-1,
      "Points":[{"x":0.0,"y":0.0},{"x":0.0,"y":0.0}]
    }
  ],
  "Displays":[]
}