{
  "DLSVersion": "2.1.6",
  "Name": "3Way MUX",
  "NameLocation": 0,
  "ChipType": 0,
  "Size": {
    "x": 1.025,
    "y": 1.25
  },
  "Colour": {
    "r": 0.575363338,
    "g": 0.498711526,
    "b": 0.6344317,
    "a": 1
  },
  "InputPins":[
    {
      "Name":"D2",
      "ID":485012060,
      "Position":{
        "x":29.91145,
        "y":-16.27443
      },
      "BitCount":1,
      "Colour":0,
      "ValueDisplayMode":0
    },
    {
      "Name":"D1",
      "ID":841229552,
      "Position":{
        "x":29.85505,
        "y":-17.34604
      },
      "BitCount":1,
      "Colour":0,
      "ValueDisplayMode":0
    },
    {
      "Name":"D0",
      "ID":1273164845,
      "Position":{
        "x":29.86633,
        "y":-18.79552
      },
      "BitCount":1,
      "Colour":0,
      "ValueDisplayMode":0
    },
    {
      "Name":"S0",
      "ID":559993612,
      "Position":{
        "x":30.93535,
        "y":-19.91843
      },
      "BitCount":1,
      "Colour":0,
      "ValueDisplayMode":0
    },
    {
      "Name":"S0",
      "ID":1998889901,
      "Position":{
        "x":30.93535,
        "y":-20.53775
      },
      "BitCount":1,
      "Colour":0,
      "ValueDisplayMode":0
    }
  ],
  "OutputPins":[
    {
      "Name":"OUT",
      "ID":778487875,
      "Position":{
        "x":39.42601,
        "y":-16.75383
      },
      "BitCount":1,
      "Colour":0,
      "ValueDisplayMode":0
    }
  ],
  "SubChips":[
    {
      "Name":"4AND",
      "ID":1716067593,
      "Label":"",
      "Position":{
        "x":35.35391,
        "y":-16.57899
      },
      "OutputPinColourInfo":[{"PinColour":0,"PinID":1284112642}],
      "InternalData":null
    },
    {
      "Name":"4AND",
      "ID":379021346,
      "Label":"",
      "Position":{
        "x":35.38211,
        "y":-18.79552
      },
      "OutputPinColourInfo":[{"PinColour":0,"PinID":1284112642}],
      "InternalData":null
    },
    {
      "Name":"4AND",
      "ID":1800668418,
      "Label":"",
      "Position":{
        "x":35.35391,
        "y":-17.6788
      },
      "OutputPinColourInfo":[{"PinColour":0,"PinID":1284112642}],
      "InternalData":null
    },
    {
      "Name":"OR",
      "ID":82739575,
      "Label":"",
      "Position":{
        "x":36.64548,
        "y":-16.28007
      },
      "OutputPinColourInfo":[{"PinColour":0,"PinID":1797483099}],
      "InternalData":null
    },
    {
      "Name":"OR",
      "ID":959174990,
      "Label":"",
      "Position":{
        "x":36.67368,
        "y":-17.06967
      },
      "OutputPinColourInfo":[{"PinColour":0,"PinID":1797483099}],
      "InternalData":null
    },
    {
      "Name":"OR",
      "ID":1142774733,
      "Label":"",
      "Position":{
        "x":37.71708,
        "y":-16.77639
      },
      "OutputPinColourInfo":[{"PinColour":0,"PinID":1797483099}],
      "InternalData":null
    },
    {
      "Name":"NOT",
      "ID":687725122,
      "Label":"",
      "Position":{
        "x":33.53974,
        "y":-19.94971
      },
      "OutputPinColourInfo":[{"PinColour":0,"PinID":14895395}],
      "InternalData":null
    },
    {
      "Name":"NOT",
      "ID":1196298140,
      "Label":"",
      "Position":{
        "x":33.6284,
        "y":-20.58012
      },
      "OutputPinColourInfo":[{"PinColour":0,"PinID":14895395}],
      "InternalData":null
    },
    {
      "Name":"NOT",
      "ID":585488631,
      "Label":"",
      "Position":{
        "x":33.70723,
        "y":-21.05468
      },
      "OutputPinColourInfo":[{"PinColour":0,"PinID":14895395}],
      "InternalData":null
    }
  ],
  "Wires":[
    {
      "SourcePinAddress":{
        "PinID":1284112642,
        "PinOwnerID":1716067593
      },
      "TargetPinAddress":{
        "PinID":1101441429,
        "PinOwnerID":82739575
      },
      "ConnectionType":0,
      "ConnectedWireIndex":-1,
      "ConnectedWireSegmentIndex":-1,
      "Points":[{"x":0.0,"y":0.0},{"x":0.0,"y":0.0}]
    },
    {
      "SourcePinAddress":{
        "PinID":1284112642,
        "PinOwnerID":1800668418
      },
      "TargetPinAddress":{
        "PinID":1660214207,
        "PinOwnerID":959174990
      },
      "ConnectionType":0,
      "ConnectedWireIndex":-1,
      "ConnectedWireSegmentIndex":-1,
      "Points":[{"x":0.0,"y":0.0},{"x":0.0,"y":0.0}]
    },
    {
      "SourcePinAddress":{
        "PinID":1284112642,
        "PinOwnerID":379021346
      },
      "TargetPinAddress":{
        "PinID":1101441429,
        "PinOwnerID":959174990
      },
      "ConnectionType":0,
      "ConnectedWireIndex":-1,
      "ConnectedWireSegmentIndex":-1,
      "Points":[{"x":0.0,"y":0.0},{"x":0.0,"y":0.0}]
    },
    {
      "SourcePinAddress":{
        "PinID":1797483099,
        "PinOwnerID":82739575
      },
      "TargetPinAddress":{
        "PinID":1660214207,
        "PinOwnerID":1142774733
      },
      "ConnectionType":0,
      "ConnectedWireIndex":-1,
      "ConnectedWireSegmentIndex":-1,
      "Points":[{"x":0.0,"y":0.0},{"x":0.0,"y":0.0}]
    },
    {
      "SourcePinAddress":{
        "PinID":1797483099,
        "PinOwnerID":959174990
      },
      "TargetPinAddress":{
        "PinID":1101441429,
        "PinOwnerID":1142774733
      },
      "ConnectionType":0,
      "ConnectedWireIndex":-1,
      "ConnectedWireSegmentIndex":-1,
      "Points":[{"x":0.0,"y":0.0},{"x":0.0,"y":0.0}]
    },
    {
      "SourcePinAddress":{
        "PinID":0,
        "PinOwnerID":485012060
      },
      "TargetPinAddress":{
        "PinID":628948204,
        "PinOwnerID":1716067593
      },
      "ConnectionType":0,
      "ConnectedWireIndex":-1,
      "ConnectedWireSegmentIndex":-1,
      "Points":[{"x":0.0,"y":0.0},{"x":0.0,"y":0.0}]
    },
    {
      "SourcePinAddress":{
        "PinID":0,
        "PinOwnerID":841229552
      },
      "TargetPinAddress":{
        "PinID":628948204,
        "PinOwnerID":1800668418
      },
      "ConnectionType":0,
      "ConnectedWireIndex":-1,
      "ConnectedWireSegmentIndex":-1,
      "Points":[{"x":0.0,"y":0.0},{"x":0.0,"y":0.0}]
    },
    {
      "SourcePinAddress":{
        "PinID":0,
        "PinOwnerID":1273164845
      },
      "TargetPinAddress":{
        "PinID":628948204,
        "PinOwnerID":379021346
      },
      "ConnectionType":0,
      "ConnectedWireIndex":-1,
      "ConnectedWireSegmentIndex":-1,
      "Points":[{"x":0.0,"y":0.0},{"x":0.0,"y":0.0}]
    },
    {
      "SourcePinAddress":{
        "PinID":0,
        "PinOwnerID":559993612
      },
      "TargetPinAddress":{
        "PinID":2030901329,
        "PinOwnerID":687725122
      },
      "ConnectionType":0,
      "ConnectedWireIndex":-1,
      "ConnectedWireSegmentIndex":-1,
      "Points":[{"x":0.0,"y":0.0},{"x":0.0,"y":0.0}]
    },
    {
      "SourcePinAddress":{
        "PinID":1797483099,
        "PinOwnerID":1142774733
      },
      "TargetPinAddress":{
        "PinID":0,
        "PinOwnerID":778487875
      },
      "ConnectionType":0,
      "ConnectedWireIndex":-1,
      "ConnectedWireSegmentIndex":-1,
      "Points":[{"x":0.0,"y":0.0},{"x":0.0,"y":0.0}]
    },
    {
      "SourcePinAddress":{
        "PinID":0,
        "PinOwnerID":559993612
      },
      "TargetPinAddress":{
        "PinID":547974472,
        "PinOwnerID":1716067593
      },
      "ConnectionType":1,
      "ConnectedWireIndex":8,
      "ConnectedWireSegmentIndex":0,
      "Points":[{"x":32.98716,"y":-19.94459},{"x":32.98716,"y":-17.8592},{"x":32.98716,"y":-16.51681},{"x":0.0,"y":0.0}]
    },
    {
      "SourcePinAddress":{
        "PinID":14895395,
        "PinOwnerID":687725122
      },
      "TargetPinAddress":{
        "PinID":547974472,
        "PinOwnerID":1800668418
      },
      "ConnectionType":0,
      "ConnectedWireIndex":-1,
      "ConnectedWireSegmentIndex":-1,
      "Points":[{"x":0.0,"y":0.0},{"x":34.46201,"y":-19.96864},{"x":34.46201,"y":-17.5538},{"x":0.0,"y":0.0}]
    },
    {
      "SourcePinAddress":{
        "PinID":14895395,
        "PinOwnerID":687725122
      },
      "TargetPinAddress":{
        "PinID":547974472,
        "PinOwnerID":379021346
      },
      "ConnectionType":1,
      "ConnectedWireIndex":11,
      "ConnectedWireSegmentIndex":1,
      "Points":[{"x":34.46201,"y":-18.67052},{"x":0.0,"y":0.0}]
    },
    {
      "SourcePinAddress":{
        "PinID":0,
        "PinOwnerID":1998889901
      },
      "TargetPinAddress":{
        "PinID":2030901329,
        "PinOwnerID":1196298140
      },
      "ConnectionType":0,
      "ConnectedWireIndex":-1,
      "ConnectedWireSegmentIndex":-1,
      "Points":[{"x":0.0,"y":0.0},{"x":31.58783,"y":-20.53775},{"x":0.0,"y":0.0}]
    },
    {
      "SourcePinAddress":{
        "PinID":14895395,
        "PinOwnerID":1196298140
      },
      "TargetPinAddress":{
        "PinID":1105101398,
        "PinOwnerID":379021346
      },
      "ConnectionType":0,
      "ConnectedWireIndex":-1,
      "ConnectedWireSegmentIndex":-1,
      "Points":[{"x":0.0,"y":0.0},{"x":34.65194,"y":-20.58012},{"x":34.65194,"y":-18.94376},{"x":0.0,"y":0.0}]
    },
    {
      "SourcePinAddress":{
        "PinID":0,
        "PinOwnerID":1998889901
      },
      "TargetPinAddress":{
        "PinID":1105101398,
        "PinOwnerID":1800668418
      },
      "ConnectionType":1,
      "ConnectedWireIndex":13,
      "ConnectedWireSegmentIndex":1,
      "Points":[{"x":33.16515,"y":-20.57609},{"x":33.16515,"y":-17.78983},{"x":0.0,"y":0.0}]
    },
    {
      "SourcePinAddress":{
        "PinID":14895395,
        "PinOwnerID":1196298140
      },
      "TargetPinAddress":{
        "PinID":1105101398,
        "PinOwnerID":1716067593
      },
      "ConnectionType":1,
      "ConnectedWireIndex":14,
      "ConnectedWireSegmentIndex":2,
      "Points":[{"x":34.67389,"y":-18.94233},{"x":34.67389,"y":-16.69695},{"x":0.0,"y":0.0}]
    },
    {
      "SourcePinAddress":{
        "PinID":14895395,
        "PinOwnerID":585488631
      },
      "TargetPinAddress":{
        "PinID":1944378891,
        "PinOwnerID":1716067593
      },
      "ConnectionType":0,
      "ConnectedWireIndex":-1,
      "ConnectedWireSegmentIndex":-1,
      "Points":[{"x":0.0,"y":0.0},{"x":34.8318,"y":-21.05468},{"x":34.8318,"y":-16.94614},{"x":0.0,"y":0.0}]
    },
    {
      "SourcePinAddress":{
        "PinID":14895395,
        "PinOwnerID":585488631
      },
      "TargetPinAddress":{
        "PinID":1944378891,
        "PinOwnerID":1800668418
      },
      "ConnectionType":1,
      "ConnectedWireIndex":17,
      "ConnectedWireSegmentIndex":1,
      "Points":[{"x":34.8318,"y":-18.0538},{"x":0.0,"y":0.0}]
    },
    {
      "SourcePinAddress":{
        "PinID":14895395,
        "PinOwnerID":585488631
      },
      "TargetPinAddress":{
        "PinID":1944378891,
        "PinOwnerID":379021346
      },
      "ConnectionType":1,
      "ConnectedWireIndex":17,
      "ConnectedWireSegmentIndex":1,
      "Points":[{"x":34.8318,"y":-19.17052},{"x":0.0,"y":0.0}]
    }
  ],
  "Displays": null
}