{
  "DLSVersion": "2.1.6",
  "Name": "4AND",
  "NameLocation": 0,
  "ChipType": 0,
  "Size": {
    "x": 0.725,
    "y": 1.0
  },
  "Colour": {
    "r": 0.328643084,
    "g": 0.178849787,
    "b": 0.657294,
    "a": 1
  },
  "InputPins":[
    {
      "Name":"IN",
      "ID":628948204,
      "Position":{
        "x":-4.49057,
        "y":-1.81551
      },
      "BitCount":1,
      "Colour":0,
      "ValueDisplayMode":0
    },
    {
      "Name":"IN",
      "ID":547974472,
      "Position":{
        "x":-4.49057,
        "y":-2.33051
      },
      "BitCount":1,
      "Colour":0,
      "ValueDisplayMode":0
    },
    {
      "Name":"IN",
      "ID":1105101398,
      "Position":{
        "x":-4.49057,
        "y":-2.84551
      },
      "BitCount":1,
      "Colour":0,
      "ValueDisplayMode":0
    },
    {
      "Name":"IN",
      "ID":1944378891,
      "Position":{
        "x":-4.49057,
        "y":-3.36051
      },
      "BitCount":1,
      "Colour":0,
      "ValueDisplayMode":0
    }
  ],
  "OutputPins":[
    {
      "Name":"OUT",
      "ID":1284112642,
      "Position":{
        "x":-0.0558,
        "y":-2.4973
      },
      "BitCount":1,
      "Colour":0,
      "ValueDisplayMode":0
    }
  ],
  "SubChips":[
    {
      "Name":"AND",
      "ID":2048991668,
      "Label":"",
      "Position":{
        "x":-2.50774,
        "y":-2.14702
      },
      "OutputPinColourInfo":[{"PinColour":0,"PinID":1931642737}],
      "InternalData":null
    },
    {
      "Name":"AND",
      "ID":832983308,
      "Label":"",
      "Position":{
        "x":-2.47021,
        "y":-2.82881
      },
      "OutputPinColourInfo":[{"PinColour":0,"PinID":1931642737}],
      "InternalData":null
    },
    {
      "Name":"AND",
      "ID":1984365246,
      "Label":"",
      "Position":{
        "x":-1.53197,
        "y":-2.47853
      },
      "OutputPinColourInfo":[{"PinColour":0,"PinID":1931642737}],
      "InternalData":null
    }
  ],
  "Wires":[
    {
      "SourcePinAddress":{
        "PinID":1931642737,
        "PinOwnerID":2048991668
      },
      "TargetPinAddress":{
        "PinID":1116648463,
        "PinOwnerID":1984365246
      },
      "ConnectionType":0,
      "ConnectedWireIndex":-1,
      "ConnectedWireSegmentIndex":-1,
      "Points":[{"x":0.0,"y":0.0},{"x":0.0,"y":0.0}]
    },
    {
      "SourcePinAddress":{
        "PinID":1931642737,
        "PinOwnerID":832983308
      },
      "TargetPinAddress":{
        "PinID":707504547,
        "PinOwnerID":1984365246
      },
      "ConnectionType":0,
      "ConnectedWireIndex":-1,
      "ConnectedWireSegmentIndex":-1,
      "Points":[{"x":0.0,"y":0.0},{"x":0.0,"y":0.0}]
    },
    {
      "SourcePinAddress":{
        "PinID":0,
        "PinOwnerID":628948204
      },
      "TargetPinAddress":{
        "PinID":1116648463,
        "PinOwnerID":2048991668
      },
      "ConnectionType":0,
      "ConnectedWireIndex":-1,
      "ConnectedWireSegmentIndex":-1,
      "Points":[{"x":0.0,"y":0.0},{"x":0.0,"y":0.0}]
    },
    {
      "SourcePinAddress":{
        "PinID":0,
        "PinOwnerID":547974472
      },
      "TargetPinAddress":{
        "PinID":707504547,
        "PinOwnerID":2048991668
      },
      "ConnectionType":0,
      "ConnectedWireIndex":-1,
      "ConnectedWireSegmentIndex":-1,
      "Points":[{"x":0.0,"y":0.0},{"x":0.0,"y":0.0}]
    },
    {
      "SourcePinAddress":{
        "PinID":0,
        "PinOwnerID":1105101398
      },
      "TargetPinAddress":{
        "PinID":1116648463,
        "PinOwnerID":832983308
      },
      "ConnectionType":0,
      "ConnectedWireIndex":-1,
      "ConnectedWireSegmentIndex":-1,
      "Points":[{"x":0.0,"y":0.0},{"x":0.0,"y":0.0}]
    },
    {
      "SourcePinAddress":{
        "PinID":0,
        "PinOwnerID":1944378891
      },
      "TargetPinAddress":{
        "PinID":707504547,
        "PinOwnerID":832983308
      },
      "ConnectionType":0,
      "ConnectedWireIndex":-1,
      "ConnectedWireSegmentIndex":-1,
      "Points":[{"x":0.0,"y":0.0},{"x":0.0,"y":0.0}]
    },
    {
      "SourcePinAddress":{
        "PinID":1931642737,
        "PinOwnerID":1984365246
      },
      "TargetPinAddress":{
        "PinID":0,
        "PinOwnerID":1284112642
      },
      "ConnectionType":0,
      "ConnectedWireIndex":-1,
      "ConnectedWireSegmentIndex":-1,
      "Points":[{"x":0.0,"y":0.0},{"x":0.0,"y":0.0}]
    }
  ],
  "Displays": null
}