{
  "DLSVersion": "2.1.6",
  "Name": "4B 3 way MUX",
  "NameLocation": 0,
  "ChipType": 0,
  "Size": {
    "x": 1.25,
    "y": 3.75
  },
  "Colour": {
    "r": 0.680918157,
    "g": 0.6283002,
    "b": 0.746330738,
    "a": 1
  },
  "InputPins":[
    {
      "Name":"D2",
      "ID":1350158960,
      "Position":{
        "x":-3.0,
        "y":-5.6875
      },
      "BitCount":1,
      "Colour":0,
      "ValueDisplayMode":0
    },
    {
      "Name":"D2",
      "ID":187282568,
      "Position":{
        "x":-3.0,
        "y":-6.125
      },
      "BitCount":1,
      "Colour":0,
      "ValueDisplayMode":0
    },
    {
      "Name":"D2",
      "ID":557802307,
      "Position":{
        "x":-3.0,
        "y":-6.5625
      },
      "BitCount":1,
      "Colour":0,
      "ValueDisplayMode":0
    },
    {
      "Name":"D2",
      "ID":1906131520,
      "Position":{
        "x":-3.0,
        "y":-7.0
      },
      "BitCount":1,
      "Colour":0,
      "ValueDisplayMode":0
    },
    {
      "Name":"D1",
      "ID":2060106588,
      "Position":{
        "x":-3.0,
        "y":-7.8125
      },
      "BitCount":1,
      "Colour":0,
      "ValueDisplayMode":0
    },
    {
      "Name":"D1",
      "ID":1436858080,
      "Position":{
        "x":-3.0,
        "y":-8.25
      },
      "BitCount":1,
      "Colour":0,
      "ValueDisplayMode":0
    },
    {
      "Name":"D1",
      "ID":901418050,
      "Position":{
        "x":-3.0,
        "y":-8.6875
      },
      "BitCount":1,
      "Colour":0,
      "ValueDisplayMode":0
    },
    {
      "Name":"D1",
      "ID":274102260,
      "Position":{
        "x":-3.0,
        "y":-9.125
      },
      "BitCount":1,
      "Colour":0,
      "ValueDisplayMode":0
    },
    {
      "Name":"D0",
      "ID":749531139,
      "Position":{
        "x":-3.0,
        "y":-9.875
      },
      "BitCount":1,
      "Colour":0,
      "ValueDisplayMode":0
    },
    {
      "Name":"D0",
      "ID":550145906,
      "Position":{
        "x":-3.0,
        "y":-10.3125
      },
      "BitCount":1,
      "Colour":0,
      "ValueDisplayMode":0
    },
    {
      "Name":"D0",
      "ID":858135128,
      "Position":{
        "x":-3.0,
        "y":-10.75
      },
      "BitCount":1,
      "Colour":0,
      "ValueDisplayMode":0
    },
    {
      "Name":"D0",
      "ID":1241270229,
      "Position":{
        "x":-3.0,
        "y":-11.1875
      },
      "BitCount":1,
      "Colour":0,
      "ValueDisplayMode":0
    },
    {
      "Name":"S0",
      "ID":407602516,
      "Position":{
        "x":-3.0,
        "y":-12.0
      },
      "BitCount":1,
      "Colour":0,
      "ValueDisplayMode":0
    },
    {
      "Name":"S0",
      "ID":1043776770,
      "Position":{
        "x":-3.0,
        "y":-12.5
      },
      "BitCount":1,
      "Colour":0,
      "ValueDisplayMode":0
    },
    {
      "Name":"DIS",
      "ID":2034027188,
      "Position":{
        "x":-3.0,
        "y":-13.0
      },
      "BitCount":1,
      "Colour":0,
      "ValueDisplayMode":0
    }
  ],
  "OutputPins":[
    {
      "Name":"OUT",
      "ID":397158817,
      "Position":{
        "x":4.4838,
        "y":-6.25
      },
      "BitCount":1,
      "Colour":0,
      "ValueDisplayMode":0
    },
    {
      "Name":"OUT",
      "ID":203343389,
      "Position":{
        "x":4.5,
        "y":-7.5625
      },
      "BitCount":1,
      "Colour":0,
      "ValueDisplayMode":0
    },
    {
      "Name":"OUT",
      "ID":1499029297,
      "Position":{
        "x":4.5,
        "y":-8.875
      },
      "BitCount":1,
      "Colour":0,
      "ValueDisplayMode":0
    },
    {
      "Name":"OUT",
      "ID":248177796,
      "Position":{
        "x":4.5,
        "y":-10.1875
      },
      "BitCount":1,
      "Colour":0,
      "ValueDisplayMode":0
    }
  ],
  "SubChips":[
    {
      "Name":"3Way MUX",
      "ID":1974178424,
      "Label":"",
      "Position":{
        "x":1.0225,
        "y":-7.5625
      },
      "OutputPinColourInfo":[{"PinColour":0,"PinID":778487875}],
      "InternalData":null
    },
    {
      "Name":"3Way MUX",
      "ID":1806615572,
      "Label":"",
      "Position":{
        "x":1.0225,
        "y":-6.25
      },
      "OutputPinColourInfo":[{"PinColour":0,"PinID":778487875}],
      "InternalData":null
    },
    {
      "Name":"3Way MUX",
      "ID":2004875835,
      "Label":"",
      "Position":{
        "x":1.0225,
        "y":-10.1875
      },
      "OutputPinColourInfo":[{"PinColour":0,"PinID":778487875}],
      "InternalData":null
    },
    {
      "Name":"3Way MUX",
      "ID":529737982,
      "Label":"",
      "Position":{
        "x":1.0225,
        "y":-8.875
      },
      "OutputPinColourInfo":[{"PinColour":0,"PinID":778487875}],
      "InternalData":null
    },
    {
      "Name":"Cancler",
      "ID":2135005681,
      "Label":"",
      "Position":{
        "x":2.45931,
        "y":-6.24147
      },
      "OutputPinColourInfo":[{"PinColour":0,"PinID":1616067258}],
      "InternalData":null
    },
    {
      "Name":"Cancler",
      "ID":77002549,
      "Label":"",
      "Position":{
        "x":2.51029,
        "y":-7.54147
      },
      "OutputPinColourInfo":[{"PinColour":0,"PinID":1616067258}],
      "InternalData":null
    },
    {
      "Name":"Cancler",
      "ID":856049855,
      "Label":"",
      "Position":{
        "x":2.59249,
        "y":-10.18608
      },
      "OutputPinColourInfo":[{"PinColour":0,"PinID":1616067258}],
      "InternalData":null
    },
    {
      "Name":"Cancler",
      "ID":1358431160,
      "Label":"",
      "Position":{
        "x":2.54151,
        "y":-8.88608
      },
      "OutputPinColourInfo":[{"PinColour":0,"PinID":1616067258}],
      "InternalData":null
    }
  ],
  "Wires":[
    {
      "SourcePinAddress":{
        "PinID":0,
        "PinOwnerID":749531139
      },
      "TargetPinAddress":{
        "PinID":1273164845,
        "PinOwnerID":1806615572
      },
      "ConnectionType":0,
      "ConnectedWireIndex":-1,
      "ConnectedWireSegmentIndex":-1,
      "Points":[{"x":0.0,"y":0.0},{"x":0.18916,"y":-9.875},{"x":0.18916,"y":-6.25687},{"x":0.0,"y":0.0}]
    },
    {
      "SourcePinAddress":{
        "PinID":0,
        "PinOwnerID":550145906
      },
      "TargetPinAddress":{
        "PinID":1273164845,
        "PinOwnerID":1974178424
      },
      "ConnectionType":0,
      "ConnectedWireIndex":-1,
      "ConnectedWireSegmentIndex":-1,
      "Points":[{"x":0.0,"y":0.0},{"x":0.08769,"y":-10.3125},{"x":0.08769,"y":-7.56744},{"x":0.0,"y":0.0}]
    },
    {
      "SourcePinAddress":{
        "PinID":0,
        "PinOwnerID":858135128
      },
      "TargetPinAddress":{
        "PinID":1273164845,
        "PinOwnerID":529737982
      },
      "ConnectionType":0,
      "ConnectedWireIndex":-1,
      "ConnectedWireSegmentIndex":-1,
      "Points":[{"x":0.0,"y":0.0},{"x":-0.01377,"y":-10.75},{"x":-0.01377,"y":-8.87802},{"x":0.0,"y":0.0}]
    },
    {
      "SourcePinAddress":{
        "PinID":0,
        "PinOwnerID":1241270229
      },
      "TargetPinAddress":{
        "PinID":1273164845,
        "PinOwnerID":2004875835
      },
      "ConnectionType":0,
      "ConnectedWireIndex":-1,
      "ConnectedWireSegmentIndex":-1,
      "Points":[{"x":0.0,"y":0.0},{"x":-0.11523,"y":-11.1875},{"x":-0.11523,"y":-10.2055},{"x":0.0,"y":0.0}]
    },
    {
      "SourcePinAddress":{
        "PinID":0,
        "PinOwnerID":274102260
      },
      "TargetPinAddress":{
        "PinID":841229552,
        "PinOwnerID":2004875835
      },
      "ConnectionType":0,
      "ConnectedWireIndex":-1,
      "ConnectedWireSegmentIndex":-1,
      "Points":[{"x":0.0,"y":0.0},{"x":-0.25052,"y":-9.125},{"x":-0.25052,"y":-9.94339},{"x":0.0,"y":0.0}]
    },
    {
      "SourcePinAddress":{
        "PinID":0,
        "PinOwnerID":901418050
      },
      "TargetPinAddress":{
        "PinID":841229552,
        "PinOwnerID":529737982
      },
      "ConnectionType":0,
      "ConnectedWireIndex":-1,
      "ConnectedWireSegmentIndex":-1,
      "Points":[{"x":0.0,"y":0.0},{"x":0.0,"y":0.0}]
    },
    {
      "SourcePinAddress":{
        "PinID":0,
        "PinOwnerID":1436858080
      },
      "TargetPinAddress":{
        "PinID":841229552,
        "PinOwnerID":1974178424
      },
      "ConnectionType":0,
      "ConnectedWireIndex":-1,
      "ConnectedWireSegmentIndex":-1,
      "Points":[{"x":0.0,"y":0.0},{"x":-0.00531,"y":-8.25},{"x":-0.00531,"y":-7.30533},{"x":0.0,"y":0.0}]
    },
    {
      "SourcePinAddress":{
        "PinID":0,
        "PinOwnerID":2060106588
      },
      "TargetPinAddress":{
        "PinID":841229552,
        "PinOwnerID":1806615572
      },
      "ConnectionType":0,
      "ConnectedWireIndex":-1,
      "ConnectedWireSegmentIndex":-1,
      "Points":[{"x":0.0,"y":0.0},{"x":-0.13214,"y":-7.8125},{"x":-0.13214,"y":-6.00321},{"x":0.0,"y":0.0}]
    },
    {
      "SourcePinAddress":{
        "PinID":0,
        "PinOwnerID":1350158960
      },
      "TargetPinAddress":{
        "PinID":485012060,
        "PinOwnerID":1806615572
      },
      "ConnectionType":0,
      "ConnectedWireIndex":-1,
      "ConnectedWireSegmentIndex":-1,
      "Points":[{"x":0.0,"y":0.0},{"x":-0.34806,"y":-5.6875},{"x":-0.34806,"y":-5.76787},{"x":0.0,"y":0.0}]
    },
    {
      "SourcePinAddress":{
        "PinID":0,
        "PinOwnerID":187282568
      },
      "TargetPinAddress":{
        "PinID":485012060,
        "PinOwnerID":1974178424
      },
      "ConnectionType":0,
      "ConnectedWireIndex":-1,
      "ConnectedWireSegmentIndex":-1,
      "Points":[{"x":0.0,"y":0.0},{"x":-0.44539,"y":-6.125},{"x":-0.44539,"y":-7.10226},{"x":0.0,"y":0.0}]
    },
    {
      "SourcePinAddress":{
        "PinID":0,
        "PinOwnerID":557802307
      },
      "TargetPinAddress":{
        "PinID":485012060,
        "PinOwnerID":529737982
      },
      "ConnectionType":0,
      "ConnectedWireIndex":-1,
      "ConnectedWireSegmentIndex":-1,
      "Points":[{"x":0.0,"y":0.0},{"x":-0.59159,"y":-6.5625},{"x":-0.59159,"y":-8.39368},{"x":0.0,"y":0.0}]
    },
    {
      "SourcePinAddress":{
        "PinID":0,
        "PinOwnerID":1906131520
      },
      "TargetPinAddress":{
        "PinID":485012060,
        "PinOwnerID":2004875835
      },
      "ConnectionType":0,
      "ConnectedWireIndex":-1,
      "ConnectedWireSegmentIndex":-1,
      "Points":[{"x":0.0,"y":0.0},{"x":-0.7784,"y":-7.0},{"x":-0.7784,"y":-9.67698},{"x":0.0,"y":0.0}]
    },
    {
      "SourcePinAddress":{
        "PinID":0,
        "PinOwnerID":1043776770
      },
      "TargetPinAddress":{
        "PinID":1998889901,
        "PinOwnerID":1806615572
      },
      "ConnectionType":0,
      "ConnectedWireIndex":-1,
      "ConnectedWireSegmentIndex":-1,
      "Points":[{"x":0.0,"y":0.0},{"x":-1.04643,"y":-12.5},{"x":-1.04643,"y":-6.72052},{"x":0.0,"y":0.0}]
    },
    {
      "SourcePinAddress":{
        "PinID":0,
        "PinOwnerID":1043776770
      },
      "TargetPinAddress":{
        "PinID":1998889901,
        "PinOwnerID":1974178424
      },
      "ConnectionType":1,
      "ConnectedWireIndex":12,
      "ConnectedWireSegmentIndex":1,
      "Points":[{"x":-1.04643,"y":-8.0625},{"x":0.0,"y":0.0}]
    },
    {
      "SourcePinAddress":{
        "PinID":0,
        "PinOwnerID":1043776770
      },
      "TargetPinAddress":{
        "PinID":1998889901,
        "PinOwnerID":529737982
      },
      "ConnectionType":1,
      "ConnectedWireIndex":12,
      "ConnectedWireSegmentIndex":1,
      "Points":[{"x":-1.04643,"y":-9.375},{"x":0.0,"y":0.0}]
    },
    {
      "SourcePinAddress":{
        "PinID":0,
        "PinOwnerID":1043776770
      },
      "TargetPinAddress":{
        "PinID":1998889901,
        "PinOwnerID":2004875835
      },
      "ConnectionType":1,
      "ConnectedWireIndex":12,
      "ConnectedWireSegmentIndex":1,
      "Points":[{"x":-1.04643,"y":-10.6875},{"x":0.0,"y":0.0}]
    },
    {
      "SourcePinAddress":{
        "PinID":0,
        "PinOwnerID":407602516
      },
      "TargetPinAddress":{
        "PinID":559993612,
        "PinOwnerID":1806615572
      },
      "ConnectionType":0,
      "ConnectedWireIndex":-1,
      "ConnectedWireSegmentIndex":-1,
      "Points":[{"x":0.0,"y":0.0},{"x":-1.24055,"y":-12.0},{"x":-1.24055,"y":-6.52233},{"x":0.0,"y":0.0}]
    },
    {
      "SourcePinAddress":{
        "PinID":0,
        "PinOwnerID":407602516
      },
      "TargetPinAddress":{
        "PinID":559993612,
        "PinOwnerID":1974178424
      },
      "ConnectionType":1,
      "ConnectedWireIndex":16,
      "ConnectedWireSegmentIndex":1,
      "Points":[{"x":-1.24055,"y":-7.8125},{"x":0.0,"y":0.0}]
    },
    {
      "SourcePinAddress":{
        "PinID":0,
        "PinOwnerID":407602516
      },
      "TargetPinAddress":{
        "PinID":559993612,
        "PinOwnerID":529737982
      },
      "ConnectionType":1,
      "ConnectedWireIndex":16,
      "ConnectedWireSegmentIndex":1,
      "Points":[{"x":-1.24055,"y":-9.125},{"x":0.0,"y":0.0}]
    },
    {
      "SourcePinAddress":{
        "PinID":0,
        "PinOwnerID":407602516
      },
      "TargetPinAddress":{
        "PinID":559993612,
        "PinOwnerID":2004875835
      },
      "ConnectionType":1,
      "ConnectedWireIndex":16,
      "ConnectedWireSegmentIndex":1,
      "Points":[{"x":-1.24055,"y":-10.4375},{"x":0.0,"y":0.0}]
    },
    {
      "SourcePinAddress":{
        "PinID":778487875,
        "PinOwnerID":1806615572
      },
      "TargetPinAddress":{
        "PinID":211683454,
        "PinOwnerID":2135005681
      },
      "ConnectionType":0,
      "ConnectedWireIndex":-1,
      "ConnectedWireSegmentIndex":-1,
      "Points":[{"x":0.0,"y":0.0},{"x":0.0,"y":0.0}]
    },
    {
      "SourcePinAddress":{
        "PinID":778487875,
        "PinOwnerID":1974178424
      },
      "TargetPinAddress":{
        "PinID":211683454,
        "PinOwnerID":77002549
      },
      "ConnectionType":0,
      "ConnectedWireIndex":-1,
      "ConnectedWireSegmentIndex":-1,
      "Points":[{"x":0.0,"y":0.0},{"x":0.0,"y":0.0}]
    },
    {
      "SourcePinAddress":{
        "PinID":778487875,
        "PinOwnerID":529737982
      },
      "TargetPinAddress":{
        "PinID":211683454,
        "PinOwnerID":1358431160
      },
      "ConnectionType":0,
      "ConnectedWireIndex":-1,
      "ConnectedWireSegmentIndex":-1,
      "Points":[{"x":0.0,"y":0.0},{"x":0.0,"y":0.0}]
    },
    {
      "SourcePinAddress":{
        "PinID":778487875,
        "PinOwnerID":2004875835
      },
      "TargetPinAddress":{
        "PinID":211683454,
        "PinOwnerID":856049855
      },
      "ConnectionType":0,
      "ConnectedWireIndex":-1,
      "ConnectedWireSegmentIndex":-1,
      "Points":[{"x":0.0,"y":0.0},{"x":0.0,"y":0.0}]
    },
    {
      "SourcePinAddress":{
        "PinID":1616067258,
        "PinOwnerID":856049855
      },
      "TargetPinAddress":{
        "PinID":0,
        "PinOwnerID":248177796
      },
      "ConnectionType":0,
      "ConnectedWireIndex":-1,
      "ConnectedWireSegmentIndex":-1,
      "Points":[{"x":0.0,"y":0.0},{"x":0.0,"y":0.0}]
    },
    {
      "SourcePinAddress":{
        "PinID":1616067258,
        "PinOwnerID":1358431160
      },
      "TargetPinAddress":{
        "PinID":0,
        "PinOwnerID":1499029297
      },
      "ConnectionType":0,
      "ConnectedWireIndex":-1,
      "ConnectedWireSegmentIndex":-1,
      "Points":[{"x":0.0,"y":0.0},{"x":0.0,"y":0.0}]
    },
    {
      "SourcePinAddress":{
        "PinID":1616067258,
        "PinOwnerID":77002549
      },
      "TargetPinAddress":{
        "PinID":0,
        "PinOwnerID":203343389
      },
      "ConnectionType":0,
      "ConnectedWireIndex":-1,
      "ConnectedWireSegmentIndex":-1,
      "Points":[{"x":0.0,"y":0.0},{"x":0.0,"y":0.0}]
    },
    {
      "SourcePinAddress":{
        "PinID":1616067258,
        "PinOwnerID":2135005681
      },
      "TargetPinAddress":{
        "PinID":0,
        "PinOwnerID":397158817
      },
      "ConnectionType":0,
      "ConnectedWireIndex":-1,
      "ConnectedWireSegmentIndex":-1,
      "Points":[{"x":0.0,"y":0.0},{"x":0.0,"y":0.0}]
    },
    {
      "SourcePinAddress":{
        "PinID":0,
        "PinOwnerID":2034027188
      },
      "TargetPinAddress":{
        "PinID":101598402,
        "PinOwnerID":2135005681
      },
      "ConnectionType":0,
      "ConnectedWireIndex":-1,
      "ConnectedWireSegmentIndex":-1,
      "Points":[{"x":0.0,"y":0.0},{"x":1.62966,"y":-13.0},{"x":1.72296,"y":-13.0},{"x":1.72296,"y":-6.38373},{"x":0.0,"y":0.0}]
    },
    {
      "SourcePinAddress":{
        "PinID":0,
        "PinOwnerID":2034027188
      },
      "TargetPinAddress":{
        "PinID":101598402,
        "PinOwnerID":77002549
      },
      "ConnectionType":1,
      "ConnectedWireIndex":28,
      "ConnectedWireSegmentIndex":2,
      "Points":[{"x":1.72296,"y":-7.66647},{"x":0.0,"y":0.0}]
    },
    {
      "SourcePinAddress":{
        "PinID":0,
        "PinOwnerID":2034027188
      },
      "TargetPinAddress":{
        "PinID":101598402,
        "PinOwnerID":1358431160
      },
      "ConnectionType":1,
      "ConnectedWireIndex":28,
      "ConnectedWireSegmentIndex":2,
      "Points":[{"x":1.72296,"y":-9.01108},{"x":0.0,"y":0.0}]
    },
    {
      "SourcePinAddress":{
        "PinID":0,
        "PinOwnerID":2034027188
      },
      "TargetPinAddress":{
        "PinID":101598402,
        "PinOwnerID":856049855
      },
      "ConnectionType":1,
      "ConnectedWireIndex":28,
      "ConnectedWireSegmentIndex":2,
      "Points":[{"x":1.72296,"y":-10.31108},{"x":0.0,"y":0.0}]
    }
  ],
  "Displays":[]
}