{
  "DLSVersion": "2.1.6",
  "Name": "4B Decoder",
  "NameLocation": 0,
  "ChipType": 0,
  "Size": {
    "x": 1.25,
    "y": 4.0
  },
  "Colour": {
    "r": 0.319711238,
    "g": 0.3437314,
    "b": 0.231022671,
    "a": 1
  },
  "InputPins":[
    {
      "Name":"Bit3",
      "ID":1320436228,
      "Position":{
        "x":-6.625,
        "y":-0.6875
      },
      "BitCount":1,
      "Colour":0,
      "ValueDisplayMode":0
    },
    {
      "Name":"Bit2",
      "ID":1918171363,
      "Position":{
        "x":-6.625,
        "y":-1.1875
      },
      "BitCount":1,
      "Colour":0,
      "ValueDisplayMode":0
    },
    {
      "Name":"Bit1",
      "ID":530670645,
      "Position":{
        "x":-6.625,
        "y":-1.6875
      },
      "BitCount":1,
      "Colour":0,
      "ValueDisplayMode":0
    },
    {
      "Name":"Bit0",
      "ID":507415663,
      "Position":{
        "x":-6.625,
        "y":-2.1875
      },
      "BitCount":1,
      "Colour":0,
      "ValueDisplayMode":0
    }
  ],
  "OutputPins":[
    {
      "Name":"15",
      "ID":1404769235,
      "Position":{
        "x":4.0,
        "y":-4.4375
      },
      "BitCount":1,
      "Colour":0,
      "ValueDisplayMode":0
    },
    {
      "Name":"14",
      "ID":433954246,
      "Position":{
        "x":4.0,
        "y":-5.5625
      },
      "BitCount":1,
      "Colour":0,
      "ValueDisplayMode":0
    },
    {
      "Name":"13",
      "ID":1436785699,
      "Position":{
        "x":4.0,
        "y":-6.6875
      },
      "BitCount":1,
      "Colour":0,
      "ValueDisplayMode":0
    },
    {
      "Name":"12",
      "ID":2103781888,
      "Position":{
        "x":4.0,
        "y":-7.8125
      },
      "BitCount":1,
      "Colour":0,
      "ValueDisplayMode":0
    },
    {
      "Name":"11",
      "ID":1209982256,
      "Position":{
        "x":4.0,
        "y":-8.9375
      },
      "BitCount":1,
      "Colour":0,
      "ValueDisplayMode":0
    },
    {
      "Name":"10",
      "ID":1543097180,
      "Position":{
        "x":4.0,
        "y":-10.0625
      },
      "BitCount":1,
      "Colour":0,
      "ValueDisplayMode":0
    },
    {
      "Name":"9",
      "ID":1465865019,
      "Position":{
        "x":4.0,
        "y":-11.1875
      },
      "BitCount":1,
      "Colour":0,
      "ValueDisplayMode":0
    },
    {
      "Name":"8",
      "ID":1715469414,
      "Position":{
        "x":4.0,
        "y":-12.3125
      },
      "BitCount":1,
      "Colour":0,
      "ValueDisplayMode":0
    },
    {
      "Name":"7",
      "ID":99834322,
      "Position":{
        "x":4.0,
        "y":-13.4375
      },
      "BitCount":1,
      "Colour":0,
      "ValueDisplayMode":0
    },
    {
      "Name":"6",
      "ID":968512665,
      "Position":{
        "x":4.0,
        "y":-14.5625
      },
      "BitCount":1,
      "Colour":0,
      "ValueDisplayMode":0
    },
    {
      "Name":"5",
      "ID":1130521592,
      "Position":{
        "x":4.0,
        "y":-15.6875
      },
      "BitCount":1,
      "Colour":0,
      "ValueDisplayMode":0
    },
    {
      "Name":"4",
      "ID":1579930571,
      "Position":{
        "x":4.0,
        "y":-16.8125
      },
      "BitCount":1,
      "Colour":0,
      "ValueDisplayMode":0
    },
    {
      "Name":"3",
      "ID":776340343,
      "Position":{
        "x":4.0,
        "y":-17.9375
      },
      "BitCount":1,
      "Colour":0,
      "ValueDisplayMode":0
    },
    {
      "Name":"2",
      "ID":1866607612,
      "Position":{
        "x":4.0,
        "y":-19.0625
      },
      "BitCount":1,
      "Colour":0,
      "ValueDisplayMode":0
    },
    {
      "Name":"1",
      "ID":409777183,
      "Position":{
        "x":4.0,
        "y":-20.1875
      },
      "BitCount":1,
      "Colour":0,
      "ValueDisplayMode":0
    },
    {
      "Name":"0",
      "ID":198933704,
      "Position":{
        "x":3.99426,
        "y":-21.5026
      },
      "BitCount":1,
      "Colour":0,
      "ValueDisplayMode":0
    }
  ],
  "SubChips":[
    {
      "Name":"NOT",
      "ID":582722394,
      "Label":"",
      "Position":{
        "x":-2.2025,
        "y":-0.6875
      },
      "OutputPinColourInfo":[{"PinColour":0,"PinID":14895395}],
      "InternalData":null
    },
    {
      "Name":"NOT",
      "ID":1633911623,
      "Label":"",
      "Position":{
        "x":-2.2025,
        "y":-1.1875
      },
      "OutputPinColourInfo":[{"PinColour":0,"PinID":14895395}],
      "InternalData":null
    },
    {
      "Name":"NOT",
      "ID":1250222155,
      "Label":"",
      "Position":{
        "x":-2.2025,
        "y":-1.6875
      },
      "OutputPinColourInfo":[{"PinColour":0,"PinID":14895395}],
      "InternalData":null
    },
    {
      "Name":"NOT",
      "ID":1695825722,
      "Label":"",
      "Position":{
        "x":-2.2025,
        "y":-2.1875
      },
      "OutputPinColourInfo":[{"PinColour":0,"PinID":14895395}],
      "InternalData":null
    },
    {
      "Name":"4AND",
      "ID":1730134759,
      "Label":"",
      "Position":{
        "x":2.6225,
        "y":-4.4375
      },
      "OutputPinColourInfo":[{"PinColour":0,"PinID":1284112642}],
      "InternalData":null
    },
    {
      "Name":"4AND",
      "ID":1301424368,
      "Label":"",
      "Position":{
        "x":2.6225,
        "y":-5.5625
      },
      "OutputPinColourInfo":[{"PinColour":0,"PinID":1284112642}],
      "InternalData":null
    },
    {
      "Name":"4AND",
      "ID":952782546,
      "Label":"",
      "Position":{
        "x":2.6225,
        "y":-6.6875
      },
      "OutputPinColourInfo":[{"PinColour":0,"PinID":1284112642}],
      "InternalData":null
    },
    {
      "Name":"4AND",
      "ID":1271000424,
      "Label":"",
      "Position":{
        "x":2.6225,
        "y":-7.8125
      },
      "OutputPinColourInfo":[{"PinColour":0,"PinID":1284112642}],
      "InternalData":null
    },
    {
      "Name":"4AND",
      "ID":2011354335,
      "Label":"",
      "Position":{
        "x":2.6225,
        "y":-8.9375
      },
      "OutputPinColourInfo":[{"PinColour":0,"PinID":1284112642}],
      "InternalData":null
    },
    {
      "Name":"4AND",
      "ID":1990135568,
      "Label":"",
      "Position":{
        "x":2.6225,
        "y":-10.0625
      },
      "OutputPinColourInfo":[{"PinColour":0,"PinID":1284112642}],
      "InternalData":null
    },
    {
      "Name":"4AND",
      "ID":859369378,
      "Label":"",
      "Position":{
        "x":2.6225,
        "y":-11.1875
      },
      "OutputPinColourInfo":[{"PinColour":0,"PinID":1284112642}],
      "InternalData":null
    },
    {
      "Name":"4AND",
      "ID":1815504682,
      "Label":"",
      "Position":{
        "x":2.6225,
        "y":-12.3125
      },
      "OutputPinColourInfo":[{"PinColour":0,"PinID":1284112642}],
      "InternalData":null
    },
    {
      "Name":"4AND",
      "ID":1110702221,
      "Label":"",
      "Position":{
        "x":2.6225,
        "y":-13.4375
      },
      "OutputPinColourInfo":[{"PinColour":0,"PinID":1284112642}],
      "InternalData":null
    },
    {
      "Name":"4AND",
      "ID":1782805154,
      "Label":"",
      "Position":{
        "x":2.6225,
        "y":-14.5625
      },
      "OutputPinColourInfo":[{"PinColour":0,"PinID":1284112642}],
      "InternalData":null
    },
    {
      "Name":"4AND",
      "ID":213945381,
      "Label":"",
      "Position":{
        "x":2.6225,
        "y":-15.6875
      },
      "OutputPinColourInfo":[{"PinColour":0,"PinID":1284112642}],
      "InternalData":null
    },
    {
      "Name":"4AND",
      "ID":1185216840,
      "Label":"",
      "Position":{
        "x":2.6225,
        "y":-16.8125
      },
      "OutputPinColourInfo":[{"PinColour":0,"PinID":1284112642}],
      "InternalData":null
    },
    {
      "Name":"4AND",
      "ID":1857384460,
      "Label":"",
      "Position":{
        "x":2.6225,
        "y":-17.9375
      },
      "OutputPinColourInfo":[{"PinColour":0,"PinID":1284112642}],
      "InternalData":null
    },
    {
      "Name":"4AND",
      "ID":563923121,
      "Label":"",
      "Position":{
        "x":2.6225,
        "y":-19.0625
      },
      "OutputPinColourInfo":[{"PinColour":0,"PinID":1284112642}],
      "InternalData":null
    },
    {
      "Name":"4AND",
      "ID":644898526,
      "Label":"",
      "Position":{
        "x":2.6225,
        "y":-20.1875
      },
      "OutputPinColourInfo":[{"PinColour":0,"PinID":1284112642}],
      "InternalData":null
    },
    {
      "Name":"4AND",
      "ID":1554714448,
      "Label":"",
      "Position":{
        "x":2.59086,
        "y":-21.48647
      },
      "OutputPinColourInfo":[{"PinColour":0,"PinID":1284112642}],
      "InternalData":null
    }
  ],
  "Wires":[
    {
      "SourcePinAddress":{
        "PinID":0,
        "PinOwnerID":1320436228
      },
      "TargetPinAddress":{
        "PinID":2030901329,
        "PinOwnerID":582722394
      },
      "ConnectionType":0,
      "ConnectedWireIndex":-1,
      "ConnectedWireSegmentIndex":-1,
      "Points":[{"x":0.0,"y":0.0},{"x":0.0,"y":0.0}]
    },
    {
      "SourcePinAddress":{
        "PinID":0,
        "PinOwnerID":1918171363
      },
      "TargetPinAddress":{
        "PinID":2030901329,
        "PinOwnerID":1633911623
      },
      "ConnectionType":0,
      "ConnectedWireIndex":-1,
      "ConnectedWireSegmentIndex":-1,
      "Points":[{"x":0.0,"y":0.0},{"x":0.0,"y":0.0}]
    },
    {
      "SourcePinAddress":{
        "PinID":0,
        "PinOwnerID":530670645
      },
      "TargetPinAddress":{
        "PinID":2030901329,
        "PinOwnerID":1250222155
      },
      "ConnectionType":0,
      "ConnectedWireIndex":-1,
      "ConnectedWireSegmentIndex":-1,
      "Points":[{"x":0.0,"y":0.0},{"x":0.0,"y":0.0}]
    },
    {
      "SourcePinAddress":{
        "PinID":0,
        "PinOwnerID":507415663
      },
      "TargetPinAddress":{
        "PinID":2030901329,
        "PinOwnerID":1695825722
      },
      "ConnectionType":0,
      "ConnectedWireIndex":-1,
      "ConnectedWireSegmentIndex":-1,
      "Points":[{"x":0.0,"y":0.0},{"x":0.0,"y":0.0}]
    },
    {
      "SourcePinAddress":{
        "PinID":1284112642,
        "PinOwnerID":1730134759
      },
      "TargetPinAddress":{
        "PinID":0,
        "PinOwnerID":1404769235
      },
      "ConnectionType":0,
      "ConnectedWireIndex":-1,
      "ConnectedWireSegmentIndex":-1,
      "Points":[{"x":0.0,"y":0.0},{"x":0.0,"y":0.0}]
    },
    {
      "SourcePinAddress":{
        "PinID":1284112642,
        "PinOwnerID":1301424368
      },
      "TargetPinAddress":{
        "PinID":0,
        "PinOwnerID":433954246
      },
      "ConnectionType":0,
      "ConnectedWireIndex":-1,
      "ConnectedWireSegmentIndex":-1,
      "Points":[{"x":0.0,"y":0.0},{"x":0.0,"y":0.0}]
    },
    {
      "SourcePinAddress":{
        "PinID":1284112642,
        "PinOwnerID":952782546
      },
      "TargetPinAddress":{
        "PinID":0,
        "PinOwnerID":1436785699
      },
      "ConnectionType":0,
      "ConnectedWireIndex":-1,
      "ConnectedWireSegmentIndex":-1,
      "Points":[{"x":0.0,"y":0.0},{"x":0.0,"y":0.0}]
    },
    {
      "SourcePinAddress":{
        "PinID":1284112642,
        "PinOwnerID":1271000424
      },
      "TargetPinAddress":{
        "PinID":0,
        "PinOwnerID":2103781888
      },
      "ConnectionType":0,
      "ConnectedWireIndex":-1,
      "ConnectedWireSegmentIndex":-1,
      "Points":[{"x":0.0,"y":0.0},{"x":0.0,"y":0.0}]
    },
    {
      "SourcePinAddress":{
        "PinID":1284112642,
        "PinOwnerID":2011354335
      },
      "TargetPinAddress":{
        "PinID":0,
        "PinOwnerID":1209982256
      },
      "ConnectionType":0,
      "ConnectedWireIndex":-1,
      "ConnectedWireSegmentIndex":-1,
      "Points":[{"x":0.0,"y":0.0},{"x":0.0,"y":0.0}]
    },
    {
      "SourcePinAddress":{
        "PinID":1284112642,
        "PinOwnerID":1990135568
      },
      "TargetPinAddress":{
        "PinID":0,
        "PinOwnerID":1543097180
      },
      "ConnectionType":0,
      "ConnectedWireIndex":-1,
      "ConnectedWireSegmentIndex":-1,
      "Points":[{"x":0.0,"y":0.0},{"x":0.0,"y":0.0}]
    },
    {
      "SourcePinAddress":{
        "PinID":1284112642,
        "PinOwnerID":859369378
      },
      "TargetPinAddress":{
        "PinID":0,
        "PinOwnerID":1465865019
      },
      "ConnectionType":0,
      "ConnectedWireIndex":-1,
      "ConnectedWireSegmentIndex":-1,
      "Points":[{"x":0.0,"y":0.0},{"x":0.0,"y":0.0}]
    },
    {
      "SourcePinAddress":{
        "PinID":1284112642,
        "PinOwnerID":1815504682
      },
      "TargetPinAddress":{
        "PinID":0,
        "PinOwnerID":1715469414
      },
      "ConnectionType":0,
      "ConnectedWireIndex":-1,
      "ConnectedWireSegmentIndex":-1,
      "Points":[{"x":0.0,"y":0.0},{"x":0.0,"y":0.0}]
    },
    {
      "SourcePinAddress":{
        "PinID":1284112642,
        "PinOwnerID":1110702221
      },
      "TargetPinAddress":{
        "PinID":0,
        "PinOwnerID":99834322
      },
      "ConnectionType":0,
      "ConnectedWireIndex":-1,
      "ConnectedWireSegmentIndex":-1,
      "Points":[{"x":0.0,"y":0.0},{"x":0.0,"y":0.0}]
    },
    {
      "SourcePinAddress":{
        "PinID":1284112642,
        "PinOwnerID":1782805154
      },
      "TargetPinAddress":{
        "PinID":0,
        "PinOwnerID":968512665
      },
      "ConnectionType":0,
      "ConnectedWireIndex":-1,
      "ConnectedWireSegmentIndex":-1,
      "Points":[{"x":0.0,"y":0.0},{"x":0.0,"y":0.0}]
    },
    {
      "SourcePinAddress":{
        "PinID":1284112642,
        "PinOwnerID":213945381
      },
      "TargetPinAddress":{
        "PinID":0,
        "PinOwnerID":1130521592
      },
      "ConnectionType":0,
      "ConnectedWireIndex":-1,
      "ConnectedWireSegmentIndex":-1,
      "Points":[{"x":0.0,"y":0.0},{"x":0.0,"y":0.0}]
    },
    {
      "SourcePinAddress":{
        "PinID":1284112642,
        "PinOwnerID":1185216840
      },
      "TargetPinAddress":{
        "PinID":0,
        "PinOwnerID":1579930571
      },
      "ConnectionType":0,
      "ConnectedWireIndex":-1,
      "ConnectedWireSegmentIndex":-1,
      "Points":[{"x":0.0,"y":0.0},{"x":0.0,"y":0.0}]
    },
    {
      "SourcePinAddress":{
        "PinID":1284112642,
        "PinOwnerID":1857384460
      },
      "TargetPinAddress":{
        "PinID":0,
        "PinOwnerID":776340343
      },
      "ConnectionType":0,
      "ConnectedWireIndex":-1,
      "ConnectedWireSegmentIndex":-1,
      "Points":[{"x":0.0,"y":0.0},{"x":0.0,"y":0.0}]
    },
    {
      "SourcePinAddress":{
        "PinID":1284112642,
        "PinOwnerID":563923121
      },
      "TargetPinAddress":{
        "PinID":0,
        "PinOwnerID":1866607612
      },
      "ConnectionType":0,
      "ConnectedWireIndex":-1,
      "ConnectedWireSegmentIndex":-1,
      "Points":[{"x":0.0,"y":0.0},{"x":0.0,"y":0.0}]
    },
    {
      "SourcePinAddress":{
        "PinID":1284112642,
        "PinOwnerID":644898526
      },
      "TargetPinAddress":{
        "PinID":0,
        "PinOwnerID":409777183
      },
      "ConnectionType":0,
      "ConnectedWireIndex":-1,
      "ConnectedWireSegmentIndex":-1,
      "Points":[{"x":0.0,"y":0.0},{"x":0.0,"y":0.0}]
    },
    {
      "SourcePinAddress":{
        "PinID":0,
        "PinOwnerID":507415663
      },
      "TargetPinAddress":{
        "PinID":1944378891,
        "PinOwnerID":644898526
      },
      "ConnectionType":1,
      "ConnectedWireIndex":3,
      "ConnectedWireSegmentIndex":0,
      "Points":[{"x":-2.9175,"y":-2.1875},{"x":-2.9175,"y":-20.52043},{"x":0.0,"y":0.0}]
    },
    {
      "SourcePinAddress":{
        "PinID":0,
        "PinOwnerID":530670645
      },
      "TargetPinAddress":{
        "PinID":1105101398,
        "PinOwnerID":563923121
      },
      "ConnectionType":1,
      "ConnectedWireIndex":2,
      "ConnectedWireSegmentIndex":0,
      "Points":[{"x":-3.23537,"y":-1.6875},{"x":-3.23537,"y":-19.09934},{"x":-3.23537,"y":-19.16181},{"x":0.0,"y":0.0}]
    },
    {
      "SourcePinAddress":{
        "PinID":0,
        "PinOwnerID":1918171363
      },
      "TargetPinAddress":{
        "PinID":547974472,
        "PinOwnerID":1185216840
      },
      "ConnectionType":1,
      "ConnectedWireIndex":1,
      "ConnectedWireSegmentIndex":0,
      "Points":[{"x":-3.59172,"y":-1.1875},{"x":-3.59172,"y":-16.36646},{"x":-3.59172,"y":-16.57861},{"x":-3.59172,"y":-16.73109},{"x":0.0,"y":0.0}]
    },
    {
      "SourcePinAddress":{
        "PinID":0,
        "PinOwnerID":1320436228
      },
      "TargetPinAddress":{
        "PinID":628948204,
        "PinOwnerID":1815504682
      },
      "ConnectionType":1,
      "ConnectedWireIndex":0,
      "ConnectedWireSegmentIndex":0,
      "Points":[{"x":-3.93122,"y":-0.6875},{"x":-3.93122,"y":-11.59091},{"x":-3.93122,"y":-11.87298},{"x":-3.93122,"y":-11.90432},{"x":0.0,"y":0.0}]
    },
    {
      "SourcePinAddress":{
        "PinID":0,
        "PinOwnerID":507415663
      },
      "TargetPinAddress":{
        "PinID":1944378891,
        "PinOwnerID":1857384460
      },
      "ConnectionType":1,
      "ConnectedWireIndex":19,
      "ConnectedWireSegmentIndex":0,
      "Points":[{"x":-2.9175,"y":-18.3125},{"x":0.0,"y":0.0}]
    },
    {
      "SourcePinAddress":{
        "PinID":0,
        "PinOwnerID":530670645
      },
      "TargetPinAddress":{
        "PinID":1105101398,
        "PinOwnerID":1857384460
      },
      "ConnectionType":1,
      "ConnectedWireIndex":20,
      "ConnectedWireSegmentIndex":0,
      "Points":[{"x":-3.23537,"y":-18.0625},{"x":0.0,"y":0.0}]
    },
    {
      "SourcePinAddress":{
        "PinID":0,
        "PinOwnerID":1918171363
      },
      "TargetPinAddress":{
        "PinID":547974472,
        "PinOwnerID":213945381
      },
      "ConnectionType":1,
      "ConnectedWireIndex":21,
      "ConnectedWireSegmentIndex":0,
      "Points":[{"x":-3.59172,"y":-15.5625},{"x":0.0,"y":0.0}]
    },
    {
      "SourcePinAddress":{
        "PinID":0,
        "PinOwnerID":507415663
      },
      "TargetPinAddress":{
        "PinID":1944378891,
        "PinOwnerID":213945381
      },
      "ConnectionType":1,
      "ConnectedWireIndex":19,
      "ConnectedWireSegmentIndex":0,
      "Points":[{"x":-2.9175,"y":-16.0625},{"x":0.0,"y":0.0}]
    },
    {
      "SourcePinAddress":{
        "PinID":0,
        "PinOwnerID":1918171363
      },
      "TargetPinAddress":{
        "PinID":547974472,
        "PinOwnerID":1782805154
      },
      "ConnectionType":1,
      "ConnectedWireIndex":21,
      "ConnectedWireSegmentIndex":0,
      "Points":[{"x":-3.59172,"y":-14.4375},{"x":0.0,"y":0.0}]
    },
    {
      "SourcePinAddress":{
        "PinID":0,
        "PinOwnerID":530670645
      },
      "TargetPinAddress":{
        "PinID":1105101398,
        "PinOwnerID":1782805154
      },
      "ConnectionType":1,
      "ConnectedWireIndex":20,
      "ConnectedWireSegmentIndex":0,
      "Points":[{"x":-3.23537,"y":-14.6875},{"x":0.0,"y":0.0}]
    },
    {
      "SourcePinAddress":{
        "PinID":0,
        "PinOwnerID":1918171363
      },
      "TargetPinAddress":{
        "PinID":547974472,
        "PinOwnerID":1110702221
      },
      "ConnectionType":1,
      "ConnectedWireIndex":21,
      "ConnectedWireSegmentIndex":0,
      "Points":[{"x":-3.59172,"y":-13.3125},{"x":0.0,"y":0.0}]
    },
    {
      "SourcePinAddress":{
        "PinID":0,
        "PinOwnerID":530670645
      },
      "TargetPinAddress":{
        "PinID":1105101398,
        "PinOwnerID":1110702221
      },
      "ConnectionType":1,
      "ConnectedWireIndex":20,
      "ConnectedWireSegmentIndex":0,
      "Points":[{"x":-3.23537,"y":-13.5625},{"x":0.0,"y":0.0}]
    },
    {
      "SourcePinAddress":{
        "PinID":0,
        "PinOwnerID":507415663
      },
      "TargetPinAddress":{
        "PinID":1944378891,
        "PinOwnerID":1110702221
      },
      "ConnectionType":1,
      "ConnectedWireIndex":19,
      "ConnectedWireSegmentIndex":0,
      "Points":[{"x":-2.9175,"y":-13.8125},{"x":0.0,"y":0.0}]
    },
    {
      "SourcePinAddress":{
        "PinID":0,
        "PinOwnerID":1320436228
      },
      "TargetPinAddress":{
        "PinID":628948204,
        "PinOwnerID":859369378
      },
      "ConnectionType":1,
      "ConnectedWireIndex":22,
      "ConnectedWireSegmentIndex":0,
      "Points":[{"x":-3.93122,"y":-10.8125},{"x":0.0,"y":0.0}]
    },
    {
      "SourcePinAddress":{
        "PinID":0,
        "PinOwnerID":507415663
      },
      "TargetPinAddress":{
        "PinID":1944378891,
        "PinOwnerID":859369378
      },
      "ConnectionType":1,
      "ConnectedWireIndex":19,
      "ConnectedWireSegmentIndex":0,
      "Points":[{"x":-2.9175,"y":-11.5625},{"x":0.0,"y":0.0}]
    },
    {
      "SourcePinAddress":{
        "PinID":0,
        "PinOwnerID":1320436228
      },
      "TargetPinAddress":{
        "PinID":628948204,
        "PinOwnerID":1990135568
      },
      "ConnectionType":1,
      "ConnectedWireIndex":22,
      "ConnectedWireSegmentIndex":0,
      "Points":[{"x":-3.93122,"y":-9.6875},{"x":0.0,"y":0.0}]
    },
    {
      "SourcePinAddress":{
        "PinID":0,
        "PinOwnerID":530670645
      },
      "TargetPinAddress":{
        "PinID":1105101398,
        "PinOwnerID":1990135568
      },
      "ConnectionType":1,
      "ConnectedWireIndex":20,
      "ConnectedWireSegmentIndex":0,
      "Points":[{"x":-3.23537,"y":-10.1875},{"x":0.0,"y":0.0}]
    },
    {
      "SourcePinAddress":{
        "PinID":0,
        "PinOwnerID":1320436228
      },
      "TargetPinAddress":{
        "PinID":628948204,
        "PinOwnerID":2011354335
      },
      "ConnectionType":1,
      "ConnectedWireIndex":22,
      "ConnectedWireSegmentIndex":0,
      "Points":[{"x":-3.93122,"y":-8.5625},{"x":0.0,"y":0.0}]
    },
    {
      "SourcePinAddress":{
        "PinID":0,
        "PinOwnerID":530670645
      },
      "TargetPinAddress":{
        "PinID":1105101398,
        "PinOwnerID":2011354335
      },
      "ConnectionType":1,
      "ConnectedWireIndex":20,
      "ConnectedWireSegmentIndex":0,
      "Points":[{"x":-3.23537,"y":-9.0625},{"x":0.0,"y":0.0}]
    },
    {
      "SourcePinAddress":{
        "PinID":0,
        "PinOwnerID":507415663
      },
      "TargetPinAddress":{
        "PinID":1944378891,
        "PinOwnerID":2011354335
      },
      "ConnectionType":1,
      "ConnectedWireIndex":19,
      "ConnectedWireSegmentIndex":0,
      "Points":[{"x":-2.9175,"y":-9.3125},{"x":0.0,"y":0.0}]
    },
    {
      "SourcePinAddress":{
        "PinID":0,
        "PinOwnerID":1320436228
      },
      "TargetPinAddress":{
        "PinID":628948204,
        "PinOwnerID":1271000424
      },
      "ConnectionType":1,
      "ConnectedWireIndex":22,
      "ConnectedWireSegmentIndex":0,
      "Points":[{"x":-3.93122,"y":-7.4375},{"x":0.0,"y":0.0}]
    },
    {
      "SourcePinAddress":{
        "PinID":0,
        "PinOwnerID":1918171363
      },
      "TargetPinAddress":{
        "PinID":547974472,
        "PinOwnerID":1271000424
      },
      "ConnectionType":1,
      "ConnectedWireIndex":21,
      "ConnectedWireSegmentIndex":0,
      "Points":[{"x":-3.59172,"y":-7.6875},{"x":0.0,"y":0.0}]
    },
    {
      "SourcePinAddress":{
        "PinID":0,
        "PinOwnerID":1320436228
      },
      "TargetPinAddress":{
        "PinID":628948204,
        "PinOwnerID":952782546
      },
      "ConnectionType":1,
      "ConnectedWireIndex":22,
      "ConnectedWireSegmentIndex":0,
      "Points":[{"x":-3.93122,"y":-6.3125},{"x":0.0,"y":0.0}]
    },
    {
      "SourcePinAddress":{
        "PinID":0,
        "PinOwnerID":1918171363
      },
      "TargetPinAddress":{
        "PinID":547974472,
        "PinOwnerID":952782546
      },
      "ConnectionType":1,
      "ConnectedWireIndex":21,
      "ConnectedWireSegmentIndex":0,
      "Points":[{"x":-3.59172,"y":-6.5625},{"x":0.0,"y":0.0}]
    },
    {
      "SourcePinAddress":{
        "PinID":0,
        "PinOwnerID":507415663
      },
      "TargetPinAddress":{
        "PinID":1944378891,
        "PinOwnerID":952782546
      },
      "ConnectionType":1,
      "ConnectedWireIndex":19,
      "ConnectedWireSegmentIndex":0,
      "Points":[{"x":-2.9175,"y":-7.0625},{"x":0.0,"y":0.0}]
    },
    {
      "SourcePinAddress":{
        "PinID":0,
        "PinOwnerID":1320436228
      },
      "TargetPinAddress":{
        "PinID":628948204,
        "PinOwnerID":1301424368
      },
      "ConnectionType":1,
      "ConnectedWireIndex":22,
      "ConnectedWireSegmentIndex":0,
      "Points":[{"x":-3.93122,"y":-5.1875},{"x":0.0,"y":0.0}]
    },
    {
      "SourcePinAddress":{
        "PinID":0,
        "PinOwnerID":1918171363
      },
      "TargetPinAddress":{
        "PinID":547974472,
        "PinOwnerID":1301424368
      },
      "ConnectionType":1,
      "ConnectedWireIndex":21,
      "ConnectedWireSegmentIndex":0,
      "Points":[{"x":-3.59172,"y":-5.4375},{"x":0.0,"y":0.0}]
    },
    {
      "SourcePinAddress":{
        "PinID":0,
        "PinOwnerID":530670645
      },
      "TargetPinAddress":{
        "PinID":1105101398,
        "PinOwnerID":1301424368
      },
      "ConnectionType":1,
      "ConnectedWireIndex":20,
      "ConnectedWireSegmentIndex":0,
      "Points":[{"x":-3.23537,"y":-5.6875},{"x":0.0,"y":0.0}]
    },
    {
      "SourcePinAddress":{
        "PinID":0,
        "PinOwnerID":1320436228
      },
      "TargetPinAddress":{
        "PinID":628948204,
        "PinOwnerID":1730134759
      },
      "ConnectionType":1,
      "ConnectedWireIndex":22,
      "ConnectedWireSegmentIndex":0,
      "Points":[{"x":-3.93122,"y":-4.0625},{"x":0.0,"y":0.0}]
    },
    {
      "SourcePinAddress":{
        "PinID":0,
        "PinOwnerID":1918171363
      },
      "TargetPinAddress":{
        "PinID":547974472,
        "PinOwnerID":1730134759
      },
      "ConnectionType":1,
      "ConnectedWireIndex":21,
      "ConnectedWireSegmentIndex":0,
      "Points":[{"x":-3.59172,"y":-4.3125},{"x":0.0,"y":0.0}]
    },
    {
      "SourcePinAddress":{
        "PinID":0,
        "PinOwnerID":530670645
      },
      "TargetPinAddress":{
        "PinID":1105101398,
        "PinOwnerID":1730134759
      },
      "ConnectionType":1,
      "ConnectedWireIndex":20,
      "ConnectedWireSegmentIndex":0,
      "Points":[{"x":-3.23537,"y":-4.5625},{"x":0.0,"y":0.0}]
    },
    {
      "SourcePinAddress":{
        "PinID":0,
        "PinOwnerID":507415663
      },
      "TargetPinAddress":{
        "PinID":1944378891,
        "PinOwnerID":1730134759
      },
      "ConnectionType":1,
      "ConnectedWireIndex":19,
      "ConnectedWireSegmentIndex":0,
      "Points":[{"x":-2.9175,"y":-4.8125},{"x":0.0,"y":0.0}]
    },
    {
      "SourcePinAddress":{
        "PinID":14895395,
        "PinOwnerID":1695825722
      },
      "TargetPinAddress":{
        "PinID":1944378891,
        "PinOwnerID":563923121
      },
      "ConnectionType":0,
      "ConnectedWireIndex":-1,
      "ConnectedWireSegmentIndex":-1,
      "Points":[{"x":0.0,"y":0.0},{"x":0.99405,"y":-2.1875},{"x":0.99405,"y":-19.43348},{"x":0.0,"y":0.0}]
    },
    {
      "SourcePinAddress":{
        "PinID":14895395,
        "PinOwnerID":1250222155
      },
      "TargetPinAddress":{
        "PinID":1105101398,
        "PinOwnerID":644898526
      },
      "ConnectionType":0,
      "ConnectedWireIndex":-1,
      "ConnectedWireSegmentIndex":-1,
      "Points":[{"x":0.0,"y":0.0},{"x":0.6365,"y":-1.6875},{"x":0.68328,"y":-1.6875},{"x":0.68328,"y":-20.34728},{"x":0.0,"y":0.0}]
    },
    {
      "SourcePinAddress":{
        "PinID":14895395,
        "PinOwnerID":1633911623
      },
      "TargetPinAddress":{
        "PinID":547974472,
        "PinOwnerID":644898526
      },
      "ConnectionType":0,
      "ConnectedWireIndex":-1,
      "ConnectedWireSegmentIndex":-1,
      "Points":[{"x":0.0,"y":0.0},{"x":0.40639,"y":-1.1875},{"x":0.40639,"y":-20.06694},{"x":0.0,"y":0.0}]
    },
    {
      "SourcePinAddress":{
        "PinID":14895395,
        "PinOwnerID":582722394
      },
      "TargetPinAddress":{
        "PinID":628948204,
        "PinOwnerID":644898526
      },
      "ConnectionType":0,
      "ConnectedWireIndex":-1,
      "ConnectedWireSegmentIndex":-1,
      "Points":[{"x":0.0,"y":0.0},{"x":0.15482,"y":-0.6875},{"x":0.15482,"y":-19.7642},{"x":0.0,"y":0.0}]
    },
    {
      "SourcePinAddress":{
        "PinID":14895395,
        "PinOwnerID":1633911623
      },
      "TargetPinAddress":{
        "PinID":547974472,
        "PinOwnerID":563923121
      },
      "ConnectionType":1,
      "ConnectedWireIndex":53,
      "ConnectedWireSegmentIndex":1,
      "Points":[{"x":0.40639,"y":-18.9375},{"x":0.0,"y":0.0}]
    },
    {
      "SourcePinAddress":{
        "PinID":14895395,
        "PinOwnerID":582722394
      },
      "TargetPinAddress":{
        "PinID":628948204,
        "PinOwnerID":563923121
      },
      "ConnectionType":1,
      "ConnectedWireIndex":54,
      "ConnectedWireSegmentIndex":1,
      "Points":[{"x":0.15482,"y":-18.6875},{"x":0.0,"y":0.0}]
    },
    {
      "SourcePinAddress":{
        "PinID":14895395,
        "PinOwnerID":1633911623
      },
      "TargetPinAddress":{
        "PinID":547974472,
        "PinOwnerID":1857384460
      },
      "ConnectionType":1,
      "ConnectedWireIndex":53,
      "ConnectedWireSegmentIndex":1,
      "Points":[{"x":0.40639,"y":-17.8125},{"x":0.0,"y":0.0}]
    },
    {
      "SourcePinAddress":{
        "PinID":14895395,
        "PinOwnerID":582722394
      },
      "TargetPinAddress":{
        "PinID":628948204,
        "PinOwnerID":1857384460
      },
      "ConnectionType":1,
      "ConnectedWireIndex":54,
      "ConnectedWireSegmentIndex":1,
      "Points":[{"x":0.15482,"y":-17.5625},{"x":0.0,"y":0.0}]
    },
    {
      "SourcePinAddress":{
        "PinID":14895395,
        "PinOwnerID":1695825722
      },
      "TargetPinAddress":{
        "PinID":1944378891,
        "PinOwnerID":1185216840
      },
      "ConnectionType":1,
      "ConnectedWireIndex":51,
      "ConnectedWireSegmentIndex":1,
      "Points":[{"x":0.99405,"y":-17.1875},{"x":0.0,"y":0.0}]
    },
    {
      "SourcePinAddress":{
        "PinID":14895395,
        "PinOwnerID":1250222155
      },
      "TargetPinAddress":{
        "PinID":1105101398,
        "PinOwnerID":1185216840
      },
      "ConnectionType":1,
      "ConnectedWireIndex":52,
      "ConnectedWireSegmentIndex":2,
      "Points":[{"x":0.68328,"y":-16.9375},{"x":0.0,"y":0.0}]
    },
    {
      "SourcePinAddress":{
        "PinID":14895395,
        "PinOwnerID":582722394
      },
      "TargetPinAddress":{
        "PinID":628948204,
        "PinOwnerID":1185216840
      },
      "ConnectionType":1,
      "ConnectedWireIndex":54,
      "ConnectedWireSegmentIndex":1,
      "Points":[{"x":0.15482,"y":-16.4375},{"x":0.0,"y":0.0}]
    },
    {
      "SourcePinAddress":{
        "PinID":14895395,
        "PinOwnerID":1250222155
      },
      "TargetPinAddress":{
        "PinID":1105101398,
        "PinOwnerID":213945381
      },
      "ConnectionType":1,
      "ConnectedWireIndex":52,
      "ConnectedWireSegmentIndex":2,
      "Points":[{"x":0.68328,"y":-15.8125},{"x":0.0,"y":0.0}]
    },
    {
      "SourcePinAddress":{
        "PinID":14895395,
        "PinOwnerID":582722394
      },
      "TargetPinAddress":{
        "PinID":628948204,
        "PinOwnerID":213945381
      },
      "ConnectionType":1,
      "ConnectedWireIndex":54,
      "ConnectedWireSegmentIndex":1,
      "Points":[{"x":0.15482,"y":-15.3125},{"x":0.0,"y":0.0}]
    },
    {
      "SourcePinAddress":{
        "PinID":14895395,
        "PinOwnerID":1695825722
      },
      "TargetPinAddress":{
        "PinID":1944378891,
        "PinOwnerID":1782805154
      },
      "ConnectionType":1,
      "ConnectedWireIndex":51,
      "ConnectedWireSegmentIndex":1,
      "Points":[{"x":0.99405,"y":-14.9375},{"x":0.0,"y":0.0}]
    },
    {
      "SourcePinAddress":{
        "PinID":14895395,
        "PinOwnerID":582722394
      },
      "TargetPinAddress":{
        "PinID":628948204,
        "PinOwnerID":1782805154
      },
      "ConnectionType":1,
      "ConnectedWireIndex":54,
      "ConnectedWireSegmentIndex":1,
      "Points":[{"x":0.15482,"y":-14.1875},{"x":0.0,"y":0.0}]
    },
    {
      "SourcePinAddress":{
        "PinID":14895395,
        "PinOwnerID":582722394
      },
      "TargetPinAddress":{
        "PinID":628948204,
        "PinOwnerID":1110702221
      },
      "ConnectionType":1,
      "ConnectedWireIndex":54,
      "ConnectedWireSegmentIndex":1,
      "Points":[{"x":0.15482,"y":-13.0625},{"x":0.0,"y":0.0}]
    },
    {
      "SourcePinAddress":{
        "PinID":14895395,
        "PinOwnerID":1695825722
      },
      "TargetPinAddress":{
        "PinID":1944378891,
        "PinOwnerID":1815504682
      },
      "ConnectionType":1,
      "ConnectedWireIndex":51,
      "ConnectedWireSegmentIndex":1,
      "Points":[{"x":0.99405,"y":-12.6875},{"x":0.0,"y":0.0}]
    },
    {
      "SourcePinAddress":{
        "PinID":14895395,
        "PinOwnerID":1250222155
      },
      "TargetPinAddress":{
        "PinID":1105101398,
        "PinOwnerID":1815504682
      },
      "ConnectionType":1,
      "ConnectedWireIndex":52,
      "ConnectedWireSegmentIndex":2,
      "Points":[{"x":0.68328,"y":-12.4375},{"x":0.0,"y":0.0}]
    },
    {
      "SourcePinAddress":{
        "PinID":14895395,
        "PinOwnerID":1633911623
      },
      "TargetPinAddress":{
        "PinID":547974472,
        "PinOwnerID":1815504682
      },
      "ConnectionType":1,
      "ConnectedWireIndex":53,
      "ConnectedWireSegmentIndex":1,
      "Points":[{"x":0.40639,"y":-12.1875},{"x":0.0,"y":0.0}]
    },
    {
      "SourcePinAddress":{
        "PinID":14895395,
        "PinOwnerID":1250222155
      },
      "TargetPinAddress":{
        "PinID":1105101398,
        "PinOwnerID":859369378
      },
      "ConnectionType":1,
      "ConnectedWireIndex":52,
      "ConnectedWireSegmentIndex":2,
      "Points":[{"x":0.68328,"y":-11.3125},{"x":0.0,"y":0.0}]
    },
    {
      "SourcePinAddress":{
        "PinID":14895395,
        "PinOwnerID":1633911623
      },
      "TargetPinAddress":{
        "PinID":547974472,
        "PinOwnerID":859369378
      },
      "ConnectionType":1,
      "ConnectedWireIndex":53,
      "ConnectedWireSegmentIndex":1,
      "Points":[{"x":0.40639,"y":-11.0625},{"x":0.0,"y":0.0}]
    },
    {
      "SourcePinAddress":{
        "PinID":14895395,
        "PinOwnerID":1695825722
      },
      "TargetPinAddress":{
        "PinID":1944378891,
        "PinOwnerID":1990135568
      },
      "ConnectionType":1,
      "ConnectedWireIndex":51,
      "ConnectedWireSegmentIndex":1,
      "Points":[{"x":0.99405,"y":-10.4375},{"x":0.0,"y":0.0}]
    },
    {
      "SourcePinAddress":{
        "PinID":14895395,
        "PinOwnerID":1633911623
      },
      "TargetPinAddress":{
        "PinID":547974472,
        "PinOwnerID":1990135568
      },
      "ConnectionType":1,
      "ConnectedWireIndex":53,
      "ConnectedWireSegmentIndex":1,
      "Points":[{"x":0.40639,"y":-9.9375},{"x":0.0,"y":0.0}]
    },
    {
      "SourcePinAddress":{
        "PinID":14895395,
        "PinOwnerID":1633911623
      },
      "TargetPinAddress":{
        "PinID":547974472,
        "PinOwnerID":2011354335
      },
      "ConnectionType":1,
      "ConnectedWireIndex":53,
      "ConnectedWireSegmentIndex":1,
      "Points":[{"x":0.40639,"y":-8.8125},{"x":0.0,"y":0.0}]
    },
    {
      "SourcePinAddress":{
        "PinID":14895395,
        "PinOwnerID":1695825722
      },
      "TargetPinAddress":{
        "PinID":1944378891,
        "PinOwnerID":1271000424
      },
      "ConnectionType":1,
      "ConnectedWireIndex":51,
      "ConnectedWireSegmentIndex":1,
      "Points":[{"x":0.99405,"y":-8.1875},{"x":0.0,"y":0.0}]
    },
    {
      "SourcePinAddress":{
        "PinID":14895395,
        "PinOwnerID":1250222155
      },
      "TargetPinAddress":{
        "PinID":1105101398,
        "PinOwnerID":1271000424
      },
      "ConnectionType":1,
      "ConnectedWireIndex":52,
      "ConnectedWireSegmentIndex":2,
      "Points":[{"x":0.68328,"y":-7.9375},{"x":0.0,"y":0.0}]
    },
    {
      "SourcePinAddress":{
        "PinID":14895395,
        "PinOwnerID":1250222155
      },
      "TargetPinAddress":{
        "PinID":1105101398,
        "PinOwnerID":952782546
      },
      "ConnectionType":1,
      "ConnectedWireIndex":52,
      "ConnectedWireSegmentIndex":2,
      "Points":[{"x":0.68328,"y":-6.8125},{"x":0.0,"y":0.0}]
    },
    {
      "SourcePinAddress":{
        "PinID":14895395,
        "PinOwnerID":1695825722
      },
      "TargetPinAddress":{
        "PinID":1944378891,
        "PinOwnerID":1301424368
      },
      "ConnectionType":1,
      "ConnectedWireIndex":51,
      "ConnectedWireSegmentIndex":1,
      "Points":[{"x":0.99405,"y":-5.9375},{"x":0.0,"y":0.0}]
    },
    {
      "SourcePinAddress":{
        "PinID":14895395,
        "PinOwnerID":1695825722
      },
      "TargetPinAddress":{
        "PinID":628948204,
        "PinOwnerID":1554714448
      },
      "ConnectionType":1,
      "ConnectedWireIndex":51,
      "ConnectedWireSegmentIndex":2,
      "Points":[{"x":1.00093,"y":-19.4335},{"x":1.0009,"y":-21.11147},{"x":1.03787,"y":-21.11147},{"x":0.0,"y":0.0}]
    },
    {
      "SourcePinAddress":{
        "PinID":14895395,
        "PinOwnerID":1250222155
      },
      "TargetPinAddress":{
        "PinID":547974472,
        "PinOwnerID":1554714448
      },
      "ConnectionType":1,
      "ConnectedWireIndex":52,
      "ConnectedWireSegmentIndex":2,
      "Points":[{"x":0.68328,"y":-20.33732},{"x":0.67742,"y":-21.36147},{"x":0.0,"y":0.0}]
    },
    {
      "SourcePinAddress":{
        "PinID":14895395,
        "PinOwnerID":1633911623
      },
      "TargetPinAddress":{
        "PinID":1105101398,
        "PinOwnerID":1554714448
      },
      "ConnectionType":1,
      "ConnectedWireIndex":53,
      "ConnectedWireSegmentIndex":1,
      "Points":[{"x":0.40639,"y":-20.06694},{"x":0.40015,"y":-21.61147},{"x":0.0,"y":0.0}]
    },
    {
      "SourcePinAddress":{
        "PinID":14895395,
        "PinOwnerID":582722394
      },
      "TargetPinAddress":{
        "PinID":1944378891,
        "PinOwnerID":1554714448
      },
      "ConnectionType":1,
      "ConnectedWireIndex":54,
      "ConnectedWireSegmentIndex":1,
      "Points":[{"x":0.15482,"y":-19.72732},{"x":0.12288,"y":-21.86147},{"x":0.0,"y":0.0}]
    },
    {
      "SourcePinAddress":{
        "PinID":1284112642,
        "PinOwnerID":1554714448
      },
      "TargetPinAddress":{
        "PinID":0,
        "PinOwnerID":198933704
      },
      "ConnectionType":0,
      "ConnectedWireIndex":-1,
      "ConnectedWireSegmentIndex":-1,
      "Points":[{"x":0.0,"y":0.0},{"x":0.0,"y":0.0}]
    }
  ],
  "Displays":[]
}