{
  "DLSVersion": "2.1.6",
  "Name": "4B Decoder with EN",
  "NameLocation": 0,
  "ChipType": 0,
  "Size": {
    "x": 1.7,
    "y": 1.25
  },
  "Colour": {
    "r": 0.753724754,
    "g": 0.912411153,
    "b": 0.38183254,
    "a": 1
  },
  "InputPins":[
    {
      "Name":"IN",
      "ID":2061955021,
      "Position":{
        "x":19.46312,
        "y":264.34238
      },
      "BitCount":1,
      "Colour":0,
      "ValueDisplayMode":0
    },
    {
      "Name":"IN",
      "ID":1092743270,
      "Position":{
        "x":19.46312,
        "y":263.82736
      },
      "BitCount":1,
      "Colour":0,
      "ValueDisplayMode":0
    },
    {
      "Name":"IN",
      "ID":2011276751,
      "Position":{
        "x":19.46312,
        "y":263.31235
      },
      "BitCount":1,
      "Colour":0,
      "ValueDisplayMode":0
    },
    {
      "Name":"IN",
      "ID":1017668735,
      "Position":{
        "x":19.46312,
        "y":262.79733
      },
      "BitCount":1,
      "Colour":0,
      "ValueDisplayMode":0
    },
    {
      "Name":"EN",
      "ID":763275836,
      "Position":{
        "x":19.49342,
        "y":262.25714
      },
      "BitCount":1,
      "Colour":0,
      "ValueDisplayMode":0
    }
  ],
  "OutputPins":[
    {
      "Name":"OUT",
      "ID":893612489,
      "Position":{
        "x":28.39721,
        "y":265.39682
      },
      "BitCount":8,
      "Colour":0,
      "ValueDisplayMode":0
    },
    {
      "Name":"OUT",
      "ID":1054247881,
      "Position":{
        "x":28.31333,
        "y":263.31168
      },
      "BitCount":8,
      "Colour":0,
      "ValueDisplayMode":0
    }
  ],
  "SubChips":[
    {
      "Name":"4B Decoder",
      "ID":1635785628,
      "Label":"",
      "Position":{
        "x":22.52253,
        "y":264.46307
      },
      "OutputPinColourInfo":[{"PinColour":0,"PinID":1404769235},{"PinColour":0,"PinID":433954246},{"PinColour":0,"PinID":1436785699},{"PinColour":0,"PinID":2103781888},{"PinColour":0,"PinID":1209982256},{"PinColour":0,"PinID":1543097180},{"PinColour":0,"PinID":1465865019},{"PinColour":0,"PinID":1715469414},{"PinColour":0,"PinID":99834322},{"PinColour":0,"PinID":968512665},{"PinColour":0,"PinID":1130521592},{"PinColour":0,"PinID":1579930571},{"PinColour":0,"PinID":776340343},{"PinColour":0,"PinID":1866607612},{"PinColour":0,"PinID":409777183},{"PinColour":0,"PinID":198933704}],
      "InternalData":null
    },
    {
      "Name":"1-8BIT",
      "ID":311584907,
      "Label":"",
      "Position":{
        "x":24.21563,
        "y":263.46967
      },
      "OutputPinColourInfo":[{"PinColour":0,"PinID":8}],
      "InternalData":null
    },
    {
      "Name":"1-8BIT",
      "ID":166583500,
      "Label":"",
      "Position":{
        "x":24.20522,
        "y":265.55252
      },
      "OutputPinColourInfo":[{"PinColour":0,"PinID":8}],
      "InternalData":null
    },
    {
      "Name":"8B Cancler",
      "ID":1526472522,
      "Label":"",
      "Position":{
        "x":25.85655,
        "y":263.30798
      },
      "OutputPinColourInfo":[{"PinColour":0,"PinID":1164945729}],
      "InternalData":null
    },
    {
      "Name":"8B Cancler",
      "ID":568039037,
      "Label":"",
      "Position":{
        "x":25.80153,
        "y":265.40979
      },
      "OutputPinColourInfo":[{"PinColour":0,"PinID":1164945729}],
      "InternalData":null
    },
    {
      "Name":"NOT",
      "ID":1452225450,
      "Label":"",
      "Position":{
        "x":21.54659,
        "y":262.19397
      },
      "OutputPinColourInfo":[{"PinColour":0,"PinID":14895395}],
      "InternalData":null
    }
  ],
  "Wires":[
    {
      "SourcePinAddress":{
        "PinID":1404769235,
        "PinOwnerID":1635785628
      },
      "TargetPinAddress":{
        "PinID":0,
        "PinOwnerID":166583500
      },
      "ConnectionType":0,
      "ConnectedWireIndex":-1,
      "ConnectedWireSegmentIndex":-1,
      "Points":[{"x":0.0,"y":0.0},{"x":0.0,"y":0.0}]
    },
    {
      "SourcePinAddress":{
        "PinID":433954246,
        "PinOwnerID":1635785628
      },
      "TargetPinAddress":{
        "PinID":1,
        "PinOwnerID":166583500
      },
      "ConnectionType":0,
      "ConnectedWireIndex":-1,
      "ConnectedWireSegmentIndex":-1,
      "Points":[{"x":0.0,"y":0.0},{"x":0.0,"y":0.0}]
    },
    {
      "SourcePinAddress":{
        "PinID":1436785699,
        "PinOwnerID":1635785628
      },
      "TargetPinAddress":{
        "PinID":2,
        "PinOwnerID":166583500
      },
      "ConnectionType":0,
      "ConnectedWireIndex":-1,
      "ConnectedWireSegmentIndex":-1,
      "Points":[{"x":0.0,"y":0.0},{"x":0.0,"y":0.0}]
    },
    {
      "SourcePinAddress":{
        "PinID":2103781888,
        "PinOwnerID":1635785628
      },
      "TargetPinAddress":{
        "PinID":3,
        "PinOwnerID":166583500
      },
      "ConnectionType":0,
      "ConnectedWireIndex":-1,
      "ConnectedWireSegmentIndex":-1,
      "Points":[{"x":0.0,"y":0.0},{"x":0.0,"y":0.0}]
    },
    {
      "SourcePinAddress":{
        "PinID":1209982256,
        "PinOwnerID":1635785628
      },
      "TargetPinAddress":{
        "PinID":4,
        "PinOwnerID":166583500
      },
      "ConnectionType":0,
      "ConnectedWireIndex":-1,
      "ConnectedWireSegmentIndex":-1,
      "Points":[{"x":0.0,"y":0.0},{"x":0.0,"y":0.0}]
    },
    {
      "SourcePinAddress":{
        "PinID":1543097180,
        "PinOwnerID":1635785628
      },
      "TargetPinAddress":{
        "PinID":5,
        "PinOwnerID":166583500
      },
      "ConnectionType":0,
      "ConnectedWireIndex":-1,
      "ConnectedWireSegmentIndex":-1,
      "Points":[{"x":0.0,"y":0.0},{"x":0.0,"y":0.0}]
    },
    {
      "SourcePinAddress":{
        "PinID":1465865019,
        "PinOwnerID":1635785628
      },
      "TargetPinAddress":{
        "PinID":6,
        "PinOwnerID":166583500
      },
      "ConnectionType":0,
      "ConnectedWireIndex":-1,
      "ConnectedWireSegmentIndex":-1,
      "Points":[{"x":0.0,"y":0.0},{"x":0.0,"y":0.0}]
    },
    {
      "SourcePinAddress":{
        "PinID":1715469414,
        "PinOwnerID":1635785628
      },
      "TargetPinAddress":{
        "PinID":7,
        "PinOwnerID":166583500
      },
      "ConnectionType":0,
      "ConnectedWireIndex":-1,
      "ConnectedWireSegmentIndex":-1,
      "Points":[{"x":0.0,"y":0.0},{"x":0.0,"y":0.0}]
    },
    {
      "SourcePinAddress":{
        "PinID":99834322,
        "PinOwnerID":1635785628
      },
      "TargetPinAddress":{
        "PinID":0,
        "PinOwnerID":311584907
      },
      "ConnectionType":0,
      "ConnectedWireIndex":-1,
      "ConnectedWireSegmentIndex":-1,
      "Points":[{"x":0.0,"y":0.0},{"x":0.0,"y":0.0}]
    },
    {
      "SourcePinAddress":{
        "PinID":968512665,
        "PinOwnerID":1635785628
      },
      "TargetPinAddress":{
        "PinID":1,
        "PinOwnerID":311584907
      },
      "ConnectionType":0,
      "ConnectedWireIndex":-1,
      "ConnectedWireSegmentIndex":-1,
      "Points":[{"x":0.0,"y":0.0},{"x":0.0,"y":0.0}]
    },
    {
      "SourcePinAddress":{
        "PinID":1130521592,
        "PinOwnerID":1635785628
      },
      "TargetPinAddress":{
        "PinID":2,
        "PinOwnerID":311584907
      },
      "ConnectionType":0,
      "ConnectedWireIndex":-1,
      "ConnectedWireSegmentIndex":-1,
      "Points":[{"x":0.0,"y":0.0},{"x":0.0,"y":0.0}]
    },
    {
      "SourcePinAddress":{
        "PinID":1579930571,
        "PinOwnerID":1635785628
      },
      "TargetPinAddress":{
        "PinID":3,
        "PinOwnerID":311584907
      },
      "ConnectionType":0,
      "ConnectedWireIndex":-1,
      "ConnectedWireSegmentIndex":-1,
      "Points":[{"x":0.0,"y":0.0},{"x":0.0,"y":0.0}]
    },
    {
      "SourcePinAddress":{
        "PinID":776340343,
        "PinOwnerID":1635785628
      },
      "TargetPinAddress":{
        "PinID":4,
        "PinOwnerID":311584907
      },
      "ConnectionType":0,
      "ConnectedWireIndex":-1,
      "ConnectedWireSegmentIndex":-1,
      "Points":[{"x":0.0,"y":0.0},{"x":0.0,"y":0.0}]
    },
    {
      "SourcePinAddress":{
        "PinID":1866607612,
        "PinOwnerID":1635785628
      },
      "TargetPinAddress":{
        "PinID":5,
        "PinOwnerID":311584907
      },
      "ConnectionType":0,
      "ConnectedWireIndex":-1,
      "ConnectedWireSegmentIndex":-1,
      "Points":[{"x":0.0,"y":0.0},{"x":0.0,"y":0.0}]
    },
    {
      "SourcePinAddress":{
        "PinID":409777183,
        "PinOwnerID":1635785628
      },
      "TargetPinAddress":{
        "PinID":6,
        "PinOwnerID":311584907
      },
      "ConnectionType":0,
      "ConnectedWireIndex":-1,
      "ConnectedWireSegmentIndex":-1,
      "Points":[{"x":0.0,"y":0.0},{"x":0.0,"y":0.0}]
    },
    {
      "SourcePinAddress":{
        "PinID":198933704,
        "PinOwnerID":1635785628
      },
      "TargetPinAddress":{
        "PinID":7,
        "PinOwnerID":311584907
      },
      "ConnectionType":0,
      "ConnectedWireIndex":-1,
      "ConnectedWireSegmentIndex":-1,
      "Points":[{"x":0.0,"y":0.0},{"x":0.0,"y":0.0}]
    },
    {
      "SourcePinAddress":{
        "PinID":8,
        "PinOwnerID":166583500
      },
      "TargetPinAddress":{
        "PinID":1148695259,
        "PinOwnerID":568039037
      },
      "ConnectionType":0,
      "ConnectedWireIndex":-1,
      "ConnectedWireSegmentIndex":-1,
      "Points":[{"x":0.0,"y":0.0},{"x":0.0,"y":0.0}]
    },
    {
      "SourcePinAddress":{
        "PinID":8,
        "PinOwnerID":311584907
      },
      "TargetPinAddress":{
        "PinID":1148695259,
        "PinOwnerID":1526472522
      },
      "ConnectionType":0,
      "ConnectedWireIndex":-1,
      "ConnectedWireSegmentIndex":-1,
      "Points":[{"x":0.0,"y":0.0},{"x":0.0,"y":0.0}]
    },
    {
      "SourcePinAddress":{
        "PinID":0,
        "PinOwnerID":1017668735
      },
      "TargetPinAddress":{
        "PinID":507415663,
        "PinOwnerID":1635785628
      },
      "ConnectionType":0,
      "ConnectedWireIndex":-1,
      "ConnectedWireSegmentIndex":-1,
      "Points":[{"x":0.0,"y":0.0},{"x":0.0,"y":0.0}]
    },
    {
      "SourcePinAddress":{
        "PinID":0,
        "PinOwnerID":2011276751
      },
      "TargetPinAddress":{
        "PinID":530670645,
        "PinOwnerID":1635785628
      },
      "ConnectionType":0,
      "ConnectedWireIndex":-1,
      "ConnectedWireSegmentIndex":-1,
      "Points":[{"x":0.0,"y":0.0},{"x":0.0,"y":0.0}]
    },
    {
      "SourcePinAddress":{
        "PinID":0,
        "PinOwnerID":1092743270
      },
      "TargetPinAddress":{
        "PinID":1918171363,
        "PinOwnerID":1635785628
      },
      "ConnectionType":0,
      "ConnectedWireIndex":-1,
      "ConnectedWireSegmentIndex":-1,
      "Points":[{"x":0.0,"y":0.0},{"x":0.0,"y":0.0}]
    },
    {
      "SourcePinAddress":{
        "PinID":0,
        "PinOwnerID":2061955021
      },
      "TargetPinAddress":{
        "PinID":1320436228,
        "PinOwnerID":1635785628
      },
      "ConnectionType":0,
      "ConnectedWireIndex":-1,
      "ConnectedWireSegmentIndex":-1,
      "Points":[{"x":0.0,"y":0.0},{"x":0.0,"y":0.0}]
    },
    {
      "SourcePinAddress":{
        "PinID":1164945729,
        "PinOwnerID":568039037
      },
      "TargetPinAddress":{
        "PinID":0,
        "PinOwnerID":893612489
      },
      "ConnectionType":0,
      "ConnectedWireIndex":-1,
      "ConnectedWireSegmentIndex":-1,
      "Points":[{"x":0.0,"y":0.0},{"x":0.0,"y":0.0}]
    },
    {
      "SourcePinAddress":{
        "PinID":1164945729,
        "PinOwnerID":1526472522
      },
      "TargetPinAddress":{
        "PinID":0,
        "PinOwnerID":1054247881
      },
      "ConnectionType":0,
      "ConnectedWireIndex":-1,
      "ConnectedWireSegmentIndex":-1,
      "Points":[{"x":0.0,"y":0.0},{"x":0.0,"y":0.0}]
    },
    {
      "SourcePinAddress":{
        "PinID":0,
        "PinOwnerID":763275836
      },
      "TargetPinAddress":{
        "PinID":2030901329,
        "PinOwnerID":1452225450
      },
      "ConnectionType":0,
      "ConnectedWireIndex":-1,
      "ConnectedWireSegmentIndex":-1,
      "Points":[{"x":0.0,"y":0.0},{"x":0.0,"y":0.0}]
    },
    {
      "SourcePinAddress":{
        "PinID":14895395,
        "PinOwnerID":1452225450
      },
      "TargetPinAddress":{
        "PinID":1009493463,
        "PinOwnerID":568039037
      },
      "ConnectionType":0,
      "ConnectedWireIndex":-1,
      "ConnectedWireSegmentIndex":-1,
      "Points":[{"x":0.0,"y":0.0},{"x":24.99714,"y":262.19397},{"x":24.99714,"y":265.15649},{"x":0.0,"y":0.0}]
    },
    {
      "SourcePinAddress":{
        "PinID":14895395,
        "PinOwnerID":1452225450
      },
      "TargetPinAddress":{
        "PinID":1009493463,
        "PinOwnerID":1526472522
      },
      "ConnectionType":1,
      "ConnectedWireIndex":25,
      "ConnectedWireSegmentIndex":1,
      "Points":[{"x":24.99714,"y":263.05798},{"x":0.0,"y":0.0}]
    }
  ],
  "Displays":[]
}