{
  "DLSVersion": "2.1.6",
  "Name": "4B MUX",
  "NameLocation": 0,
  "ChipType": 0,
  "Size": {
    "x": 1.025,
    "y": 2.25
  },
  "Colour": {
    "r": 0.578813255,
    "g": 0.798896,
    "b": 0.8855008,
    "a": 1
  },
  "InputPins":[
    {
      "Name":"D0",
      "ID":1713538781,
      "Position":{
        "x":-0.87797,
        "y":-26.34605
      },
      "BitCount":1,
      "Colour":0,
      "ValueDisplayMode":0
    },
    {
      "Name":"D0",
      "ID":634721821,
      "Position":{
        "x":-0.87797,
        "y":-26.86105
      },
      "BitCount":1,
      "Colour":0,
      "ValueDisplayMode":0
    },
    {
      "Name":"D0",
      "ID":1993252243,
      "Position":{
        "x":-0.87797,
        "y":-27.37605
      },
      "BitCount":1,
      "Colour":0,
      "ValueDisplayMode":0
    },
    {
      "Name":"D0",
      "ID":283958062,
      "Position":{
        "x":-0.87797,
        "y":-27.89105
      },
      "BitCount":1,
      "Colour":0,
      "ValueDisplayMode":0
    },
    {
      "Name":"D1",
      "ID":746536791,
      "Position":{
        "x":-0.87797,
        "y":-28.40605
      },
      "BitCount":1,
      "Colour":0,
      "ValueDisplayMode":0
    },
    {
      "Name":"D1",
      "ID":2103527159,
      "Position":{
        "x":-0.87797,
        "y":-28.92105
      },
      "BitCount":1,
      "Colour":0,
      "ValueDisplayMode":0
    },
    {
      "Name":"D1",
      "ID":306913634,
      "Position":{
        "x":-0.87797,
        "y":-29.43604
      },
      "BitCount":1,
      "Colour":0,
      "ValueDisplayMode":0
    },
    {
      "Name":"D1",
      "ID":1312717358,
      "Position":{
        "x":-0.87797,
        "y":-29.95104
      },
      "BitCount":1,
      "Colour":0,
      "ValueDisplayMode":0
    },
    {
      "Name":"S",
      "ID":1727345449,
      "Position":{
        "x":-0.875,
        "y":-31.0
      },
      "BitCount":1,
      "Colour":0,
      "ValueDisplayMode":0
    }
  ],
  "OutputPins":[
    {
      "Name":"OUT",
      "ID":2080527272,
      "Position":{
        "x":5.15866,
        "y":-27.4375
      },
      "BitCount":1,
      "Colour":0,
      "ValueDisplayMode":0
    },
    {
      "Name":"OUT",
      "ID":1608629646,
      "Position":{
        "x":5.15866,
        "y":-27.9375
      },
      "BitCount":1,
      "Colour":0,
      "ValueDisplayMode":0
    },
    {
      "Name":"OUT",
      "ID":1040362634,
      "Position":{
        "x":5.15866,
        "y":-28.4375
      },
      "BitCount":1,
      "Colour":0,
      "ValueDisplayMode":0
    },
    {
      "Name":"OUT",
      "ID":655306585,
      "Position":{
        "x":5.15866,
        "y":-28.9375
      },
      "BitCount":1,
      "Colour":0,
      "ValueDisplayMode":0
    }
  ],
  "SubChips":[
    {
      "Name":"Cancler",
      "ID":980594791,
      "Label":"",
      "Position":{
        "x":1.3475,
        "y":-30.125
      },
      "OutputPinColourInfo":[{"PinColour":0,"PinID":1616067258}],
      "InternalData":null
    },
    {
      "Name":"Cancler",
      "ID":1650318873,
      "Label":"",
      "Position":{
        "x":1.3475,
        "y":-29.5625
      },
      "OutputPinColourInfo":[{"PinColour":0,"PinID":1616067258}],
      "InternalData":null
    },
    {
      "Name":"Cancler",
      "ID":594476238,
      "Label":"",
      "Position":{
        "x":1.3475,
        "y":-28.4375
      },
      "OutputPinColourInfo":[{"PinColour":0,"PinID":1616067258}],
      "InternalData":null
    },
    {
      "Name":"Cancler",
      "ID":1295080348,
      "Label":"",
      "Position":{
        "x":1.3475,
        "y":-29.0
      },
      "OutputPinColourInfo":[{"PinColour":0,"PinID":1616067258}],
      "InternalData":null
    },
    {
      "Name":"Cancler",
      "ID":1539299697,
      "Label":"",
      "Position":{
        "x":1.3475,
        "y":-27.875
      },
      "OutputPinColourInfo":[{"PinColour":0,"PinID":1616067258}],
      "InternalData":null
    },
    {
      "Name":"Cancler",
      "ID":1105874398,
      "Label":"",
      "Position":{
        "x":1.3475,
        "y":-27.3125
      },
      "OutputPinColourInfo":[{"PinColour":0,"PinID":1616067258}],
      "InternalData":null
    },
    {
      "Name":"Cancler",
      "ID":1986773364,
      "Label":"",
      "Position":{
        "x":1.3475,
        "y":-26.75
      },
      "OutputPinColourInfo":[{"PinColour":0,"PinID":1616067258}],
      "InternalData":null
    },
    {
      "Name":"Cancler",
      "ID":301398533,
      "Label":"",
      "Position":{
        "x":1.3475,
        "y":-26.1875
      },
      "OutputPinColourInfo":[{"PinColour":0,"PinID":1616067258}],
      "InternalData":null
    },
    {
      "Name":"NOT",
      "ID":554719355,
      "Label":"",
      "Position":{
        "x":0.87062,
        "y":-31.01289
      },
      "OutputPinColourInfo":[{"PinColour":0,"PinID":14895395}],
      "InternalData":null
    },
    {
      "Name":"OR",
      "ID":566402012,
      "Label":"",
      "Position":{
        "x":3.2225,
        "y":-27.4375
      },
      "OutputPinColourInfo":[{"PinColour":0,"PinID":1797483099}],
      "InternalData":null
    },
    {
      "Name":"OR",
      "ID":606210554,
      "Label":"",
      "Position":{
        "x":3.2225,
        "y":-28.0
      },
      "OutputPinColourInfo":[{"PinColour":0,"PinID":1797483099}],
      "InternalData":null
    },
    {
      "Name":"OR",
      "ID":415133837,
      "Label":"",
      "Position":{
        "x":3.2225,
        "y":-28.5625
      },
      "OutputPinColourInfo":[{"PinColour":0,"PinID":1797483099}],
      "InternalData":null
    },
    {
      "Name":"OR",
      "ID":341888732,
      "Label":"",
      "Position":{
        "x":3.2225,
        "y":-29.125
      },
      "OutputPinColourInfo":[{"PinColour":0,"PinID":1797483099}],
      "InternalData":null
    }
  ],
  "Wires":[
    {
      "SourcePinAddress":{
        "PinID":0,
        "PinOwnerID":1713538781
      },
      "TargetPinAddress":{
        "PinID":211683454,
        "PinOwnerID":301398533
      },
      "ConnectionType":0,
      "ConnectedWireIndex":-1,
      "ConnectedWireSegmentIndex":-1,
      "Points":[{"x":0.0,"y":0.0},{"x":0.0,"y":0.0}]
    },
    {
      "SourcePinAddress":{
        "PinID":0,
        "PinOwnerID":634721821
      },
      "TargetPinAddress":{
        "PinID":211683454,
        "PinOwnerID":1986773364
      },
      "ConnectionType":0,
      "ConnectedWireIndex":-1,
      "ConnectedWireSegmentIndex":-1,
      "Points":[{"x":0.0,"y":0.0},{"x":0.0,"y":0.0}]
    },
    {
      "SourcePinAddress":{
        "PinID":0,
        "PinOwnerID":1993252243
      },
      "TargetPinAddress":{
        "PinID":211683454,
        "PinOwnerID":1105874398
      },
      "ConnectionType":0,
      "ConnectedWireIndex":-1,
      "ConnectedWireSegmentIndex":-1,
      "Points":[{"x":0.0,"y":0.0},{"x":0.0,"y":0.0}]
    },
    {
      "SourcePinAddress":{
        "PinID":0,
        "PinOwnerID":283958062
      },
      "TargetPinAddress":{
        "PinID":211683454,
        "PinOwnerID":1539299697
      },
      "ConnectionType":0,
      "ConnectedWireIndex":-1,
      "ConnectedWireSegmentIndex":-1,
      "Points":[{"x":0.0,"y":0.0},{"x":0.0,"y":0.0}]
    },
    {
      "SourcePinAddress":{
        "PinID":0,
        "PinOwnerID":746536791
      },
      "TargetPinAddress":{
        "PinID":211683454,
        "PinOwnerID":594476238
      },
      "ConnectionType":0,
      "ConnectedWireIndex":-1,
      "ConnectedWireSegmentIndex":-1,
      "Points":[{"x":0.0,"y":0.0},{"x":0.0,"y":0.0}]
    },
    {
      "SourcePinAddress":{
        "PinID":0,
        "PinOwnerID":2103527159
      },
      "TargetPinAddress":{
        "PinID":211683454,
        "PinOwnerID":1295080348
      },
      "ConnectionType":0,
      "ConnectedWireIndex":-1,
      "ConnectedWireSegmentIndex":-1,
      "Points":[{"x":0.0,"y":0.0},{"x":0.0,"y":0.0}]
    },
    {
      "SourcePinAddress":{
        "PinID":0,
        "PinOwnerID":306913634
      },
      "TargetPinAddress":{
        "PinID":211683454,
        "PinOwnerID":1650318873
      },
      "ConnectionType":0,
      "ConnectedWireIndex":-1,
      "ConnectedWireSegmentIndex":-1,
      "Points":[{"x":0.0,"y":0.0},{"x":0.0,"y":0.0}]
    },
    {
      "SourcePinAddress":{
        "PinID":0,
        "PinOwnerID":1312717358
      },
      "TargetPinAddress":{
        "PinID":211683454,
        "PinOwnerID":980594791
      },
      "ConnectionType":0,
      "ConnectedWireIndex":-1,
      "ConnectedWireSegmentIndex":-1,
      "Points":[{"x":0.0,"y":0.0},{"x":0.0,"y":0.0}]
    },
    {
      "SourcePinAddress":{
        "PinID":0,
        "PinOwnerID":1727345449
      },
      "TargetPinAddress":{
        "PinID":2030901329,
        "PinOwnerID":554719355
      },
      "ConnectionType":0,
      "ConnectedWireIndex":-1,
      "ConnectedWireSegmentIndex":-1,
      "Points":[{"x":0.0,"y":0.0},{"x":0.0,"y":0.0}]
    },
    {
      "SourcePinAddress":{
        "PinID":0,
        "PinOwnerID":1727345449
      },
      "TargetPinAddress":{
        "PinID":101598402,
        "PinOwnerID":980594791
      },
      "ConnectionType":1,
      "ConnectedWireIndex":8,
      "ConnectedWireSegmentIndex":0,
      "Points":[{"x":0.41847,"y":-31.01004},{"x":0.41847,"y":-30.24259},{"x":0.0,"y":0.0}]
    },
    {
      "SourcePinAddress":{
        "PinID":0,
        "PinOwnerID":1727345449
      },
      "TargetPinAddress":{
        "PinID":101598402,
        "PinOwnerID":594476238
      },
      "ConnectionType":1,
      "ConnectedWireIndex":9,
      "ConnectedWireSegmentIndex":0,
      "Points":[{"x":0.41847,"y":-30.25056},{"x":0.41847,"y":-28.55283},{"x":0.0,"y":0.0}]
    },
    {
      "SourcePinAddress":{
        "PinID":0,
        "PinOwnerID":1727345449
      },
      "TargetPinAddress":{
        "PinID":101598402,
        "PinOwnerID":1295080348
      },
      "ConnectionType":1,
      "ConnectedWireIndex":10,
      "ConnectedWireSegmentIndex":0,
      "Points":[{"x":0.41847,"y":-29.125},{"x":0.0,"y":0.0}]
    },
    {
      "SourcePinAddress":{
        "PinID":0,
        "PinOwnerID":1727345449
      },
      "TargetPinAddress":{
        "PinID":101598402,
        "PinOwnerID":1650318873
      },
      "ConnectionType":1,
      "ConnectedWireIndex":10,
      "ConnectedWireSegmentIndex":0,
      "Points":[{"x":0.41847,"y":-29.6875},{"x":0.0,"y":0.0}]
    },
    {
      "SourcePinAddress":{
        "PinID":14895395,
        "PinOwnerID":554719355
      },
      "TargetPinAddress":{
        "PinID":101598402,
        "PinOwnerID":301398533
      },
      "ConnectionType":0,
      "ConnectedWireIndex":-1,
      "ConnectedWireSegmentIndex":-1,
      "Points":[{"x":0.0,"y":0.0},{"x":1.38365,"y":-31.01289},{"x":1.38365,"y":-30.6172},{"x":0.57863,"y":-30.6172},{"x":0.57863,"y":-26.30514},{"x":0.0,"y":0.0}]
    },
    {
      "SourcePinAddress":{
        "PinID":14895395,
        "PinOwnerID":554719355
      },
      "TargetPinAddress":{
        "PinID":101598402,
        "PinOwnerID":1986773364
      },
      "ConnectionType":1,
      "ConnectedWireIndex":13,
      "ConnectedWireSegmentIndex":3,
      "Points":[{"x":0.57863,"y":-26.875},{"x":0.0,"y":0.0}]
    },
    {
      "SourcePinAddress":{
        "PinID":14895395,
        "PinOwnerID":554719355
      },
      "TargetPinAddress":{
        "PinID":101598402,
        "PinOwnerID":1105874398
      },
      "ConnectionType":1,
      "ConnectedWireIndex":13,
      "ConnectedWireSegmentIndex":3,
      "Points":[{"x":0.57863,"y":-27.4375},{"x":0.0,"y":0.0}]
    },
    {
      "SourcePinAddress":{
        "PinID":14895395,
        "PinOwnerID":554719355
      },
      "TargetPinAddress":{
        "PinID":101598402,
        "PinOwnerID":1539299697
      },
      "ConnectionType":1,
      "ConnectedWireIndex":13,
      "ConnectedWireSegmentIndex":3,
      "Points":[{"x":0.57863,"y":-28.0},{"x":0.0,"y":0.0}]
    },
    {
      "SourcePinAddress":{
        "PinID":1616067258,
        "PinOwnerID":301398533
      },
      "TargetPinAddress":{
        "PinID":1660214207,
        "PinOwnerID":566402012
      },
      "ConnectionType":0,
      "ConnectedWireIndex":-1,
      "ConnectedWireSegmentIndex":-1,
      "Points":[{"x":0.0,"y":0.0},{"x":2.7288,"y":-26.1875},{"x":2.7288,"y":-27.31419},{"x":0.0,"y":0.0}]
    },
    {
      "SourcePinAddress":{
        "PinID":1616067258,
        "PinOwnerID":594476238
      },
      "TargetPinAddress":{
        "PinID":1101441429,
        "PinOwnerID":566402012
      },
      "ConnectionType":0,
      "ConnectedWireIndex":-1,
      "ConnectedWireSegmentIndex":-1,
      "Points":[{"x":0.0,"y":0.0},{"x":2.7202,"y":-28.4375},{"x":2.7202,"y":-27.5462},{"x":0.0,"y":0.0}]
    },
    {
      "SourcePinAddress":{
        "PinID":1616067258,
        "PinOwnerID":1986773364
      },
      "TargetPinAddress":{
        "PinID":1660214207,
        "PinOwnerID":606210554
      },
      "ConnectionType":0,
      "ConnectedWireIndex":-1,
      "ConnectedWireSegmentIndex":-1,
      "Points":[{"x":0.0,"y":0.0},{"x":2.58271,"y":-26.75},{"x":2.58271,"y":-27.83837},{"x":0.0,"y":0.0}]
    },
    {
      "SourcePinAddress":{
        "PinID":1616067258,
        "PinOwnerID":1295080348
      },
      "TargetPinAddress":{
        "PinID":1101441429,
        "PinOwnerID":606210554
      },
      "ConnectionType":0,
      "ConnectedWireIndex":-1,
      "ConnectedWireSegmentIndex":-1,
      "Points":[{"x":0.0,"y":0.0},{"x":2.63427,"y":-29.0},{"x":2.63427,"y":-28.07038},{"x":0.0,"y":0.0}]
    },
    {
      "SourcePinAddress":{
        "PinID":1616067258,
        "PinOwnerID":1105874398
      },
      "TargetPinAddress":{
        "PinID":1660214207,
        "PinOwnerID":415133837
      },
      "ConnectionType":0,
      "ConnectedWireIndex":-1,
      "ConnectedWireSegmentIndex":-1,
      "Points":[{"x":0.0,"y":0.0},{"x":2.43663,"y":-27.3125},{"x":2.43663,"y":-28.50004},{"x":0.0,"y":0.0}]
    },
    {
      "SourcePinAddress":{
        "PinID":1616067258,
        "PinOwnerID":1650318873
      },
      "TargetPinAddress":{
        "PinID":1101441429,
        "PinOwnerID":415133837
      },
      "ConnectionType":0,
      "ConnectedWireIndex":-1,
      "ConnectedWireSegmentIndex":-1,
      "Points":[{"x":0.0,"y":0.0},{"x":2.42804,"y":-29.5625},{"x":2.42804,"y":-28.68049},{"x":0.0,"y":0.0}]
    },
    {
      "SourcePinAddress":{
        "PinID":1616067258,
        "PinOwnerID":1539299697
      },
      "TargetPinAddress":{
        "PinID":1660214207,
        "PinOwnerID":341888732
      },
      "ConnectionType":0,
      "ConnectedWireIndex":-1,
      "ConnectedWireSegmentIndex":-1,
      "Points":[{"x":0.0,"y":0.0},{"x":2.27336,"y":-27.875},{"x":2.27336,"y":-29.05},{"x":0.0,"y":0.0}]
    },
    {
      "SourcePinAddress":{
        "PinID":1616067258,
        "PinOwnerID":980594791
      },
      "TargetPinAddress":{
        "PinID":1101441429,
        "PinOwnerID":341888732
      },
      "ConnectionType":0,
      "ConnectedWireIndex":-1,
      "ConnectedWireSegmentIndex":-1,
      "Points":[{"x":0.0,"y":0.0},{"x":2.85769,"y":-30.125},{"x":2.85769,"y":-29.25623},{"x":0.0,"y":0.0}]
    },
    {
      "SourcePinAddress":{
        "PinID":1797483099,
        "PinOwnerID":341888732
      },
      "TargetPinAddress":{
        "PinID":0,
        "PinOwnerID":655306585
      },
      "ConnectionType":0,
      "ConnectedWireIndex":-1,
      "ConnectedWireSegmentIndex":-1,
      "Points":[{"x":0.0,"y":0.0},{"x":0.0,"y":0.0}]
    },
    {
      "SourcePinAddress":{
        "PinID":1797483099,
        "PinOwnerID":415133837
      },
      "TargetPinAddress":{
        "PinID":0,
        "PinOwnerID":1040362634
      },
      "ConnectionType":0,
      "ConnectedWireIndex":-1,
      "ConnectedWireSegmentIndex":-1,
      "Points":[{"x":0.0,"y":0.0},{"x":0.0,"y":0.0}]
    },
    {
      "SourcePinAddress":{
        "PinID":1797483099,
        "PinOwnerID":606210554
      },
      "TargetPinAddress":{
        "PinID":0,
        "PinOwnerID":1608629646
      },
      "ConnectionType":0,
      "ConnectedWireIndex":-1,
      "ConnectedWireSegmentIndex":-1,
      "Points":[{"x":0.0,"y":0.0},{"x":0.0,"y":0.0}]
    },
    {
      "SourcePinAddress":{
        "PinID":1797483099,
        "PinOwnerID":566402012
      },
      "TargetPinAddress":{
        "PinID":0,
        "PinOwnerID":2080527272
      },
      "ConnectionType":0,
      "ConnectedWireIndex":-1,
      "ConnectedWireSegmentIndex":-1,
      "Points":[{"x":0.0,"y":0.0},{"x":0.0,"y":0.0}]
    }
  ],
  "Displays":[]
}