{
  "DLSVersion": "2.1.6",
  "Name": "4OR",
  "NameLocation": 0,
  "ChipType": 0,
  "Size": {
    "x": 0.575,
    "y": 1.0
  },
  "Colour": {
    "r": 0.5214181,
    "g": 0.10831216,
    "b": 0.227199644,
    "a": 1
  },
  "InputPins":[
    {
      "Name":"IN",
      "ID":1048891278,
      "Position":{
        "x":-0.04339,
        "y":-11.06191
      },
      "BitCount":1,
      "Colour":0,
      "ValueDisplayMode":0
    },
    {
      "Name":"IN",
      "ID":143336155,
      "Position":{
        "x":-0.04339,
        "y":-11.57691
      },
      "BitCount":1,
      "Colour":0,
      "ValueDisplayMode":0
    },
    {
      "Name":"IN",
      "ID":1678651094,
      "Position":{
        "x":-0.04339,
        "y":-12.09191
      },
      "BitCount":1,
      "Colour":0,
      "ValueDisplayMode":0
    },
    {
      "Name":"IN",
      "ID":930515347,
      "Position":{
        "x":-0.04339,
        "y":-12.60691
      },
      "BitCount":1,
      "Colour":0,
      "ValueDisplayMode":0
    }
  ],
  "OutputPins":[
    {
      "Name":"OUT",
      "ID":1949838215,
      "Position":{
        "x":4.61375,
        "y":-11.9329
      },
      "BitCount":1,
      "Colour":0,
      "ValueDisplayMode":0
    }
  ],
  "SubChips":[
    {
      "Name":"OR",
      "ID":1450635122,
      "Label":"",
      "Position":{
        "x":2.11631,
        "y":-11.51518
      },
      "OutputPinColourInfo":[{"PinColour":0,"PinID":1797483099}],
      "InternalData":null
    },
    {
      "Name":"OR",
      "ID":300541793,
      "Label":"",
      "Position":{
        "x":2.11631,
        "y":-12.14518
      },
      "OutputPinColourInfo":[{"PinColour":0,"PinID":1797483099}],
      "InternalData":null
    },
    {
      "Name":"OR",
      "ID":1075454486,
      "Label":"",
      "Position":{
        "x":3.0975,
        "y":-11.875
      },
      "OutputPinColourInfo":[{"PinColour":0,"PinID":1797483099}],
      "InternalData":null
    }
  ],
  "Wires":[
    {
      "SourcePinAddress":{
        "PinID":1797483099,
        "PinOwnerID":1450635122
      },
      "TargetPinAddress":{
        "PinID":1660214207,
        "PinOwnerID":1075454486
      },
      "ConnectionType":0,
      "ConnectedWireIndex":-1,
      "ConnectedWireSegmentIndex":-1,
      "Points":[{"x":0.0,"y":0.0},{"x":0.0,"y":0.0}]
    },
    {
      "SourcePinAddress":{
        "PinID":1797483099,
        "PinOwnerID":300541793
      },
      "TargetPinAddress":{
        "PinID":1101441429,
        "PinOwnerID":1075454486
      },
      "ConnectionType":0,
      "ConnectedWireIndex":-1,
      "ConnectedWireSegmentIndex":-1,
      "Points":[{"x":0.0,"y":0.0},{"x":0.0,"y":0.0}]
    },
    {
      "SourcePinAddress":{
        "PinID":0,
        "PinOwnerID":1048891278
      },
      "TargetPinAddress":{
        "PinID":1660214207,
        "PinOwnerID":1450635122
      },
      "ConnectionType":0,
      "ConnectedWireIndex":-1,
      "ConnectedWireSegmentIndex":-1,
      "Points":[{"x":0.0,"y":0.0},{"x":0.0,"y":0.0}]
    },
    {
      "SourcePinAddress":{
        "PinID":0,
        "PinOwnerID":143336155
      },
      "TargetPinAddress":{
        "PinID":1101441429,
        "PinOwnerID":1450635122
      },
      "ConnectionType":0,
      "ConnectedWireIndex":-1,
      "ConnectedWireSegmentIndex":-1,
      "Points":[{"x":0.0,"y":0.0},{"x":0.0,"y":0.0}]
    },
    {
      "SourcePinAddress":{
        "PinID":0,
        "PinOwnerID":1678651094
      },
      "TargetPinAddress":{
        "PinID":1660214207,
        "PinOwnerID":300541793
      },
      "ConnectionType":0,
      "ConnectedWireIndex":-1,
      "ConnectedWireSegmentIndex":-1,
      "Points":[{"x":0.0,"y":0.0},{"x":0.0,"y":0.0}]
    },
    {
      "SourcePinAddress":{
        "PinID":0,
        "PinOwnerID":930515347
      },
      "TargetPinAddress":{
        "PinID":1101441429,
        "PinOwnerID":300541793
      },
      "ConnectionType":0,
      "ConnectedWireIndex":-1,
      "ConnectedWireSegmentIndex":-1,
      "Points":[{"x":0.0,"y":0.0},{"x":0.0,"y":0.0}]
    },
    {
      "SourcePinAddress":{
        "PinID":1797483099,
        "PinOwnerID":1075454486
      },
      "TargetPinAddress":{
        "PinID":0,
        "PinOwnerID":1949838215
      },
      "ConnectionType":0,
      "ConnectedWireIndex":-1,
      "ConnectedWireSegmentIndex":-1,
      "Points":[{"x":0.0,"y":0.0},{"x":0.0,"y":0.0}]
    }
  ],
  "Displays": null
}