{
  "DLSVersion": "2.1.6",
  "Name": "5B Decoder",
  "NameLocation": 0,
  "ChipType": 0,
  "Size": {
    "x": 1.25,
    "y": 8.0
  },
  "Colour": {
    "r": 0.914231658,
    "g": 0.7570026,
    "b": 0.6183454,
    "a": 1
  },
  "InputPins":[
    {
      "Name":"IN",
      "ID":1382159069,
      "Position":{
        "x":-15.375,
        "y":-5.6875
      },
      "BitCount":1,
      "Colour":0,
      "ValueDisplayMode":0
    },
    {
      "Name":"IN",
      "ID":1993869305,
      "Position":{
        "x":-15.375,
        "y":-6.125
      },
      "BitCount":1,
      "Colour":0,
      "ValueDisplayMode":0
    },
    {
      "Name":"IN",
      "ID":1426634780,
      "Position":{
        "x":-15.375,
        "y":-6.5625
      },
      "BitCount":1,
      "Colour":0,
      "ValueDisplayMode":0
    },
    {
      "Name":"IN",
      "ID":625981927,
      "Position":{
        "x":-15.375,
        "y":-7.0
      },
      "BitCount":1,
      "Colour":0,
      "ValueDisplayMode":0
    },
    {
      "Name":"IN",
      "ID":1075830406,
      "Position":{
        "x":-15.375,
        "y":-7.4375
      },
      "BitCount":1,
      "Colour":0,
      "ValueDisplayMode":0
    },
    {
      "Name":"EN",
      "ID":40204209,
      "Position":{
        "x":-15.375,
        "y":-8.0625
      },
      "BitCount":1,
      "Colour":0,
      "ValueDisplayMode":0
    }
  ],
  "OutputPins":[
    {
      "Name":"OUT",
      "ID":603107421,
      "Position":{
        "x":-2.75,
        "y":3.375
      },
      "BitCount":1,
      "Colour":0,
      "ValueDisplayMode":0
    },
    {
      "Name":"OUT",
      "ID":160832958,
      "Position":{
        "x":-2.75,
        "y":2.9375
      },
      "BitCount":1,
      "Colour":0,
      "ValueDisplayMode":0
    },
    {
      "Name":"OUT",
      "ID":1958826432,
      "Position":{
        "x":-2.75,
        "y":2.5
      },
      "BitCount":1,
      "Colour":0,
      "ValueDisplayMode":0
    },
    {
      "Name":"OUT",
      "ID":445607788,
      "Position":{
        "x":-2.75,
        "y":2.0625
      },
      "BitCount":1,
      "Colour":0,
      "ValueDisplayMode":0
    },
    {
      "Name":"OUT",
      "ID":1948743654,
      "Position":{
        "x":-2.75,
        "y":1.625
      },
      "BitCount":1,
      "Colour":0,
      "ValueDisplayMode":0
    },
    {
      "Name":"OUT",
      "ID":720527341,
      "Position":{
        "x":-2.75,
        "y":1.1875
      },
      "BitCount":1,
      "Colour":0,
      "ValueDisplayMode":0
    },
    {
      "Name":"OUT",
      "ID":414073608,
      "Position":{
        "x":-2.75,
        "y":0.75
      },
      "BitCount":1,
      "Colour":0,
      "ValueDisplayMode":0
    },
    {
      "Name":"OUT",
      "ID":586446869,
      "Position":{
        "x":-2.75,
        "y":0.3125
      },
      "BitCount":1,
      "Colour":0,
      "ValueDisplayMode":0
    },
    {
      "Name":"OUT",
      "ID":816190187,
      "Position":{
        "x":-2.75,
        "y":-0.125
      },
      "BitCount":1,
      "Colour":0,
      "ValueDisplayMode":0
    },
    {
      "Name":"OUT",
      "ID":854043643,
      "Position":{
        "x":-2.75,
        "y":-0.5625
      },
      "BitCount":1,
      "Colour":0,
      "ValueDisplayMode":0
    },
    {
      "Name":"OUT",
      "ID":194312267,
      "Position":{
        "x":-2.75,
        "y":-1.0
      },
      "BitCount":1,
      "Colour":0,
      "ValueDisplayMode":0
    },
    {
      "Name":"OUT",
      "ID":167464074,
      "Position":{
        "x":-2.75,
        "y":-1.4375
      },
      "BitCount":1,
      "Colour":0,
      "ValueDisplayMode":0
    },
    {
      "Name":"OUT",
      "ID":1892304017,
      "Position":{
        "x":-2.75,
        "y":-1.875
      },
      "BitCount":1,
      "Colour":0,
      "ValueDisplayMode":0
    },
    {
      "Name":"OUT",
      "ID":743973454,
      "Position":{
        "x":-2.75,
        "y":-2.3125
      },
      "BitCount":1,
      "Colour":0,
      "ValueDisplayMode":0
    },
    {
      "Name":"OUT",
      "ID":1505141995,
      "Position":{
        "x":-2.75,
        "y":-2.75
      },
      "BitCount":1,
      "Colour":0,
      "ValueDisplayMode":0
    },
    {
      "Name":"OUT",
      "ID":1431785319,
      "Position":{
        "x":-2.75,
        "y":-3.1875
      },
      "BitCount":1,
      "Colour":0,
      "ValueDisplayMode":0
    },
    {
      "Name":"OUT",
      "ID":934069520,
      "Position":{
        "x":-2.75,
        "y":-3.625
      },
      "BitCount":1,
      "Colour":0,
      "ValueDisplayMode":0
    },
    {
      "Name":"OUT",
      "ID":388053136,
      "Position":{
        "x":-2.75,
        "y":-4.0625
      },
      "BitCount":1,
      "Colour":0,
      "ValueDisplayMode":0
    },
    {
      "Name":"OUT",
      "ID":1551779161,
      "Position":{
        "x":-2.75,
        "y":-4.5
      },
      "BitCount":1,
      "Colour":0,
      "ValueDisplayMode":0
    },
    {
      "Name":"OUT",
      "ID":1808382804,
      "Position":{
        "x":-2.75,
        "y":-4.9375
      },
      "BitCount":1,
      "Colour":0,
      "ValueDisplayMode":0
    },
    {
      "Name":"OUT",
      "ID":388031485,
      "Position":{
        "x":-2.75,
        "y":-5.375
      },
      "BitCount":1,
      "Colour":0,
      "ValueDisplayMode":0
    },
    {
      "Name":"OUT",
      "ID":1856528301,
      "Position":{
        "x":-2.75,
        "y":-5.8125
      },
      "BitCount":1,
      "Colour":0,
      "ValueDisplayMode":0
    },
    {
      "Name":"OUT",
      "ID":298522545,
      "Position":{
        "x":-2.75,
        "y":-6.25
      },
      "BitCount":1,
      "Colour":0,
      "ValueDisplayMode":0
    },
    {
      "Name":"OUT",
      "ID":1724964547,
      "Position":{
        "x":-2.75,
        "y":-6.6875
      },
      "BitCount":1,
      "Colour":0,
      "ValueDisplayMode":0
    },
    {
      "Name":"OUT",
      "ID":1741014643,
      "Position":{
        "x":-2.75,
        "y":-7.125
      },
      "BitCount":1,
      "Colour":0,
      "ValueDisplayMode":0
    },
    {
      "Name":"OUT",
      "ID":1874066712,
      "Position":{
        "x":-2.75,
        "y":-7.5625
      },
      "BitCount":1,
      "Colour":0,
      "ValueDisplayMode":0
    },
    {
      "Name":"OUT",
      "ID":1245475956,
      "Position":{
        "x":-2.75,
        "y":-8.0
      },
      "BitCount":1,
      "Colour":0,
      "ValueDisplayMode":0
    },
    {
      "Name":"OUT",
      "ID":1323060543,
      "Position":{
        "x":-2.75,
        "y":-8.4375
      },
      "BitCount":1,
      "Colour":0,
      "ValueDisplayMode":0
    },
    {
      "Name":"OUT",
      "ID":488822355,
      "Position":{
        "x":-2.75,
        "y":-8.875
      },
      "BitCount":1,
      "Colour":0,
      "ValueDisplayMode":0
    },
    {
      "Name":"OUT",
      "ID":1813197866,
      "Position":{
        "x":-2.75,
        "y":-9.3125
      },
      "BitCount":1,
      "Colour":0,
      "ValueDisplayMode":0
    },
    {
      "Name":"OUT",
      "ID":993695991,
      "Position":{
        "x":-2.75,
        "y":-9.75
      },
      "BitCount":1,
      "Colour":0,
      "ValueDisplayMode":0
    },
    {
      "Name":"OUT",
      "ID":1787958454,
      "Position":{
        "x":-2.75,
        "y":-10.1875
      },
      "BitCount":1,
      "Colour":0,
      "ValueDisplayMode":0
    }
  ],
  "SubChips":[
    {
      "Name":"4B Decoder with EN",
      "ID":1405679038,
      "Label":"",
      "Position":{
        "x":-9.39,
        "y":-6.9375
      },
      "OutputPinColourInfo":[{"PinColour":0,"PinID":893612489},{"PinColour":0,"PinID":1054247881}],
      "InternalData":null
    },
    {
      "Name":"4B Decoder with EN",
      "ID":162191778,
      "Label":"",
      "Position":{
        "x":-9.39,
        "y":-5.5625
      },
      "OutputPinColourInfo":[{"PinColour":0,"PinID":893612489},{"PinColour":0,"PinID":1054247881}],
      "InternalData":null
    },
    {
      "Name":"NOT",
      "ID":1773410308,
      "Label":"",
      "Position":{
        "x":-13.2025,
        "y":-5.6875
      },
      "OutputPinColourInfo":[{"PinColour":0,"PinID":14895395}],
      "InternalData":null
    },
    {
      "Name":"8B Cancler",
      "ID":1899021913,
      "Label":"",
      "Position":{
        "x":-7.49,
        "y":-7.4375
      },
      "OutputPinColourInfo":[{"PinColour":0,"PinID":1164945729}],
      "InternalData":null
    },
    {
      "Name":"8B Cancler",
      "ID":2000459357,
      "Label":"",
      "Position":{
        "x":-7.49,
        "y":-6.625
      },
      "OutputPinColourInfo":[{"PinColour":0,"PinID":1164945729}],
      "InternalData":null
    },
    {
      "Name":"8B Cancler",
      "ID":1390793384,
      "Label":"",
      "Position":{
        "x":-7.49,
        "y":-5.8125
      },
      "OutputPinColourInfo":[{"PinColour":0,"PinID":1164945729}],
      "InternalData":null
    },
    {
      "Name":"8B Cancler",
      "ID":1394069033,
      "Label":"",
      "Position":{
        "x":-7.49,
        "y":-5.0
      },
      "OutputPinColourInfo":[{"PinColour":0,"PinID":1164945729}],
      "InternalData":null
    },
    {
      "Name":"NOT",
      "ID":1052529470,
      "Label":"",
      "Position":{
        "x":-13.5775,
        "y":-8.0625
      },
      "OutputPinColourInfo":[{"PinColour":0,"PinID":14895395}],
      "InternalData":null
    },
    {
      "Name":"8-1BIT",
      "ID":2061964005,
      "Label":"",
      "Position":{
        "x":-5.5525,
        "y":-9.3125
      },
      "OutputPinColourInfo":[{"PinColour":0,"PinID":1},{"PinColour":0,"PinID":2},{"PinColour":0,"PinID":3},{"PinColour":0,"PinID":4},{"PinColour":0,"PinID":5},{"PinColour":0,"PinID":6},{"PinColour":0,"PinID":7},{"PinColour":0,"PinID":8}],
      "InternalData":null
    },
    {
      "Name":"8-1BIT",
      "ID":1935273952,
      "Label":"",
      "Position":{
        "x":-5.5525,
        "y":-7.25
      },
      "OutputPinColourInfo":[{"PinColour":0,"PinID":1},{"PinColour":0,"PinID":2},{"PinColour":0,"PinID":3},{"PinColour":0,"PinID":4},{"PinColour":0,"PinID":5},{"PinColour":0,"PinID":6},{"PinColour":0,"PinID":7},{"PinColour":0,"PinID":8}],
      "InternalData":null
    },
    {
      "Name":"8-1BIT",
      "ID":921813260,
      "Label":"",
      "Position":{
        "x":-5.5525,
        "y":-5.1875
      },
      "OutputPinColourInfo":[{"PinColour":0,"PinID":1},{"PinColour":0,"PinID":2},{"PinColour":0,"PinID":3},{"PinColour":0,"PinID":4},{"PinColour":0,"PinID":5},{"PinColour":0,"PinID":6},{"PinColour":0,"PinID":7},{"PinColour":0,"PinID":8}],
      "InternalData":null
    },
    {
      "Name":"8-1BIT",
      "ID":1728120070,
      "Label":"",
      "Position":{
        "x":-5.5525,
        "y":-3.125
      },
      "OutputPinColourInfo":[{"PinColour":0,"PinID":1},{"PinColour":0,"PinID":2},{"PinColour":0,"PinID":3},{"PinColour":0,"PinID":4},{"PinColour":0,"PinID":5},{"PinColour":0,"PinID":6},{"PinColour":0,"PinID":7},{"PinColour":0,"PinID":8}],
      "InternalData":null
    }
  ],
  "Wires":[
    {
      "SourcePinAddress":{
        "PinID":0,
        "PinOwnerID":1993869305
      },
      "TargetPinAddress":{
        "PinID":2061955021,
        "PinOwnerID":162191778
      },
      "ConnectionType":0,
      "ConnectedWireIndex":-1,
      "ConnectedWireSegmentIndex":-1,
      "Points":[{"x":0.0,"y":0.0},{"x":-10.74264,"y":-6.125},{"x":-10.74264,"y":-5.04539},{"x":0.0,"y":0.0}]
    },
    {
      "SourcePinAddress":{
        "PinID":0,
        "PinOwnerID":1426634780
      },
      "TargetPinAddress":{
        "PinID":1092743270,
        "PinOwnerID":162191778
      },
      "ConnectionType":0,
      "ConnectedWireIndex":-1,
      "ConnectedWireSegmentIndex":-1,
      "Points":[{"x":0.0,"y":0.0},{"x":-10.71295,"y":-6.5625},{"x":-10.71295,"y":-5.29036},{"x":0.0,"y":0.0}]
    },
    {
      "SourcePinAddress":{
        "PinID":0,
        "PinOwnerID":625981927
      },
      "TargetPinAddress":{
        "PinID":2011276751,
        "PinOwnerID":162191778
      },
      "ConnectionType":0,
      "ConnectedWireIndex":-1,
      "ConnectedWireSegmentIndex":-1,
      "Points":[{"x":0.0,"y":0.0},{"x":-10.64614,"y":-7.02002},{"x":-10.64614,"y":-5.5625},{"x":0.0,"y":0.0}]
    },
    {
      "SourcePinAddress":{
        "PinID":0,
        "PinOwnerID":1075830406
      },
      "TargetPinAddress":{
        "PinID":1017668735,
        "PinOwnerID":162191778
      },
      "ConnectionType":0,
      "ConnectedWireIndex":-1,
      "ConnectedWireSegmentIndex":-1,
      "Points":[{"x":0.0,"y":0.0},{"x":-10.62386,"y":-7.4375},{"x":-10.62386,"y":-5.79515},{"x":0.0,"y":0.0}]
    },
    {
      "SourcePinAddress":{
        "PinID":0,
        "PinOwnerID":1993869305
      },
      "TargetPinAddress":{
        "PinID":2061955021,
        "PinOwnerID":1405679038
      },
      "ConnectionType":1,
      "ConnectedWireIndex":0,
      "ConnectedWireSegmentIndex":0,
      "Points":[{"x":-10.96534,"y":-6.125},{"x":-10.96534,"y":-6.4375},{"x":0.0,"y":0.0}]
    },
    {
      "SourcePinAddress":{
        "PinID":0,
        "PinOwnerID":1426634780
      },
      "TargetPinAddress":{
        "PinID":1092743270,
        "PinOwnerID":1405679038
      },
      "ConnectionType":1,
      "ConnectedWireIndex":1,
      "ConnectedWireSegmentIndex":0,
      "Points":[{"x":-11.38848,"y":-6.5625},{"x":-11.38848,"y":-6.6875},{"x":0.0,"y":0.0}]
    },
    {
      "SourcePinAddress":{
        "PinID":0,
        "PinOwnerID":625981927
      },
      "TargetPinAddress":{
        "PinID":2011276751,
        "PinOwnerID":1405679038
      },
      "ConnectionType":1,
      "ConnectedWireIndex":2,
      "ConnectedWireSegmentIndex":0,
      "Points":[{"x":-11.65554,"y":-7.01494},{"x":-11.65572,"y":-6.9375},{"x":0.0,"y":0.0}]
    },
    {
      "SourcePinAddress":{
        "PinID":0,
        "PinOwnerID":1075830406
      },
      "TargetPinAddress":{
        "PinID":1017668735,
        "PinOwnerID":1405679038
      },
      "ConnectionType":1,
      "ConnectedWireIndex":3,
      "ConnectedWireSegmentIndex":1,
      "Points":[{"x":-10.62386,"y":-7.1875},{"x":0.0,"y":0.0}]
    },
    {
      "SourcePinAddress":{
        "PinID":0,
        "PinOwnerID":1382159069
      },
      "TargetPinAddress":{
        "PinID":2030901329,
        "PinOwnerID":1773410308
      },
      "ConnectionType":0,
      "ConnectedWireIndex":-1,
      "ConnectedWireSegmentIndex":-1,
      "Points":[{"x":0.0,"y":0.0},{"x":0.0,"y":0.0}]
    },
    {
      "SourcePinAddress":{
        "PinID":14895395,
        "PinOwnerID":1773410308
      },
      "TargetPinAddress":{
        "PinID":763275836,
        "PinOwnerID":1405679038
      },
      "ConnectionType":0,
      "ConnectedWireIndex":-1,
      "ConnectedWireSegmentIndex":-1,
      "Points":[{"x":0.0,"y":0.0},{"x":-11.98537,"y":-5.6875},{"x":-11.98537,"y":-7.4613},{"x":0.0,"y":0.0}]
    },
    {
      "SourcePinAddress":{
        "PinID":0,
        "PinOwnerID":1382159069
      },
      "TargetPinAddress":{
        "PinID":763275836,
        "PinOwnerID":162191778
      },
      "ConnectionType":1,
      "ConnectedWireIndex":8,
      "ConnectedWireSegmentIndex":0,
      "Points":[{"x":-13.74865,"y":-5.6875},{"x":-13.74865,"y":-6.0625},{"x":0.0,"y":0.0}]
    },
    {
      "SourcePinAddress":{
        "PinID":893612489,
        "PinOwnerID":162191778
      },
      "TargetPinAddress":{
        "PinID":1148695259,
        "PinOwnerID":1394069033
      },
      "ConnectionType":0,
      "ConnectedWireIndex":-1,
      "ConnectedWireSegmentIndex":-1,
      "Points":[{"x":0.0,"y":0.0},{"x":0.0,"y":0.0}]
    },
    {
      "SourcePinAddress":{
        "PinID":1054247881,
        "PinOwnerID":162191778
      },
      "TargetPinAddress":{
        "PinID":1148695259,
        "PinOwnerID":1390793384
      },
      "ConnectionType":0,
      "ConnectedWireIndex":-1,
      "ConnectedWireSegmentIndex":-1,
      "Points":[{"x":0.0,"y":0.0},{"x":0.0,"y":0.0}]
    },
    {
      "SourcePinAddress":{
        "PinID":893612489,
        "PinOwnerID":1405679038
      },
      "TargetPinAddress":{
        "PinID":1148695259,
        "PinOwnerID":2000459357
      },
      "ConnectionType":0,
      "ConnectedWireIndex":-1,
      "ConnectedWireSegmentIndex":-1,
      "Points":[{"x":0.0,"y":0.0},{"x":0.0,"y":0.0}]
    },
    {
      "SourcePinAddress":{
        "PinID":1054247881,
        "PinOwnerID":1405679038
      },
      "TargetPinAddress":{
        "PinID":1148695259,
        "PinOwnerID":1899021913
      },
      "ConnectionType":0,
      "ConnectedWireIndex":-1,
      "ConnectedWireSegmentIndex":-1,
      "Points":[{"x":0.0,"y":0.0},{"x":0.0,"y":0.0}]
    },
    {
      "SourcePinAddress":{
        "PinID":0,
        "PinOwnerID":40204209
      },
      "TargetPinAddress":{
        "PinID":2030901329,
        "PinOwnerID":1052529470
      },
      "ConnectionType":0,
      "ConnectedWireIndex":-1,
      "ConnectedWireSegmentIndex":-1,
      "Points":[{"x":0.0,"y":0.0},{"x":0.0,"y":0.0}]
    },
    {
      "SourcePinAddress":{
        "PinID":14895395,
        "PinOwnerID":1052529470
      },
      "TargetPinAddress":{
        "PinID":1009493463,
        "PinOwnerID":1394069033
      },
      "ConnectionType":0,
      "ConnectedWireIndex":-1,
      "ConnectedWireSegmentIndex":-1,
      "Points":[{"x":0.0,"y":0.0},{"x":-8.39055,"y":-8.0625},{"x":-8.39055,"y":-5.2436},{"x":0.0,"y":0.0}]
    },
    {
      "SourcePinAddress":{
        "PinID":14895395,
        "PinOwnerID":1052529470
      },
      "TargetPinAddress":{
        "PinID":1009493463,
        "PinOwnerID":1390793384
      },
      "ConnectionType":1,
      "ConnectedWireIndex":16,
      "ConnectedWireSegmentIndex":1,
      "Points":[{"x":-8.39055,"y":-6.0625},{"x":0.0,"y":0.0}]
    },
    {
      "SourcePinAddress":{
        "PinID":14895395,
        "PinOwnerID":1052529470
      },
      "TargetPinAddress":{
        "PinID":1009493463,
        "PinOwnerID":2000459357
      },
      "ConnectionType":1,
      "ConnectedWireIndex":16,
      "ConnectedWireSegmentIndex":1,
      "Points":[{"x":-8.39055,"y":-6.875},{"x":0.0,"y":0.0}]
    },
    {
      "SourcePinAddress":{
        "PinID":14895395,
        "PinOwnerID":1052529470
      },
      "TargetPinAddress":{
        "PinID":1009493463,
        "PinOwnerID":1899021913
      },
      "ConnectionType":1,
      "ConnectedWireIndex":16,
      "ConnectedWireSegmentIndex":1,
      "Points":[{"x":-8.39055,"y":-7.6875},{"x":0.0,"y":0.0}]
    },
    {
      "SourcePinAddress":{
        "PinID":1164945729,
        "PinOwnerID":1899021913
      },
      "TargetPinAddress":{
        "PinID":0,
        "PinOwnerID":2061964005
      },
      "ConnectionType":0,
      "ConnectedWireIndex":-1,
      "ConnectedWireSegmentIndex":-1,
      "Points":[{"x":0.0,"y":0.0},{"x":0.0,"y":0.0}]
    },
    {
      "SourcePinAddress":{
        "PinID":1164945729,
        "PinOwnerID":2000459357
      },
      "TargetPinAddress":{
        "PinID":0,
        "PinOwnerID":1935273952
      },
      "ConnectionType":0,
      "ConnectedWireIndex":-1,
      "ConnectedWireSegmentIndex":-1,
      "Points":[{"x":0.0,"y":0.0},{"x":0.0,"y":0.0}]
    },
    {
      "SourcePinAddress":{
        "PinID":1164945729,
        "PinOwnerID":1390793384
      },
      "TargetPinAddress":{
        "PinID":0,
        "PinOwnerID":921813260
      },
      "ConnectionType":0,
      "ConnectedWireIndex":-1,
      "ConnectedWireSegmentIndex":-1,
      "Points":[{"x":0.0,"y":0.0},{"x":0.0,"y":0.0}]
    },
    {
      "SourcePinAddress":{
        "PinID":1164945729,
        "PinOwnerID":1394069033
      },
      "TargetPinAddress":{
        "PinID":0,
        "PinOwnerID":1728120070
      },
      "ConnectionType":0,
      "ConnectedWireIndex":-1,
      "ConnectedWireSegmentIndex":-1,
      "Points":[{"x":0.0,"y":0.0},{"x":0.0,"y":0.0}]
    },
    {
      "SourcePinAddress":{
        "PinID":8,
        "PinOwnerID":2061964005
      },
      "TargetPinAddress":{
        "PinID":0,
        "PinOwnerID":1787958454
      },
      "ConnectionType":0,
      "ConnectedWireIndex":-1,
      "ConnectedWireSegmentIndex":-1,
      "Points":[{"x":0.0,"y":0.0},{"x":0.0,"y":0.0}]
    },
    {
      "SourcePinAddress":{
        "PinID":7,
        "PinOwnerID":2061964005
      },
      "TargetPinAddress":{
        "PinID":0,
        "PinOwnerID":993695991
      },
      "ConnectionType":0,
      "ConnectedWireIndex":-1,
      "ConnectedWireSegmentIndex":-1,
      "Points":[{"x":0.0,"y":0.0},{"x":0.0,"y":0.0}]
    },
    {
      "SourcePinAddress":{
        "PinID":6,
        "PinOwnerID":2061964005
      },
      "TargetPinAddress":{
        "PinID":0,
        "PinOwnerID":1813197866
      },
      "ConnectionType":0,
      "ConnectedWireIndex":-1,
      "ConnectedWireSegmentIndex":-1,
      "Points":[{"x":0.0,"y":0.0},{"x":0.0,"y":0.0}]
    },
    {
      "SourcePinAddress":{
        "PinID":5,
        "PinOwnerID":2061964005
      },
      "TargetPinAddress":{
        "PinID":0,
        "PinOwnerID":488822355
      },
      "ConnectionType":0,
      "ConnectedWireIndex":-1,
      "ConnectedWireSegmentIndex":-1,
      "Points":[{"x":0.0,"y":0.0},{"x":0.0,"y":0.0}]
    },
    {
      "SourcePinAddress":{
        "PinID":4,
        "PinOwnerID":2061964005
      },
      "TargetPinAddress":{
        "PinID":0,
        "PinOwnerID":1323060543
      },
      "ConnectionType":0,
      "ConnectedWireIndex":-1,
      "ConnectedWireSegmentIndex":-1,
      "Points":[{"x":0.0,"y":0.0},{"x":0.0,"y":0.0}]
    },
    {
      "SourcePinAddress":{
        "PinID":3,
        "PinOwnerID":2061964005
      },
      "TargetPinAddress":{
        "PinID":0,
        "PinOwnerID":1245475956
      },
      "ConnectionType":0,
      "ConnectedWireIndex":-1,
      "ConnectedWireSegmentIndex":-1,
      "Points":[{"x":0.0,"y":0.0},{"x":0.0,"y":0.0}]
    },
    {
      "SourcePinAddress":{
        "PinID":2,
        "PinOwnerID":2061964005
      },
      "TargetPinAddress":{
        "PinID":0,
        "PinOwnerID":1874066712
      },
      "ConnectionType":0,
      "ConnectedWireIndex":-1,
      "ConnectedWireSegmentIndex":-1,
      "Points":[{"x":0.0,"y":0.0},{"x":0.0,"y":0.0}]
    },
    {
      "SourcePinAddress":{
        "PinID":1,
        "PinOwnerID":2061964005
      },
      "TargetPinAddress":{
        "PinID":0,
        "PinOwnerID":1741014643
      },
      "ConnectionType":0,
      "ConnectedWireIndex":-1,
      "ConnectedWireSegmentIndex":-1,
      "Points":[{"x":0.0,"y":0.0},{"x":0.0,"y":0.0}]
    },
    {
      "SourcePinAddress":{
        "PinID":8,
        "PinOwnerID":1935273952
      },
      "TargetPinAddress":{
        "PinID":0,
        "PinOwnerID":1724964547
      },
      "ConnectionType":0,
      "ConnectedWireIndex":-1,
      "ConnectedWireSegmentIndex":-1,
      "Points":[{"x":0.0,"y":0.0},{"x":0.0,"y":0.0}]
    },
    {
      "SourcePinAddress":{
        "PinID":7,
        "PinOwnerID":1935273952
      },
      "TargetPinAddress":{
        "PinID":0,
        "PinOwnerID":298522545
      },
      "ConnectionType":0,
      "ConnectedWireIndex":-1,
      "ConnectedWireSegmentIndex":-1,
      "Points":[{"x":0.0,"y":0.0},{"x":0.0,"y":0.0}]
    },
    {
      "SourcePinAddress":{
        "PinID":6,
        "PinOwnerID":1935273952
      },
      "TargetPinAddress":{
        "PinID":0,
        "PinOwnerID":1856528301
      },
      "ConnectionType":0,
      "ConnectedWireIndex":-1,
      "ConnectedWireSegmentIndex":-1,
      "Points":[{"x":0.0,"y":0.0},{"x":0.0,"y":0.0}]
    },
    {
      "SourcePinAddress":{
        "PinID":5,
        "PinOwnerID":1935273952
      },
      "TargetPinAddress":{
        "PinID":0,
        "PinOwnerID":388031485
      },
      "ConnectionType":0,
      "ConnectedWireIndex":-1,
      "ConnectedWireSegmentIndex":-1,
      "Points":[{"x":0.0,"y":0.0},{"x":0.0,"y":0.0}]
    },
    {
      "SourcePinAddress":{
        "PinID":4,
        "PinOwnerID":1935273952
      },
      "TargetPinAddress":{
        "PinID":0,
        "PinOwnerID":1808382804
      },
      "ConnectionType":0,
      "ConnectedWireIndex":-1,
      "ConnectedWireSegmentIndex":-1,
      "Points":[{"x":0.0,"y":0.0},{"x":0.0,"y":0.0}]
    },
    {
      "SourcePinAddress":{
        "PinID":3,
        "PinOwnerID":1935273952
      },
      "TargetPinAddress":{
        "PinID":0,
        "PinOwnerID":1551779161
      },
      "ConnectionType":0,
      "ConnectedWireIndex":-1,
      "ConnectedWireSegmentIndex":-1,
      "Points":[{"x":0.0,"y":0.0},{"x":0.0,"y":0.0}]
    },
    {
      "SourcePinAddress":{
        "PinID":2,
        "PinOwnerID":1935273952
      },
      "TargetPinAddress":{
        "PinID":0,
        "PinOwnerID":388053136
      },
      "ConnectionType":0,
      "ConnectedWireIndex":-1,
      "ConnectedWireSegmentIndex":-1,
      "Points":[{"x":0.0,"y":0.0},{"x":0.0,"y":0.0}]
    },
    {
      "SourcePinAddress":{
        "PinID":1,
        "PinOwnerID":1935273952
      },
      "TargetPinAddress":{
        "PinID":0,
        "PinOwnerID":934069520
      },
      "ConnectionType":0,
      "ConnectedWireIndex":-1,
      "ConnectedWireSegmentIndex":-1,
      "Points":[{"x":0.0,"y":0.0},{"x":0.0,"y":0.0}]
    },
    {
      "SourcePinAddress":{
        "PinID":8,
        "PinOwnerID":921813260
      },
      "TargetPinAddress":{
        "PinID":0,
        "PinOwnerID":1431785319
      },
      "ConnectionType":0,
      "ConnectedWireIndex":-1,
      "ConnectedWireSegmentIndex":-1,
      "Points":[{"x":0.0,"y":0.0},{"x":0.0,"y":0.0}]
    },
    {
      "SourcePinAddress":{
        "PinID":7,
        "PinOwnerID":921813260
      },
      "TargetPinAddress":{
        "PinID":0,
        "PinOwnerID":1505141995
      },
      "ConnectionType":0,
      "ConnectedWireIndex":-1,
      "ConnectedWireSegmentIndex":-1,
      "Points":[{"x":0.0,"y":0.0},{"x":0.0,"y":0.0}]
    },
    {
      "SourcePinAddress":{
        "PinID":6,
        "PinOwnerID":921813260
      },
      "TargetPinAddress":{
        "PinID":0,
        "PinOwnerID":743973454
      },
      "ConnectionType":0,
      "ConnectedWireIndex":-1,
      "ConnectedWireSegmentIndex":-1,
      "Points":[{"x":0.0,"y":0.0},{"x":0.0,"y":0.0}]
    },
    {
      "SourcePinAddress":{
        "PinID":5,
        "PinOwnerID":921813260
      },
      "TargetPinAddress":{
        "PinID":0,
        "PinOwnerID":1892304017
      },
      "ConnectionType":0,
      "ConnectedWireIndex":-1,
      "ConnectedWireSegmentIndex":-1,
      "Points":[{"x":0.0,"y":0.0},{"x":0.0,"y":0.0}]
    },
    {
      "SourcePinAddress":{
        "PinID":4,
        "PinOwnerID":921813260
      },
      "TargetPinAddress":{
        "PinID":0,
        "PinOwnerID":167464074
      },
      "ConnectionType":0,
      "ConnectedWireIndex":-1,
      "ConnectedWireSegmentIndex":-1,
      "Points":[{"x":0.0,"y":0.0},{"x":0.0,"y":0.0}]
    },
    {
      "SourcePinAddress":{
        "PinID":3,
        "PinOwnerID":921813260
      },
      "TargetPinAddress":{
        "PinID":0,
        "PinOwnerID":194312267
      },
      "ConnectionType":0,
      "ConnectedWireIndex":-1,
      "ConnectedWireSegmentIndex":-1,
      "Points":[{"x":0.0,"y":0.0},{"x":0.0,"y":0.0}]
    },
    {
      "SourcePinAddress":{
        "PinID":2,
        "PinOwnerID":921813260
      },
      "TargetPinAddress":{
        "PinID":0,
        "PinOwnerID":854043643
      },
      "ConnectionType":0,
      "ConnectedWireIndex":-1,
      "ConnectedWireSegmentIndex":-1,
      "Points":[{"x":0.0,"y":0.0},{"x":0.0,"y":0.0}]
    },
    {
      "SourcePinAddress":{
        "PinID":1,
        "PinOwnerID":921813260
      },
      "TargetPinAddress":{
        "PinID":0,
        "PinOwnerID":816190187
      },
      "ConnectionType":0,
      "ConnectedWireIndex":-1,
      "ConnectedWireSegmentIndex":-1,
      "Points":[{"x":0.0,"y":0.0},{"x":0.0,"y":0.0}]
    },
    {
      "SourcePinAddress":{
        "PinID":8,
        "PinOwnerID":1728120070
      },
      "TargetPinAddress":{
        "PinID":0,
        "PinOwnerID":586446869
      },
      "ConnectionType":0,
      "ConnectedWireIndex":-1,
      "ConnectedWireSegmentIndex":-1,
      "Points":[{"x":0.0,"y":0.0},{"x":0.0,"y":0.0}]
    },
    {
      "SourcePinAddress":{
        "PinID":7,
        "PinOwnerID":1728120070
      },
      "TargetPinAddress":{
        "PinID":0,
        "PinOwnerID":414073608
      },
      "ConnectionType":0,
      "ConnectedWireIndex":-1,
      "ConnectedWireSegmentIndex":-1,
      "Points":[{"x":0.0,"y":0.0},{"x":0.0,"y":0.0}]
    },
    {
      "SourcePinAddress":{
        "PinID":6,
        "PinOwnerID":1728120070
      },
      "TargetPinAddress":{
        "PinID":0,
        "PinOwnerID":720527341
      },
      "ConnectionType":0,
      "ConnectedWireIndex":-1,
      "ConnectedWireSegmentIndex":-1,
      "Points":[{"x":0.0,"y":0.0},{"x":0.0,"y":0.0}]
    },
    {
      "SourcePinAddress":{
        "PinID":5,
        "PinOwnerID":1728120070
      },
      "TargetPinAddress":{
        "PinID":0,
        "PinOwnerID":1948743654
      },
      "ConnectionType":0,
      "ConnectedWireIndex":-1,
      "ConnectedWireSegmentIndex":-1,
      "Points":[{"x":0.0,"y":0.0},{"x":0.0,"y":0.0}]
    },
    {
      "SourcePinAddress":{
        "PinID":4,
        "PinOwnerID":1728120070
      },
      "TargetPinAddress":{
        "PinID":0,
        "PinOwnerID":445607788
      },
      "ConnectionType":0,
      "ConnectedWireIndex":-1,
      "ConnectedWireSegmentIndex":-1,
      "Points":[{"x":0.0,"y":0.0},{"x":0.0,"y":0.0}]
    },
    {
      "SourcePinAddress":{
        "PinID":3,
        "PinOwnerID":1728120070
      },
      "TargetPinAddress":{
        "PinID":0,
        "PinOwnerID":1958826432
      },
      "ConnectionType":0,
      "ConnectedWireIndex":-1,
      "ConnectedWireSegmentIndex":-1,
      "Points":[{"x":0.0,"y":0.0},{"x":0.0,"y":0.0}]
    },
    {
      "SourcePinAddress":{
        "PinID":2,
        "PinOwnerID":1728120070
      },
      "TargetPinAddress":{
        "PinID":0,
        "PinOwnerID":160832958
      },
      "ConnectionType":0,
      "ConnectedWireIndex":-1,
      "ConnectedWireSegmentIndex":-1,
      "Points":[{"x":0.0,"y":0.0},{"x":0.0,"y":0.0}]
    },
    {
      "SourcePinAddress":{
        "PinID":1,
        "PinOwnerID":1728120070
      },
      "TargetPinAddress":{
        "PinID":0,
        "PinOwnerID":603107421
      },
      "ConnectionType":0,
      "ConnectedWireIndex":-1,
      "ConnectedWireSegmentIndex":-1,
      "Points":[{"x":0.0,"y":0.0},{"x":0.0,"y":0.0}]
    }
  ],
  "Displays": null
}