{
  "DLSVersion": "2.1.6",
  "Name": "6B Decoder",
  "NameLocation": 0,
  "ChipType": 0,
  "Size": {
    "x": 1.25,
    "y": 4.0
  },
  "Colour": {
    "r": 0.4431345,
    "g": 0.367842346,
    "b": 0.869660556,
    "a": 1
  },
  "InputPins":[
    {
      "Name":"IN",
      "ID":1829963012,
      "Position":{
        "x":12.87998,
        "y":263.97888
      },
      "BitCount":1,
      "Colour":0,
      "ValueDisplayMode":0
    },
    {
      "Name":"IN",
      "ID":777318123,
      "Position":{
        "x":12.87998,
        "y":263.46387
      },
      "BitCount":1,
      "Colour":0,
      "ValueDisplayMode":0
    },
    {
      "Name":"IN",
      "ID":1257747348,
      "Position":{
        "x":12.82376,
        "y":261.73456
      },
      "BitCount":1,
      "Colour":0,
      "ValueDisplayMode":0
    },
    {
      "Name":"IN",
      "ID":1687256854,
      "Position":{
        "x":12.82376,
        "y":261.21954
      },
      "BitCount":1,
      "Colour":0,
      "ValueDisplayMode":0
    },
    {
      "Name":"IN",
      "ID":1764209954,
      "Position":{
        "x":12.82376,
        "y":260.70453
      },
      "BitCount":1,
      "Colour":0,
      "ValueDisplayMode":0
    },
    {
      "Name":"IN",
      "ID":11111805,
      "Position":{
        "x":12.82376,
        "y":260.18951
      },
      "BitCount":1,
      "Colour":0,
      "ValueDisplayMode":0
    },
    {
      "Name":"EN",
      "ID":1946182587,
      "Position":{
        "x":12.77407,
        "y":259.52631
      },
      "BitCount":1,
      "Colour":0,
      "ValueDisplayMode":0
    }
  ],
  "OutputPins":[
    {
      "Name":"OUT",
      "ID":1171832800,
      "Position":{
        "x":26.08957,
        "y":265.66199
      },
      "BitCount":8,
      "Colour":0,
      "ValueDisplayMode":0
    },
    {
      "Name":"OUT",
      "ID":419351895,
      "Position":{
        "x":26.07291,
        "y":264.84515
      },
      "BitCount":8,
      "Colour":0,
      "ValueDisplayMode":0
    },
    {
      "Name":"OUT",
      "ID":2107045114,
      "Position":{
        "x":26.05368,
        "y":264.12885
      },
      "BitCount":8,
      "Colour":0,
      "ValueDisplayMode":0
    },
    {
      "Name":"OUT",
      "ID":1732605871,
      "Position":{
        "x":26.03702,
        "y":263.31201
      },
      "BitCount":8,
      "Colour":0,
      "ValueDisplayMode":0
    },
    {
      "Name":"OUT",
      "ID":167197120,
      "Position":{
        "x":26.02526,
        "y":262.70325
      },
      "BitCount":8,
      "Colour":0,
      "ValueDisplayMode":0
    },
    {
      "Name":"OUT",
      "ID":1381938161,
      "Position":{
        "x":26.00859,
        "y":261.88641
      },
      "BitCount":8,
      "Colour":0,
      "ValueDisplayMode":0
    },
    {
      "Name":"OUT",
      "ID":1121503952,
      "Position":{
        "x":25.98936,
        "y":261.1701
      },
      "BitCount":8,
      "Colour":0,
      "ValueDisplayMode":0
    },
    {
      "Name":"OUT",
      "ID":1689702244,
      "Position":{
        "x":25.9727,
        "y":260.35327
      },
      "BitCount":8,
      "Colour":0,
      "ValueDisplayMode":0
    }
  ],
  "SubChips":[
    {
      "Name":"2B Decoder",
      "ID":1353417294,
      "Label":"",
      "Position":{
        "x":14.80115,
        "y":263.66006
      },
      "OutputPinColourInfo":[{"PinColour":0,"PinID":664193772},{"PinColour":0,"PinID":2015310352},{"PinColour":0,"PinID":1102724948},{"PinColour":0,"PinID":1318747156}],
      "InternalData":null
    },
    {
      "Name":"4B Decoder with EN",
      "ID":1557141520,
      "Label":"",
      "Position":{
        "x":18.43671,
        "y":260.77576
      },
      "OutputPinColourInfo":[{"PinColour":0,"PinID":893612489},{"PinColour":0,"PinID":1054247881}],
      "InternalData":null
    },
    {
      "Name":"4B Decoder with EN",
      "ID":1043870955,
      "Label":"",
      "Position":{
        "x":18.4726,
        "y":262.3089
      },
      "OutputPinColourInfo":[{"PinColour":0,"PinID":893612489},{"PinColour":0,"PinID":1054247881}],
      "InternalData":null
    },
    {
      "Name":"4B Decoder with EN",
      "ID":1095417293,
      "Label":"",
      "Position":{
        "x":18.50103,
        "y":263.7345
      },
      "OutputPinColourInfo":[{"PinColour":0,"PinID":893612489},{"PinColour":0,"PinID":1054247881}],
      "InternalData":null
    },
    {
      "Name":"4B Decoder with EN",
      "ID":142363841,
      "Label":"",
      "Position":{
        "x":18.53692,
        "y":265.26764
      },
      "OutputPinColourInfo":[{"PinColour":0,"PinID":893612489},{"PinColour":0,"PinID":1054247881}],
      "InternalData":null
    },
    {
      "Name":"8B Cancler",
      "ID":2066893746,
      "Label":"",
      "Position":{
        "x":21.66652,
        "y":260.15894
      },
      "OutputPinColourInfo":[{"PinColour":0,"PinID":1164945729}],
      "InternalData":null
    },
    {
      "Name":"8B Cancler",
      "ID":1092484868,
      "Label":"",
      "Position":{
        "x":21.67845,
        "y":261.00638
      },
      "OutputPinColourInfo":[{"PinColour":0,"PinID":1164945729}],
      "InternalData":null
    },
    {
      "Name":"8B Cancler",
      "ID":500623552,
      "Label":"",
      "Position":{
        "x":21.65458,
        "y":262.6655
      },
      "OutputPinColourInfo":[{"PinColour":0,"PinID":1164945729}],
      "InternalData":null
    },
    {
      "Name":"8B Cancler",
      "ID":109995113,
      "Label":"",
      "Position":{
        "x":21.64264,
        "y":261.81805
      },
      "OutputPinColourInfo":[{"PinColour":0,"PinID":1164945729}],
      "InternalData":null
    },
    {
      "Name":"8B Cancler",
      "ID":1796555662,
      "Label":"",
      "Position":{
        "x":21.70232,
        "y":265.98376
      },
      "OutputPinColourInfo":[{"PinColour":0,"PinID":1164945729}],
      "InternalData":null
    },
    {
      "Name":"8B Cancler",
      "ID":2118721630,
      "Label":"",
      "Position":{
        "x":21.69038,
        "y":265.13632
      },
      "OutputPinColourInfo":[{"PinColour":0,"PinID":1164945729}],
      "InternalData":null
    },
    {
      "Name":"8B Cancler",
      "ID":1759868579,
      "Label":"",
      "Position":{
        "x":21.72619,
        "y":264.32465
      },
      "OutputPinColourInfo":[{"PinColour":0,"PinID":1164945729}],
      "InternalData":null
    },
    {
      "Name":"8B Cancler",
      "ID":2031979809,
      "Label":"",
      "Position":{
        "x":21.71426,
        "y":263.4772
      },
      "OutputPinColourInfo":[{"PinColour":0,"PinID":1164945729}],
      "InternalData":null
    },
    {
      "Name":"NOT",
      "ID":884254365,
      "Label":"",
      "Position":{
        "x":14.86304,
        "y":259.48343
      },
      "OutputPinColourInfo":[{"PinColour":0,"PinID":14895395}],
      "InternalData":null
    }
  ],
  "Wires":[
    {
      "SourcePinAddress":{
        "PinID":0,
        "PinOwnerID":1829963012
      },
      "TargetPinAddress":{
        "PinID":592269676,
        "PinOwnerID":1353417294
      },
      "ConnectionType":0,
      "ConnectedWireIndex":-1,
      "ConnectedWireSegmentIndex":-1,
      "Points":[{"x":0.0,"y":0.0},{"x":0.0,"y":0.0}]
    },
    {
      "SourcePinAddress":{
        "PinID":0,
        "PinOwnerID":777318123
      },
      "TargetPinAddress":{
        "PinID":42518213,
        "PinOwnerID":1353417294
      },
      "ConnectionType":0,
      "ConnectedWireIndex":-1,
      "ConnectedWireSegmentIndex":-1,
      "Points":[{"x":0.0,"y":0.0},{"x":0.0,"y":0.0}]
    },
    {
      "SourcePinAddress":{
        "PinID":0,
        "PinOwnerID":1257747348
      },
      "TargetPinAddress":{
        "PinID":2061955021,
        "PinOwnerID":1557141520
      },
      "ConnectionType":0,
      "ConnectedWireIndex":-1,
      "ConnectedWireSegmentIndex":-1,
      "Points":[{"x":0.0,"y":0.0},{"x":0.0,"y":0.0}]
    },
    {
      "SourcePinAddress":{
        "PinID":0,
        "PinOwnerID":1687256854
      },
      "TargetPinAddress":{
        "PinID":1092743270,
        "PinOwnerID":1557141520
      },
      "ConnectionType":0,
      "ConnectedWireIndex":-1,
      "ConnectedWireSegmentIndex":-1,
      "Points":[{"x":0.0,"y":0.0},{"x":0.0,"y":0.0}]
    },
    {
      "SourcePinAddress":{
        "PinID":0,
        "PinOwnerID":1764209954
      },
      "TargetPinAddress":{
        "PinID":2011276751,
        "PinOwnerID":1557141520
      },
      "ConnectionType":0,
      "ConnectedWireIndex":-1,
      "ConnectedWireSegmentIndex":-1,
      "Points":[{"x":0.0,"y":0.0},{"x":0.0,"y":0.0}]
    },
    {
      "SourcePinAddress":{
        "PinID":0,
        "PinOwnerID":11111805
      },
      "TargetPinAddress":{
        "PinID":1017668735,
        "PinOwnerID":1557141520
      },
      "ConnectionType":0,
      "ConnectedWireIndex":-1,
      "ConnectedWireSegmentIndex":-1,
      "Points":[{"x":0.0,"y":0.0},{"x":0.0,"y":0.0}]
    },
    {
      "SourcePinAddress":{
        "PinID":1318747156,
        "PinOwnerID":1353417294
      },
      "TargetPinAddress":{
        "PinID":763275836,
        "PinOwnerID":1557141520
      },
      "ConnectionType":0,
      "ConnectedWireIndex":-1,
      "ConnectedWireSegmentIndex":-1,
      "Points":[{"x":0.0,"y":0.0},{"x":16.9194,"y":263.28506},{"x":16.9194,"y":260.25327},{"x":0.0,"y":0.0}]
    },
    {
      "SourcePinAddress":{
        "PinID":0,
        "PinOwnerID":1257747348
      },
      "TargetPinAddress":{
        "PinID":2061955021,
        "PinOwnerID":1043870955
      },
      "ConnectionType":0,
      "ConnectedWireIndex":-1,
      "ConnectedWireSegmentIndex":-1,
      "Points":[{"x":0.0,"y":0.0},{"x":0.0,"y":0.0}]
    },
    {
      "SourcePinAddress":{
        "PinID":0,
        "PinOwnerID":1687256854
      },
      "TargetPinAddress":{
        "PinID":1092743270,
        "PinOwnerID":1043870955
      },
      "ConnectionType":0,
      "ConnectedWireIndex":-1,
      "ConnectedWireSegmentIndex":-1,
      "Points":[{"x":0.0,"y":0.0},{"x":0.0,"y":0.0}]
    },
    {
      "SourcePinAddress":{
        "PinID":0,
        "PinOwnerID":1764209954
      },
      "TargetPinAddress":{
        "PinID":2011276751,
        "PinOwnerID":1043870955
      },
      "ConnectionType":0,
      "ConnectedWireIndex":-1,
      "ConnectedWireSegmentIndex":-1,
      "Points":[{"x":0.0,"y":0.0},{"x":0.0,"y":0.0}]
    },
    {
      "SourcePinAddress":{
        "PinID":0,
        "PinOwnerID":11111805
      },
      "TargetPinAddress":{
        "PinID":1017668735,
        "PinOwnerID":1043870955
      },
      "ConnectionType":0,
      "ConnectedWireIndex":-1,
      "ConnectedWireSegmentIndex":-1,
      "Points":[{"x":0.0,"y":0.0},{"x":0.0,"y":0.0}]
    },
    {
      "SourcePinAddress":{
        "PinID":0,
        "PinOwnerID":1257747348
      },
      "TargetPinAddress":{
        "PinID":2061955021,
        "PinOwnerID":1095417293
      },
      "ConnectionType":0,
      "ConnectedWireIndex":-1,
      "ConnectedWireSegmentIndex":-1,
      "Points":[{"x":0.0,"y":0.0},{"x":0.0,"y":0.0}]
    },
    {
      "SourcePinAddress":{
        "PinID":0,
        "PinOwnerID":1687256854
      },
      "TargetPinAddress":{
        "PinID":1092743270,
        "PinOwnerID":1095417293
      },
      "ConnectionType":0,
      "ConnectedWireIndex":-1,
      "ConnectedWireSegmentIndex":-1,
      "Points":[{"x":0.0,"y":0.0},{"x":0.0,"y":0.0}]
    },
    {
      "SourcePinAddress":{
        "PinID":0,
        "PinOwnerID":1764209954
      },
      "TargetPinAddress":{
        "PinID":2011276751,
        "PinOwnerID":1095417293
      },
      "ConnectionType":0,
      "ConnectedWireIndex":-1,
      "ConnectedWireSegmentIndex":-1,
      "Points":[{"x":0.0,"y":0.0},{"x":0.0,"y":0.0}]
    },
    {
      "SourcePinAddress":{
        "PinID":0,
        "PinOwnerID":11111805
      },
      "TargetPinAddress":{
        "PinID":1017668735,
        "PinOwnerID":1095417293
      },
      "ConnectionType":0,
      "ConnectedWireIndex":-1,
      "ConnectedWireSegmentIndex":-1,
      "Points":[{"x":0.0,"y":0.0},{"x":0.0,"y":0.0}]
    },
    {
      "SourcePinAddress":{
        "PinID":1102724948,
        "PinOwnerID":1353417294
      },
      "TargetPinAddress":{
        "PinID":763275836,
        "PinOwnerID":1043870955
      },
      "ConnectionType":0,
      "ConnectedWireIndex":-1,
      "ConnectedWireSegmentIndex":-1,
      "Points":[{"x":0.0,"y":0.0},{"x":17.11953,"y":263.54471},{"x":17.11953,"y":261.8089},{"x":0.0,"y":0.0}]
    },
    {
      "SourcePinAddress":{
        "PinID":2015310352,
        "PinOwnerID":1353417294
      },
      "TargetPinAddress":{
        "PinID":763275836,
        "PinOwnerID":1095417293
      },
      "ConnectionType":0,
      "ConnectedWireIndex":-1,
      "ConnectedWireSegmentIndex":-1,
      "Points":[{"x":0.0,"y":0.0},{"x":17.29045,"y":263.78506},{"x":17.29045,"y":263.20288},{"x":0.0,"y":0.0}]
    },
    {
      "SourcePinAddress":{
        "PinID":664193772,
        "PinOwnerID":1353417294
      },
      "TargetPinAddress":{
        "PinID":763275836,
        "PinOwnerID":142363841
      },
      "ConnectionType":0,
      "ConnectedWireIndex":-1,
      "ConnectedWireSegmentIndex":-1,
      "Points":[{"x":0.0,"y":0.0},{"x":17.27868,"y":264.03506},{"x":17.27868,"y":264.76682},{"x":0.0,"y":0.0}]
    },
    {
      "SourcePinAddress":{
        "PinID":0,
        "PinOwnerID":1257747348
      },
      "TargetPinAddress":{
        "PinID":2061955021,
        "PinOwnerID":142363841
      },
      "ConnectionType":0,
      "ConnectedWireIndex":-1,
      "ConnectedWireSegmentIndex":-1,
      "Points":[{"x":0.0,"y":0.0},{"x":0.0,"y":0.0}]
    },
    {
      "SourcePinAddress":{
        "PinID":0,
        "PinOwnerID":1687256854
      },
      "TargetPinAddress":{
        "PinID":1092743270,
        "PinOwnerID":142363841
      },
      "ConnectionType":0,
      "ConnectedWireIndex":-1,
      "ConnectedWireSegmentIndex":-1,
      "Points":[{"x":0.0,"y":0.0},{"x":0.0,"y":0.0}]
    },
    {
      "SourcePinAddress":{
        "PinID":0,
        "PinOwnerID":1764209954
      },
      "TargetPinAddress":{
        "PinID":2011276751,
        "PinOwnerID":142363841
      },
      "ConnectionType":0,
      "ConnectedWireIndex":-1,
      "ConnectedWireSegmentIndex":-1,
      "Points":[{"x":0.0,"y":0.0},{"x":0.0,"y":0.0}]
    },
    {
      "SourcePinAddress":{
        "PinID":0,
        "PinOwnerID":11111805
      },
      "TargetPinAddress":{
        "PinID":1017668735,
        "PinOwnerID":142363841
      },
      "ConnectionType":0,
      "ConnectedWireIndex":-1,
      "ConnectedWireSegmentIndex":-1,
      "Points":[{"x":0.0,"y":0.0},{"x":0.0,"y":0.0}]
    },
    {
      "SourcePinAddress":{
        "PinID":1054247881,
        "PinOwnerID":1557141520
      },
      "TargetPinAddress":{
        "PinID":1148695259,
        "PinOwnerID":2066893746
      },
      "ConnectionType":0,
      "ConnectedWireIndex":-1,
      "ConnectedWireSegmentIndex":-1,
      "Points":[{"x":0.0,"y":0.0},{"x":0.0,"y":0.0}]
    },
    {
      "SourcePinAddress":{
        "PinID":893612489,
        "PinOwnerID":1557141520
      },
      "TargetPinAddress":{
        "PinID":1148695259,
        "PinOwnerID":1092484868
      },
      "ConnectionType":0,
      "ConnectedWireIndex":-1,
      "ConnectedWireSegmentIndex":-1,
      "Points":[{"x":0.0,"y":0.0},{"x":0.0,"y":0.0}]
    },
    {
      "SourcePinAddress":{
        "PinID":1054247881,
        "PinOwnerID":1043870955
      },
      "TargetPinAddress":{
        "PinID":1148695259,
        "PinOwnerID":109995113
      },
      "ConnectionType":0,
      "ConnectedWireIndex":-1,
      "ConnectedWireSegmentIndex":-1,
      "Points":[{"x":0.0,"y":0.0},{"x":0.0,"y":0.0}]
    },
    {
      "SourcePinAddress":{
        "PinID":893612489,
        "PinOwnerID":1043870955
      },
      "TargetPinAddress":{
        "PinID":1148695259,
        "PinOwnerID":500623552
      },
      "ConnectionType":0,
      "ConnectedWireIndex":-1,
      "ConnectedWireSegmentIndex":-1,
      "Points":[{"x":0.0,"y":0.0},{"x":0.0,"y":0.0}]
    },
    {
      "SourcePinAddress":{
        "PinID":1054247881,
        "PinOwnerID":1095417293
      },
      "TargetPinAddress":{
        "PinID":1148695259,
        "PinOwnerID":2031979809
      },
      "ConnectionType":0,
      "ConnectedWireIndex":-1,
      "ConnectedWireSegmentIndex":-1,
      "Points":[{"x":0.0,"y":0.0},{"x":0.0,"y":0.0}]
    },
    {
      "SourcePinAddress":{
        "PinID":893612489,
        "PinOwnerID":1095417293
      },
      "TargetPinAddress":{
        "PinID":1148695259,
        "PinOwnerID":1759868579
      },
      "ConnectionType":0,
      "ConnectedWireIndex":-1,
      "ConnectedWireSegmentIndex":-1,
      "Points":[{"x":0.0,"y":0.0},{"x":0.0,"y":0.0}]
    },
    {
      "SourcePinAddress":{
        "PinID":1054247881,
        "PinOwnerID":142363841
      },
      "TargetPinAddress":{
        "PinID":1148695259,
        "PinOwnerID":2118721630
      },
      "ConnectionType":0,
      "ConnectedWireIndex":-1,
      "ConnectedWireSegmentIndex":-1,
      "Points":[{"x":0.0,"y":0.0},{"x":0.0,"y":0.0}]
    },
    {
      "SourcePinAddress":{
        "PinID":893612489,
        "PinOwnerID":142363841
      },
      "TargetPinAddress":{
        "PinID":1148695259,
        "PinOwnerID":1796555662
      },
      "ConnectionType":0,
      "ConnectedWireIndex":-1,
      "ConnectedWireSegmentIndex":-1,
      "Points":[{"x":0.0,"y":0.0},{"x":0.0,"y":0.0}]
    },
    {
      "SourcePinAddress":{
        "PinID":1164945729,
        "PinOwnerID":2066893746
      },
      "TargetPinAddress":{
        "PinID":0,
        "PinOwnerID":1689702244
      },
      "ConnectionType":0,
      "ConnectedWireIndex":-1,
      "ConnectedWireSegmentIndex":-1,
      "Points":[{"x":0.0,"y":0.0},{"x":0.0,"y":0.0}]
    },
    {
      "SourcePinAddress":{
        "PinID":1164945729,
        "PinOwnerID":1092484868
      },
      "TargetPinAddress":{
        "PinID":0,
        "PinOwnerID":1121503952
      },
      "ConnectionType":0,
      "ConnectedWireIndex":-1,
      "ConnectedWireSegmentIndex":-1,
      "Points":[{"x":0.0,"y":0.0},{"x":0.0,"y":0.0}]
    },
    {
      "SourcePinAddress":{
        "PinID":1164945729,
        "PinOwnerID":109995113
      },
      "TargetPinAddress":{
        "PinID":0,
        "PinOwnerID":1381938161
      },
      "ConnectionType":0,
      "ConnectedWireIndex":-1,
      "ConnectedWireSegmentIndex":-1,
      "Points":[{"x":0.0,"y":0.0},{"x":0.0,"y":0.0}]
    },
    {
      "SourcePinAddress":{
        "PinID":1164945729,
        "PinOwnerID":500623552
      },
      "TargetPinAddress":{
        "PinID":0,
        "PinOwnerID":167197120
      },
      "ConnectionType":0,
      "ConnectedWireIndex":-1,
      "ConnectedWireSegmentIndex":-1,
      "Points":[{"x":0.0,"y":0.0},{"x":0.0,"y":0.0}]
    },
    {
      "SourcePinAddress":{
        "PinID":1164945729,
        "PinOwnerID":2031979809
      },
      "TargetPinAddress":{
        "PinID":0,
        "PinOwnerID":1732605871
      },
      "ConnectionType":0,
      "ConnectedWireIndex":-1,
      "ConnectedWireSegmentIndex":-1,
      "Points":[{"x":0.0,"y":0.0},{"x":0.0,"y":0.0}]
    },
    {
      "SourcePinAddress":{
        "PinID":1164945729,
        "PinOwnerID":1759868579
      },
      "TargetPinAddress":{
        "PinID":0,
        "PinOwnerID":2107045114
      },
      "ConnectionType":0,
      "ConnectedWireIndex":-1,
      "ConnectedWireSegmentIndex":-1,
      "Points":[{"x":0.0,"y":0.0},{"x":0.0,"y":0.0}]
    },
    {
      "SourcePinAddress":{
        "PinID":1164945729,
        "PinOwnerID":2118721630
      },
      "TargetPinAddress":{
        "PinID":0,
        "PinOwnerID":419351895
      },
      "ConnectionType":0,
      "ConnectedWireIndex":-1,
      "ConnectedWireSegmentIndex":-1,
      "Points":[{"x":0.0,"y":0.0},{"x":0.0,"y":0.0}]
    },
    {
      "SourcePinAddress":{
        "PinID":1164945729,
        "PinOwnerID":1796555662
      },
      "TargetPinAddress":{
        "PinID":0,
        "PinOwnerID":1171832800
      },
      "ConnectionType":0,
      "ConnectedWireIndex":-1,
      "ConnectedWireSegmentIndex":-1,
      "Points":[{"x":0.0,"y":0.0},{"x":24.87734,"y":265.68539},{"x":0.0,"y":0.0}]
    },
    {
      "SourcePinAddress":{
        "PinID":0,
        "PinOwnerID":1946182587
      },
      "TargetPinAddress":{
        "PinID":2030901329,
        "PinOwnerID":884254365
      },
      "ConnectionType":0,
      "ConnectedWireIndex":-1,
      "ConnectedWireSegmentIndex":-1,
      "Points":[{"x":0.0,"y":0.0},{"x":0.0,"y":0.0}]
    },
    {
      "SourcePinAddress":{
        "PinID":14895395,
        "PinOwnerID":884254365
      },
      "TargetPinAddress":{
        "PinID":1009493463,
        "PinOwnerID":1796555662
      },
      "ConnectionType":0,
      "ConnectedWireIndex":-1,
      "ConnectedWireSegmentIndex":-1,
      "Points":[{"x":0.0,"y":0.0},{"x":20.83278,"y":259.48343},{"x":20.83278,"y":265.73087},{"x":0.0,"y":0.0}]
    },
    {
      "SourcePinAddress":{
        "PinID":14895395,
        "PinOwnerID":884254365
      },
      "TargetPinAddress":{
        "PinID":1009493463,
        "PinOwnerID":2118721630
      },
      "ConnectionType":1,
      "ConnectedWireIndex":39,
      "ConnectedWireSegmentIndex":1,
      "Points":[{"x":20.83278,"y":264.88632},{"x":0.0,"y":0.0}]
    },
    {
      "SourcePinAddress":{
        "PinID":14895395,
        "PinOwnerID":884254365
      },
      "TargetPinAddress":{
        "PinID":1009493463,
        "PinOwnerID":1759868579
      },
      "ConnectionType":1,
      "ConnectedWireIndex":39,
      "ConnectedWireSegmentIndex":1,
      "Points":[{"x":20.83278,"y":264.07465},{"x":0.0,"y":0.0}]
    },
    {
      "SourcePinAddress":{
        "PinID":14895395,
        "PinOwnerID":884254365
      },
      "TargetPinAddress":{
        "PinID":1009493463,
        "PinOwnerID":2031979809
      },
      "ConnectionType":1,
      "ConnectedWireIndex":39,
      "ConnectedWireSegmentIndex":1,
      "Points":[{"x":20.83278,"y":263.2272},{"x":0.0,"y":0.0}]
    },
    {
      "SourcePinAddress":{
        "PinID":14895395,
        "PinOwnerID":884254365
      },
      "TargetPinAddress":{
        "PinID":1009493463,
        "PinOwnerID":500623552
      },
      "ConnectionType":1,
      "ConnectedWireIndex":39,
      "ConnectedWireSegmentIndex":1,
      "Points":[{"x":20.83278,"y":262.4155},{"x":0.0,"y":0.0}]
    },
    {
      "SourcePinAddress":{
        "PinID":14895395,
        "PinOwnerID":884254365
      },
      "TargetPinAddress":{
        "PinID":1009493463,
        "PinOwnerID":109995113
      },
      "ConnectionType":1,
      "ConnectedWireIndex":39,
      "ConnectedWireSegmentIndex":1,
      "Points":[{"x":20.83278,"y":261.56805},{"x":0.0,"y":0.0}]
    },
    {
      "SourcePinAddress":{
        "PinID":14895395,
        "PinOwnerID":884254365
      },
      "TargetPinAddress":{
        "PinID":1009493463,
        "PinOwnerID":1092484868
      },
      "ConnectionType":1,
      "ConnectedWireIndex":39,
      "ConnectedWireSegmentIndex":1,
      "Points":[{"x":20.83278,"y":260.75638},{"x":0.0,"y":0.0}]
    },
    {
      "SourcePinAddress":{
        "PinID":14895395,
        "PinOwnerID":884254365
      },
      "TargetPinAddress":{
        "PinID":1009493463,
        "PinOwnerID":2066893746
      },
      "ConnectionType":1,
      "ConnectedWireIndex":39,
      "ConnectedWireSegmentIndex":1,
      "Points":[{"x":20.83278,"y":259.90894},{"x":0.0,"y":0.0}]
    }
  ],
  "Displays":[]
}