{
  "DLSVersion": "2.1.6",
  "Name": "8 to 3 Enc",
  "NameLocation": 0,
  "ChipType": 0,
  "Size": {
    "x": 1.1,
    "y": 0.75
  },
  "Colour": {
    "r": 0.101779327,
    "g": 0.229367584,
    "b": 0.595055938,
    "a": 1
  },
  "InputPins":[
    {
      "Name":"IN",
      "ID":1466194261,
      "Position":{
        "x":26.99799,
        "y":256.28079
      },
      "BitCount":8,
      "Colour":0,
      "ValueDisplayMode":0
    }
  ],
  "OutputPins":[
    {
      "Name":"OUT",
      "ID":498049390,
      "Position":{
        "x":35.76775,
        "y":257.37936
      },
      "BitCount":1,
      "Colour":0,
      "ValueDisplayMode":0
    },
    {
      "Name":"OUT",
      "ID":46980281,
      "Position":{
        "x":35.77504,
        "y":256.27136
      },
      "BitCount":1,
      "Colour":0,
      "ValueDisplayMode":0
    },
    {
      "Name":"OUT",
      "ID":1488636772,
      "Position":{
        "x":35.81878,
        "y":254.84262
      },
      "BitCount":1,
      "Colour":0,
      "ValueDisplayMode":0
    }
  ],
  "SubChips":[
    {
      "Name":"8-1BIT",
      "ID":568334994,
      "Label":"",
      "Position":{
        "x":29.63099,
        "y":256.29245
      },
      "OutputPinColourInfo":[{"PinColour":0,"PinID":1},{"PinColour":0,"PinID":2},{"PinColour":0,"PinID":3},{"PinColour":0,"PinID":4},{"PinColour":0,"PinID":5},{"PinColour":0,"PinID":6},{"PinColour":0,"PinID":7},{"PinColour":0,"PinID":8}],
      "InternalData":null
    },
    {
      "Name":"4OR",
      "ID":1215330438,
      "Label":"",
      "Position":{
        "x":33.35946,
        "y":257.42395
      },
      "OutputPinColourInfo":[{"PinColour":0,"PinID":1949838215}],
      "InternalData":null
    },
    {
      "Name":"4OR",
      "ID":1771878761,
      "Label":"",
      "Position":{
        "x":33.31309,
        "y":256.20895
      },
      "OutputPinColourInfo":[{"PinColour":0,"PinID":1949838215}],
      "InternalData":null
    },
    {
      "Name":"4OR",
      "ID":194479221,
      "Label":"",
      "Position":{
        "x":33.31309,
        "y":254.88266
      },
      "OutputPinColourInfo":[{"PinColour":0,"PinID":1949838215}],
      "InternalData":null
    }
  ],
  "Wires":[
    {
      "SourcePinAddress":{
        "PinID":0,
        "PinOwnerID":1466194261
      },
      "TargetPinAddress":{
        "PinID":0,
        "PinOwnerID":568334994
      },
      "ConnectionType":0,
      "ConnectedWireIndex":-1,
      "ConnectedWireSegmentIndex":-1,
      "Points":[{"x":0.0,"y":0.0},{"x":0.0,"y":0.0}]
    },
    {
      "SourcePinAddress":{
        "PinID":7,
        "PinOwnerID":568334994
      },
      "TargetPinAddress":{
        "PinID":930515347,
        "PinOwnerID":194479221
      },
      "ConnectionType":0,
      "ConnectedWireIndex":-1,
      "ConnectedWireSegmentIndex":-1,
      "Points":[{"x":0.0,"y":0.0},{"x":30.73469,"y":255.66745},{"x":30.73469,"y":254.48384},{"x":0.0,"y":0.0}]
    },
    {
      "SourcePinAddress":{
        "PinID":6,
        "PinOwnerID":568334994
      },
      "TargetPinAddress":{
        "PinID":930515347,
        "PinOwnerID":1771878761
      },
      "ConnectionType":0,
      "ConnectedWireIndex":-1,
      "ConnectedWireSegmentIndex":-1,
      "Points":[{"x":0.0,"y":0.0},{"x":30.96656,"y":255.91745},{"x":30.96656,"y":255.82869},{"x":0.0,"y":0.0}]
    },
    {
      "SourcePinAddress":{
        "PinID":5,
        "PinOwnerID":568334994
      },
      "TargetPinAddress":{
        "PinID":1678651094,
        "PinOwnerID":1771878761
      },
      "ConnectionType":0,
      "ConnectedWireIndex":-1,
      "ConnectedWireSegmentIndex":-1,
      "Points":[{"x":0.0,"y":0.0},{"x":31.11496,"y":256.16745},{"x":31.11496,"y":256.06055},{"x":0.0,"y":0.0}]
    },
    {
      "SourcePinAddress":{
        "PinID":5,
        "PinOwnerID":568334994
      },
      "TargetPinAddress":{
        "PinID":1678651094,
        "PinOwnerID":194479221
      },
      "ConnectionType":1,
      "ConnectedWireIndex":3,
      "ConnectedWireSegmentIndex":1,
      "Points":[{"x":31.11496,"y":256.06982},{"x":31.11496,"y":254.77136},{"x":0.0,"y":0.0}]
    },
    {
      "SourcePinAddress":{
        "PinID":4,
        "PinOwnerID":568334994
      },
      "TargetPinAddress":{
        "PinID":930515347,
        "PinOwnerID":1215330438
      },
      "ConnectionType":0,
      "ConnectedWireIndex":-1,
      "ConnectedWireSegmentIndex":-1,
      "Points":[{"x":0.0,"y":0.0},{"x":31.27263,"y":256.41745},{"x":31.27263,"y":256.9881},{"x":31.27263,"y":257.06232},{"x":0.0,"y":0.0}]
    },
    {
      "SourcePinAddress":{
        "PinID":3,
        "PinOwnerID":568334994
      },
      "TargetPinAddress":{
        "PinID":1678651094,
        "PinOwnerID":1215330438
      },
      "ConnectionType":0,
      "ConnectedWireIndex":-1,
      "ConnectedWireSegmentIndex":-1,
      "Points":[{"x":0.0,"y":0.0},{"x":31.44885,"y":256.66745},{"x":31.44885,"y":257.28491},{"x":0.0,"y":0.0}]
    },
    {
      "SourcePinAddress":{
        "PinID":3,
        "PinOwnerID":568334994
      },
      "TargetPinAddress":{
        "PinID":143336155,
        "PinOwnerID":194479221
      },
      "ConnectionType":1,
      "ConnectedWireIndex":6,
      "ConnectedWireSegmentIndex":0,
      "Points":[{"x":31.43957,"y":256.66745},{"x":31.43957,"y":254.99403},{"x":0.0,"y":0.0}]
    },
    {
      "SourcePinAddress":{
        "PinID":2,
        "PinOwnerID":568334994
      },
      "TargetPinAddress":{
        "PinID":143336155,
        "PinOwnerID":1215330438
      },
      "ConnectionType":0,
      "ConnectedWireIndex":-1,
      "ConnectedWireSegmentIndex":-1,
      "Points":[{"x":0.0,"y":0.0},{"x":31.58797,"y":256.91745},{"x":31.58797,"y":257.53534},{"x":0.0,"y":0.0}]
    },
    {
      "SourcePinAddress":{
        "PinID":2,
        "PinOwnerID":568334994
      },
      "TargetPinAddress":{
        "PinID":143336155,
        "PinOwnerID":1771878761
      },
      "ConnectionType":1,
      "ConnectedWireIndex":8,
      "ConnectedWireSegmentIndex":0,
      "Points":[{"x":31.58797,"y":256.91745},{"x":31.58797,"y":256.32031},{"x":0.0,"y":0.0}]
    },
    {
      "SourcePinAddress":{
        "PinID":1,
        "PinOwnerID":568334994
      },
      "TargetPinAddress":{
        "PinID":1048891278,
        "PinOwnerID":1215330438
      },
      "ConnectionType":0,
      "ConnectedWireIndex":-1,
      "ConnectedWireSegmentIndex":-1,
      "Points":[{"x":0.0,"y":0.0},{"x":31.75492,"y":257.16745},{"x":31.75492,"y":257.76718},{"x":31.75492,"y":257.80429},{"x":0.0,"y":0.0}]
    },
    {
      "SourcePinAddress":{
        "PinID":1,
        "PinOwnerID":568334994
      },
      "TargetPinAddress":{
        "PinID":1048891278,
        "PinOwnerID":1771878761
      },
      "ConnectionType":1,
      "ConnectedWireIndex":10,
      "ConnectedWireSegmentIndex":0,
      "Points":[{"x":31.75492,"y":257.16745},{"x":31.75492,"y":256.55219},{"x":0.0,"y":0.0}]
    },
    {
      "SourcePinAddress":{
        "PinID":1,
        "PinOwnerID":568334994
      },
      "TargetPinAddress":{
        "PinID":1048891278,
        "PinOwnerID":194479221
      },
      "ConnectionType":1,
      "ConnectedWireIndex":11,
      "ConnectedWireSegmentIndex":0,
      "Points":[{"x":31.75492,"y":256.55219},{"x":31.75492,"y":255.22591},{"x":0.0,"y":0.0}]
    },
    {
      "SourcePinAddress":{
        "PinID":1949838215,
        "PinOwnerID":194479221
      },
      "TargetPinAddress":{
        "PinID":0,
        "PinOwnerID":1488636772
      },
      "ConnectionType":0,
      "ConnectedWireIndex":-1,
      "ConnectedWireSegmentIndex":-1,
      "Points":[{"x":0.0,"y":0.0},{"x":0.0,"y":0.0}]
    },
    {
      "SourcePinAddress":{
        "PinID":1949838215,
        "PinOwnerID":1771878761
      },
      "TargetPinAddress":{
        "PinID":0,
        "PinOwnerID":46980281
      },
      "ConnectionType":0,
      "ConnectedWireIndex":-1,
      "ConnectedWireSegmentIndex":-1,
      "Points":[{"x":0.0,"y":0.0},{"x":0.0,"y":0.0}]
    },
    {
      "SourcePinAddress":{
        "PinID":1949838215,
        "PinOwnerID":1215330438
      },
      "TargetPinAddress":{
        "PinID":0,
        "PinOwnerID":498049390
      },
      "ConnectionType":0,
      "ConnectedWireIndex":-1,
      "ConnectedWireSegmentIndex":-1,
      "Points":[{"x":0.0,"y":0.0},{"x":0.0,"y":0.0}]
    }
  ],
  "Displays": null
}