{
  "DLSVersion": "2.1.6",
  "Name": "8B 3 Way MUX",
  "NameLocation": 0,
  "ChipType": 0,
  "Size": {
    "x": 1.25,
    "y": 2.0
  },
  "Colour": {
    "r": 0.212431177,
    "g": 0.11601764,
    "b": 0.286485672,
    "a": 1
  },
  "InputPins":[
    {
      "Name":"D2",
      "ID":1105272588,
      "Position":{
        "x":-2.5,
        "y":0.5625
      },
      "BitCount":8,
      "Colour":0,
      "ValueDisplayMode":0
    },
    {
      "Name":"D1",
      "ID":174073533,
      "Position":{
        "x":-2.5,
        "y":-1.5625
      },
      "BitCount":8,
      "Colour":0,
      "ValueDisplayMode":0
    },
    {
      "Name":"D0",
      "ID":975306959,
      "Position":{
        "x":-2.5,
        "y":-3.6875
      },
      "BitCount":8,
      "Colour":0,
      "ValueDisplayMode":0
    },
    {
      "Name":"S0",
      "ID":1801236673,
      "Position":{
        "x":0.25,
        "y":-8.875
      },
      "BitCount":1,
      "Colour":0,
      "ValueDisplayMode":0
    },
    {
      "Name":"S0",
      "ID":343286130,
      "Position":{
        "x":0.25,
        "y":-9.3125
      },
      "BitCount":1,
      "Colour":0,
      "ValueDisplayMode":0
    }
  ],
  "OutputPins":[
    {
      "Name":"OUT",
      "ID":1254016058,
      "Position":{
        "x":8.15111,
        "y":0.0625
      },
      "BitCount":8,
      "Colour":0,
      "ValueDisplayMode":0
    }
  ],
  "SubChips":[
    {
      "Name":"3Way MUX",
      "ID":1814715413,
      "Label":"",
      "Position":{
        "x":3.1475,
        "y":0.9375
      },
      "OutputPinColourInfo":[{"PinColour":0,"PinID":778487875}],
      "InternalData":null
    },
    {
      "Name":"3Way MUX",
      "ID":1008207850,
      "Label":"",
      "Position":{
        "x":3.1475,
        "y":-0.375
      },
      "OutputPinColourInfo":[{"PinColour":0,"PinID":778487875}],
      "InternalData":null
    },
    {
      "Name":"3Way MUX",
      "ID":1022403061,
      "Label":"",
      "Position":{
        "x":3.1475,
        "y":-1.6875
      },
      "OutputPinColourInfo":[{"PinColour":0,"PinID":778487875}],
      "InternalData":null
    },
    {
      "Name":"3Way MUX",
      "ID":739382678,
      "Label":"",
      "Position":{
        "x":3.1475,
        "y":-3.0
      },
      "OutputPinColourInfo":[{"PinColour":0,"PinID":778487875}],
      "InternalData":null
    },
    {
      "Name":"3Way MUX",
      "ID":1983129097,
      "Label":"",
      "Position":{
        "x":3.1475,
        "y":-4.3125
      },
      "OutputPinColourInfo":[{"PinColour":0,"PinID":778487875}],
      "InternalData":null
    },
    {
      "Name":"3Way MUX",
      "ID":2103667323,
      "Label":"",
      "Position":{
        "x":3.1475,
        "y":-5.625
      },
      "OutputPinColourInfo":[{"PinColour":0,"PinID":778487875}],
      "InternalData":null
    },
    {
      "Name":"3Way MUX",
      "ID":1466636354,
      "Label":"",
      "Position":{
        "x":3.1475,
        "y":-6.9375
      },
      "OutputPinColourInfo":[{"PinColour":0,"PinID":778487875}],
      "InternalData":null
    },
    {
      "Name":"3Way MUX",
      "ID":1163190046,
      "Label":"",
      "Position":{
        "x":3.1475,
        "y":-8.25
      },
      "OutputPinColourInfo":[{"PinColour":0,"PinID":778487875}],
      "InternalData":null
    },
    {
      "Name":"8-1BIT",
      "ID":415763974,
      "Label":"",
      "Position":{
        "x":0.9475,
        "y":0.5625
      },
      "OutputPinColourInfo":[{"PinColour":0,"PinID":1},{"PinColour":0,"PinID":2},{"PinColour":0,"PinID":3},{"PinColour":0,"PinID":4},{"PinColour":0,"PinID":5},{"PinColour":0,"PinID":6},{"PinColour":0,"PinID":7},{"PinColour":0,"PinID":8}],
      "InternalData":null
    },
    {
      "Name":"8-1BIT",
      "ID":1256913106,
      "Label":"",
      "Position":{
        "x":0.9475,
        "y":-1.5625
      },
      "OutputPinColourInfo":[{"PinColour":0,"PinID":1},{"PinColour":0,"PinID":2},{"PinColour":0,"PinID":3},{"PinColour":0,"PinID":4},{"PinColour":0,"PinID":5},{"PinColour":0,"PinID":6},{"PinColour":0,"PinID":7},{"PinColour":0,"PinID":8}],
      "InternalData":null
    },
    {
      "Name":"8-1BIT",
      "ID":318469842,
      "Label":"",
      "Position":{
        "x":0.9475,
        "y":-3.6875
      },
      "OutputPinColourInfo":[{"PinColour":0,"PinID":1},{"PinColour":0,"PinID":2},{"PinColour":0,"PinID":3},{"PinColour":0,"PinID":4},{"PinColour":0,"PinID":5},{"PinColour":0,"PinID":6},{"PinColour":0,"PinID":7},{"PinColour":0,"PinID":8}],
      "InternalData":null
    },
    {
      "Name":"1-8BIT",
      "ID":1377799566,
      "Label":"",
      "Position":{
        "x":5.3225,
        "y":0.0625
      },
      "OutputPinColourInfo":[{"PinColour":0,"PinID":8}],
      "InternalData":null
    }
  ],
  "Wires":[
    {
      "SourcePinAddress":{
        "PinID":1,
        "PinOwnerID":415763974
      },
      "TargetPinAddress":{
        "PinID":485012060,
        "PinOwnerID":1814715413
      },
      "ConnectionType":0,
      "ConnectedWireIndex":-1,
      "ConnectedWireSegmentIndex":-1,
      "Points":[{"x":0.0,"y":0.0},{"x":0.0,"y":0.0}]
    },
    {
      "SourcePinAddress":{
        "PinID":2,
        "PinOwnerID":415763974
      },
      "TargetPinAddress":{
        "PinID":485012060,
        "PinOwnerID":1008207850
      },
      "ConnectionType":0,
      "ConnectedWireIndex":-1,
      "ConnectedWireSegmentIndex":-1,
      "Points":[{"x":0.0,"y":0.0},{"x":0.0,"y":0.0}]
    },
    {
      "SourcePinAddress":{
        "PinID":3,
        "PinOwnerID":415763974
      },
      "TargetPinAddress":{
        "PinID":485012060,
        "PinOwnerID":1022403061
      },
      "ConnectionType":0,
      "ConnectedWireIndex":-1,
      "ConnectedWireSegmentIndex":-1,
      "Points":[{"x":0.0,"y":0.0},{"x":0.0,"y":0.0}]
    },
    {
      "SourcePinAddress":{
        "PinID":4,
        "PinOwnerID":415763974
      },
      "TargetPinAddress":{
        "PinID":485012060,
        "PinOwnerID":739382678
      },
      "ConnectionType":0,
      "ConnectedWireIndex":-1,
      "ConnectedWireSegmentIndex":-1,
      "Points":[{"x":0.0,"y":0.0},{"x":0.0,"y":0.0}]
    },
    {
      "SourcePinAddress":{
        "PinID":5,
        "PinOwnerID":415763974
      },
      "TargetPinAddress":{
        "PinID":485012060,
        "PinOwnerID":1983129097
      },
      "ConnectionType":0,
      "ConnectedWireIndex":-1,
      "ConnectedWireSegmentIndex":-1,
      "Points":[{"x":0.0,"y":0.0},{"x":0.0,"y":0.0}]
    },
    {
      "SourcePinAddress":{
        "PinID":6,
        "PinOwnerID":415763974
      },
      "TargetPinAddress":{
        "PinID":485012060,
        "PinOwnerID":2103667323
      },
      "ConnectionType":0,
      "ConnectedWireIndex":-1,
      "ConnectedWireSegmentIndex":-1,
      "Points":[{"x":0.0,"y":0.0},{"x":0.0,"y":0.0}]
    },
    {
      "SourcePinAddress":{
        "PinID":7,
        "PinOwnerID":415763974
      },
      "TargetPinAddress":{
        "PinID":485012060,
        "PinOwnerID":1466636354
      },
      "ConnectionType":0,
      "ConnectedWireIndex":-1,
      "ConnectedWireSegmentIndex":-1,
      "Points":[{"x":0.0,"y":0.0},{"x":0.0,"y":0.0}]
    },
    {
      "SourcePinAddress":{
        "PinID":8,
        "PinOwnerID":415763974
      },
      "TargetPinAddress":{
        "PinID":485012060,
        "PinOwnerID":1163190046
      },
      "ConnectionType":0,
      "ConnectedWireIndex":-1,
      "ConnectedWireSegmentIndex":-1,
      "Points":[{"x":0.0,"y":0.0},{"x":0.0,"y":0.0}]
    },
    {
      "SourcePinAddress":{
        "PinID":1,
        "PinOwnerID":1256913106
      },
      "TargetPinAddress":{
        "PinID":841229552,
        "PinOwnerID":1814715413
      },
      "ConnectionType":0,
      "ConnectedWireIndex":-1,
      "ConnectedWireSegmentIndex":-1,
      "Points":[{"x":0.0,"y":0.0},{"x":0.0,"y":0.0}]
    },
    {
      "SourcePinAddress":{
        "PinID":2,
        "PinOwnerID":1256913106
      },
      "TargetPinAddress":{
        "PinID":841229552,
        "PinOwnerID":1008207850
      },
      "ConnectionType":0,
      "ConnectedWireIndex":-1,
      "ConnectedWireSegmentIndex":-1,
      "Points":[{"x":0.0,"y":0.0},{"x":0.0,"y":0.0}]
    },
    {
      "SourcePinAddress":{
        "PinID":3,
        "PinOwnerID":1256913106
      },
      "TargetPinAddress":{
        "PinID":841229552,
        "PinOwnerID":1022403061
      },
      "ConnectionType":0,
      "ConnectedWireIndex":-1,
      "ConnectedWireSegmentIndex":-1,
      "Points":[{"x":0.0,"y":0.0},{"x":0.0,"y":0.0}]
    },
    {
      "SourcePinAddress":{
        "PinID":4,
        "PinOwnerID":1256913106
      },
      "TargetPinAddress":{
        "PinID":841229552,
        "PinOwnerID":739382678
      },
      "ConnectionType":0,
      "ConnectedWireIndex":-1,
      "ConnectedWireSegmentIndex":-1,
      "Points":[{"x":0.0,"y":0.0},{"x":0.0,"y":0.0}]
    },
    {
      "SourcePinAddress":{
        "PinID":5,
        "PinOwnerID":1256913106
      },
      "TargetPinAddress":{
        "PinID":841229552,
        "PinOwnerID":1983129097
      },
      "ConnectionType":0,
      "ConnectedWireIndex":-1,
      "ConnectedWireSegmentIndex":-1,
      "Points":[{"x":0.0,"y":0.0},{"x":0.0,"y":0.0}]
    },
    {
      "SourcePinAddress":{
        "PinID":6,
        "PinOwnerID":1256913106
      },
      "TargetPinAddress":{
        "PinID":841229552,
        "PinOwnerID":2103667323
      },
      "ConnectionType":0,
      "ConnectedWireIndex":-1,
      "ConnectedWireSegmentIndex":-1,
      "Points":[{"x":0.0,"y":0.0},{"x":0.0,"y":0.0}]
    },
    {
      "SourcePinAddress":{
        "PinID":7,
        "PinOwnerID":1256913106
      },
      "TargetPinAddress":{
        "PinID":841229552,
        "PinOwnerID":1466636354
      },
      "ConnectionType":0,
      "ConnectedWireIndex":-1,
      "ConnectedWireSegmentIndex":-1,
      "Points":[{"x":0.0,"y":0.0},{"x":0.0,"y":0.0}]
    },
    {
      "SourcePinAddress":{
        "PinID":8,
        "PinOwnerID":1256913106
      },
      "TargetPinAddress":{
        "PinID":841229552,
        "PinOwnerID":1163190046
      },
      "ConnectionType":0,
      "ConnectedWireIndex":-1,
      "ConnectedWireSegmentIndex":-1,
      "Points":[{"x":0.0,"y":0.0},{"x":0.0,"y":0.0}]
    },
    {
      "SourcePinAddress":{
        "PinID":1,
        "PinOwnerID":318469842
      },
      "TargetPinAddress":{
        "PinID":1273164845,
        "PinOwnerID":1814715413
      },
      "ConnectionType":0,
      "ConnectedWireIndex":-1,
      "ConnectedWireSegmentIndex":-1,
      "Points":[{"x":0.0,"y":0.0},{"x":0.0,"y":0.0}]
    },
    {
      "SourcePinAddress":{
        "PinID":2,
        "PinOwnerID":318469842
      },
      "TargetPinAddress":{
        "PinID":1273164845,
        "PinOwnerID":1008207850
      },
      "ConnectionType":0,
      "ConnectedWireIndex":-1,
      "ConnectedWireSegmentIndex":-1,
      "Points":[{"x":0.0,"y":0.0},{"x":0.0,"y":0.0}]
    },
    {
      "SourcePinAddress":{
        "PinID":3,
        "PinOwnerID":318469842
      },
      "TargetPinAddress":{
        "PinID":1273164845,
        "PinOwnerID":1022403061
      },
      "ConnectionType":0,
      "ConnectedWireIndex":-1,
      "ConnectedWireSegmentIndex":-1,
      "Points":[{"x":0.0,"y":0.0},{"x":0.0,"y":0.0}]
    },
    {
      "SourcePinAddress":{
        "PinID":4,
        "PinOwnerID":318469842
      },
      "TargetPinAddress":{
        "PinID":1273164845,
        "PinOwnerID":739382678
      },
      "ConnectionType":0,
      "ConnectedWireIndex":-1,
      "ConnectedWireSegmentIndex":-1,
      "Points":[{"x":0.0,"y":0.0},{"x":0.0,"y":0.0}]
    },
    {
      "SourcePinAddress":{
        "PinID":5,
        "PinOwnerID":318469842
      },
      "TargetPinAddress":{
        "PinID":1273164845,
        "PinOwnerID":1983129097
      },
      "ConnectionType":0,
      "ConnectedWireIndex":-1,
      "ConnectedWireSegmentIndex":-1,
      "Points":[{"x":0.0,"y":0.0},{"x":0.0,"y":0.0}]
    },
    {
      "SourcePinAddress":{
        "PinID":6,
        "PinOwnerID":318469842
      },
      "TargetPinAddress":{
        "PinID":1273164845,
        "PinOwnerID":2103667323
      },
      "ConnectionType":0,
      "ConnectedWireIndex":-1,
      "ConnectedWireSegmentIndex":-1,
      "Points":[{"x":0.0,"y":0.0},{"x":0.0,"y":0.0}]
    },
    {
      "SourcePinAddress":{
        "PinID":7,
        "PinOwnerID":318469842
      },
      "TargetPinAddress":{
        "PinID":1273164845,
        "PinOwnerID":1466636354
      },
      "ConnectionType":0,
      "ConnectedWireIndex":-1,
      "ConnectedWireSegmentIndex":-1,
      "Points":[{"x":0.0,"y":0.0},{"x":0.0,"y":0.0}]
    },
    {
      "SourcePinAddress":{
        "PinID":8,
        "PinOwnerID":318469842
      },
      "TargetPinAddress":{
        "PinID":1273164845,
        "PinOwnerID":1163190046
      },
      "ConnectionType":0,
      "ConnectedWireIndex":-1,
      "ConnectedWireSegmentIndex":-1,
      "Points":[{"x":0.0,"y":0.0},{"x":0.0,"y":0.0}]
    },
    {
      "SourcePinAddress":{
        "PinID":0,
        "PinOwnerID":1801236673
      },
      "TargetPinAddress":{
        "PinID":559993612,
        "PinOwnerID":1814715413
      },
      "ConnectionType":0,
      "ConnectedWireIndex":-1,
      "ConnectedWireSegmentIndex":-1,
      "Points":[{"x":0.0,"y":0.0},{"x":2.29966,"y":-8.875},{"x":2.29966,"y":0.70612},{"x":0.0,"y":0.0}]
    },
    {
      "SourcePinAddress":{
        "PinID":0,
        "PinOwnerID":1801236673
      },
      "TargetPinAddress":{
        "PinID":559993612,
        "PinOwnerID":1008207850
      },
      "ConnectionType":1,
      "ConnectedWireIndex":24,
      "ConnectedWireSegmentIndex":1,
      "Points":[{"x":2.29966,"y":-0.625},{"x":0.0,"y":0.0}]
    },
    {
      "SourcePinAddress":{
        "PinID":0,
        "PinOwnerID":1801236673
      },
      "TargetPinAddress":{
        "PinID":559993612,
        "PinOwnerID":1022403061
      },
      "ConnectionType":1,
      "ConnectedWireIndex":24,
      "ConnectedWireSegmentIndex":1,
      "Points":[{"x":2.29966,"y":-1.9375},{"x":0.0,"y":0.0}]
    },
    {
      "SourcePinAddress":{
        "PinID":0,
        "PinOwnerID":1801236673
      },
      "TargetPinAddress":{
        "PinID":559993612,
        "PinOwnerID":739382678
      },
      "ConnectionType":1,
      "ConnectedWireIndex":24,
      "ConnectedWireSegmentIndex":1,
      "Points":[{"x":2.29966,"y":-3.25},{"x":0.0,"y":0.0}]
    },
    {
      "SourcePinAddress":{
        "PinID":0,
        "PinOwnerID":1801236673
      },
      "TargetPinAddress":{
        "PinID":559993612,
        "PinOwnerID":1983129097
      },
      "ConnectionType":1,
      "ConnectedWireIndex":24,
      "ConnectedWireSegmentIndex":1,
      "Points":[{"x":2.29966,"y":-4.5625},{"x":0.0,"y":0.0}]
    },
    {
      "SourcePinAddress":{
        "PinID":0,
        "PinOwnerID":1801236673
      },
      "TargetPinAddress":{
        "PinID":559993612,
        "PinOwnerID":2103667323
      },
      "ConnectionType":1,
      "ConnectedWireIndex":24,
      "ConnectedWireSegmentIndex":1,
      "Points":[{"x":2.29966,"y":-5.875},{"x":0.0,"y":0.0}]
    },
    {
      "SourcePinAddress":{
        "PinID":0,
        "PinOwnerID":1801236673
      },
      "TargetPinAddress":{
        "PinID":559993612,
        "PinOwnerID":1466636354
      },
      "ConnectionType":1,
      "ConnectedWireIndex":24,
      "ConnectedWireSegmentIndex":1,
      "Points":[{"x":2.29966,"y":-7.1875},{"x":0.0,"y":0.0}]
    },
    {
      "SourcePinAddress":{
        "PinID":0,
        "PinOwnerID":1801236673
      },
      "TargetPinAddress":{
        "PinID":559993612,
        "PinOwnerID":1163190046
      },
      "ConnectionType":1,
      "ConnectedWireIndex":24,
      "ConnectedWireSegmentIndex":1,
      "Points":[{"x":2.29966,"y":-8.5},{"x":0.0,"y":0.0}]
    },
    {
      "SourcePinAddress":{
        "PinID":0,
        "PinOwnerID":343286130
      },
      "TargetPinAddress":{
        "PinID":1998889901,
        "PinOwnerID":1814715413
      },
      "ConnectionType":0,
      "ConnectedWireIndex":-1,
      "ConnectedWireSegmentIndex":-1,
      "Points":[{"x":0.0,"y":0.0},{"x":2.10229,"y":-9.3125},{"x":2.10229,"y":0.45912},{"x":0.0,"y":0.0}]
    },
    {
      "SourcePinAddress":{
        "PinID":0,
        "PinOwnerID":343286130
      },
      "TargetPinAddress":{
        "PinID":1998889901,
        "PinOwnerID":1008207850
      },
      "ConnectionType":1,
      "ConnectedWireIndex":32,
      "ConnectedWireSegmentIndex":1,
      "Points":[{"x":2.10229,"y":-0.875},{"x":0.0,"y":0.0}]
    },
    {
      "SourcePinAddress":{
        "PinID":0,
        "PinOwnerID":343286130
      },
      "TargetPinAddress":{
        "PinID":1998889901,
        "PinOwnerID":1022403061
      },
      "ConnectionType":1,
      "ConnectedWireIndex":32,
      "ConnectedWireSegmentIndex":1,
      "Points":[{"x":2.10229,"y":-2.1875},{"x":0.0,"y":0.0}]
    },
    {
      "SourcePinAddress":{
        "PinID":0,
        "PinOwnerID":343286130
      },
      "TargetPinAddress":{
        "PinID":1998889901,
        "PinOwnerID":739382678
      },
      "ConnectionType":1,
      "ConnectedWireIndex":32,
      "ConnectedWireSegmentIndex":1,
      "Points":[{"x":2.10229,"y":-3.5},{"x":0.0,"y":0.0}]
    },
    {
      "SourcePinAddress":{
        "PinID":0,
        "PinOwnerID":343286130
      },
      "TargetPinAddress":{
        "PinID":1998889901,
        "PinOwnerID":1983129097
      },
      "ConnectionType":1,
      "ConnectedWireIndex":32,
      "ConnectedWireSegmentIndex":1,
      "Points":[{"x":2.10229,"y":-4.8125},{"x":0.0,"y":0.0}]
    },
    {
      "SourcePinAddress":{
        "PinID":0,
        "PinOwnerID":343286130
      },
      "TargetPinAddress":{
        "PinID":1998889901,
        "PinOwnerID":2103667323
      },
      "ConnectionType":1,
      "ConnectedWireIndex":32,
      "ConnectedWireSegmentIndex":1,
      "Points":[{"x":2.10229,"y":-6.125},{"x":0.0,"y":0.0}]
    },
    {
      "SourcePinAddress":{
        "PinID":0,
        "PinOwnerID":343286130
      },
      "TargetPinAddress":{
        "PinID":1998889901,
        "PinOwnerID":1466636354
      },
      "ConnectionType":1,
      "ConnectedWireIndex":32,
      "ConnectedWireSegmentIndex":1,
      "Points":[{"x":2.10229,"y":-7.4375},{"x":0.0,"y":0.0}]
    },
    {
      "SourcePinAddress":{
        "PinID":0,
        "PinOwnerID":343286130
      },
      "TargetPinAddress":{
        "PinID":1998889901,
        "PinOwnerID":1163190046
      },
      "ConnectionType":1,
      "ConnectedWireIndex":32,
      "ConnectedWireSegmentIndex":1,
      "Points":[{"x":2.10229,"y":-8.75},{"x":0.0,"y":0.0}]
    },
    {
      "SourcePinAddress":{
        "PinID":778487875,
        "PinOwnerID":1814715413
      },
      "TargetPinAddress":{
        "PinID":0,
        "PinOwnerID":1377799566
      },
      "ConnectionType":0,
      "ConnectedWireIndex":-1,
      "ConnectedWireSegmentIndex":-1,
      "Points":[{"x":0.0,"y":0.0},{"x":0.0,"y":0.0}]
    },
    {
      "SourcePinAddress":{
        "PinID":778487875,
        "PinOwnerID":1008207850
      },
      "TargetPinAddress":{
        "PinID":1,
        "PinOwnerID":1377799566
      },
      "ConnectionType":0,
      "ConnectedWireIndex":-1,
      "ConnectedWireSegmentIndex":-1,
      "Points":[{"x":0.0,"y":0.0},{"x":3.79322,"y":-0.375},{"x":3.79322,"y":0.67266},{"x":0.0,"y":0.0}]
    },
    {
      "SourcePinAddress":{
        "PinID":778487875,
        "PinOwnerID":1022403061
      },
      "TargetPinAddress":{
        "PinID":2,
        "PinOwnerID":1377799566
      },
      "ConnectionType":0,
      "ConnectedWireIndex":-1,
      "ConnectedWireSegmentIndex":-1,
      "Points":[{"x":0.0,"y":0.0},{"x":3.94525,"y":-1.6875},{"x":3.94525,"y":0.42562},{"x":0.0,"y":0.0}]
    },
    {
      "SourcePinAddress":{
        "PinID":778487875,
        "PinOwnerID":739382678
      },
      "TargetPinAddress":{
        "PinID":3,
        "PinOwnerID":1377799566
      },
      "ConnectionType":0,
      "ConnectedWireIndex":-1,
      "ConnectedWireSegmentIndex":-1,
      "Points":[{"x":0.0,"y":0.0},{"x":4.12577,"y":-3.0},{"x":4.12577,"y":0.16908},{"x":0.0,"y":0.0}]
    },
    {
      "SourcePinAddress":{
        "PinID":778487875,
        "PinOwnerID":1983129097
      },
      "TargetPinAddress":{
        "PinID":4,
        "PinOwnerID":1377799566
      },
      "ConnectionType":0,
      "ConnectedWireIndex":-1,
      "ConnectedWireSegmentIndex":-1,
      "Points":[{"x":0.0,"y":0.0},{"x":4.24067,"y":-4.3125},{"x":4.24067,"y":-0.09393},{"x":0.0,"y":0.0}]
    },
    {
      "SourcePinAddress":{
        "PinID":778487875,
        "PinOwnerID":2103667323
      },
      "TargetPinAddress":{
        "PinID":5,
        "PinOwnerID":1377799566
      },
      "ConnectionType":0,
      "ConnectedWireIndex":-1,
      "ConnectedWireSegmentIndex":-1,
      "Points":[{"x":0.0,"y":0.0},{"x":4.36587,"y":-5.625},{"x":4.36587,"y":-0.30259},{"x":0.0,"y":0.0}]
    },
    {
      "SourcePinAddress":{
        "PinID":778487875,
        "PinOwnerID":1466636354
      },
      "TargetPinAddress":{
        "PinID":6,
        "PinOwnerID":1377799566
      },
      "ConnectionType":0,
      "ConnectedWireIndex":-1,
      "ConnectedWireSegmentIndex":-1,
      "Points":[{"x":0.0,"y":0.0},{"x":4.47716,"y":-6.9375},{"x":4.47716,"y":-0.59472},{"x":0.0,"y":0.0}]
    },
    {
      "SourcePinAddress":{
        "PinID":778487875,
        "PinOwnerID":1163190046
      },
      "TargetPinAddress":{
        "PinID":7,
        "PinOwnerID":1377799566
      },
      "ConnectionType":0,
      "ConnectedWireIndex":-1,
      "ConnectedWireSegmentIndex":-1,
      "Points":[{"x":0.0,"y":0.0},{"x":4.5328,"y":-8.25},{"x":4.56062,"y":-8.25},{"x":4.56062,"y":-0.78948},{"x":0.0,"y":0.0}]
    },
    {
      "SourcePinAddress":{
        "PinID":8,
        "PinOwnerID":1377799566
      },
      "TargetPinAddress":{
        "PinID":0,
        "PinOwnerID":1254016058
      },
      "ConnectionType":0,
      "ConnectedWireIndex":-1,
      "ConnectedWireSegmentIndex":-1,
      "Points":[{"x":0.0,"y":0.0},{"x":0.0,"y":0.0}]
    },
    {
      "SourcePinAddress":{
        "PinID":0,
        "PinOwnerID":975306959
      },
      "TargetPinAddress":{
        "PinID":0,
        "PinOwnerID":318469842
      },
      "ConnectionType":0,
      "ConnectedWireIndex":-1,
      "ConnectedWireSegmentIndex":-1,
      "Points":[{"x":0.0,"y":0.0},{"x":0.0,"y":0.0}]
    },
    {
      "SourcePinAddress":{
        "PinID":0,
        "PinOwnerID":174073533
      },
      "TargetPinAddress":{
        "PinID":0,
        "PinOwnerID":1256913106
      },
      "ConnectionType":0,
      "ConnectedWireIndex":-1,
      "ConnectedWireSegmentIndex":-1,
      "Points":[{"x":0.0,"y":0.0},{"x":0.0,"y":0.0}]
    },
    {
      "SourcePinAddress":{
        "PinID":0,
        "PinOwnerID":1105272588
      },
      "TargetPinAddress":{
        "PinID":0,
        "PinOwnerID":415763974
      },
      "ConnectionType":0,
      "ConnectedWireIndex":-1,
      "ConnectedWireSegmentIndex":-1,
      "Points":[{"x":0.0,"y":0.0},{"x":0.0,"y":0.0}]
    }
  ],
  "Displays": null
}