{
  "DLSVersion": "2.1.6",
  "Name": "8B Adder",
  "NameLocation": 0,
  "ChipType": 0,
  "Size": {
    "x": 1.025,
    "y": 4.25
  },
  "Colour": {
    "r": 0.197946131,
    "g": 0.274473459,
    "b": 0.2587232,
    "a": 1
  },
  "InputPins":[
    {
      "Name":"A",
      "ID":898287532,
      "Position":{
        "x":-2.5,
        "y":3.4375
      },
      "BitCount":1,
      "Colour":0,
      "ValueDisplayMode":0
    },
    {
      "Name":"A",
      "ID":1679457542,
      "Position":{
        "x":-2.5,
        "y":2.9375
      },
      "BitCount":1,
      "Colour":0,
      "ValueDisplayMode":0
    },
    {
      "Name":"A",
      "ID":547622031,
      "Position":{
        "x":-2.5,
        "y":2.4375
      },
      "BitCount":1,
      "Colour":0,
      "ValueDisplayMode":0
    },
    {
      "Name":"A",
      "ID":905632089,
      "Position":{
        "x":-2.5,
        "y":1.9375
      },
      "BitCount":1,
      "Colour":0,
      "ValueDisplayMode":0
    },
    {
      "Name":"A",
      "ID":312640426,
      "Position":{
        "x":-2.5,
        "y":1.4375
      },
      "BitCount":1,
      "Colour":0,
      "ValueDisplayMode":0
    },
    {
      "Name":"A",
      "ID":1250701257,
      "Position":{
        "x":-2.5,
        "y":0.9375
      },
      "BitCount":1,
      "Colour":0,
      "ValueDisplayMode":0
    },
    {
      "Name":"A",
      "ID":1381236483,
      "Position":{
        "x":-2.5,
        "y":0.4375
      },
      "BitCount":1,
      "Colour":0,
      "ValueDisplayMode":0
    },
    {
      "Name":"A",
      "ID":889604457,
      "Position":{
        "x":-2.5,
        "y":-0.0625
      },
      "BitCount":1,
      "Colour":0,
      "ValueDisplayMode":0
    },
    {
      "Name":"B",
      "ID":1375846832,
      "Position":{
        "x":-2.5,
        "y":-0.9375
      },
      "BitCount":1,
      "Colour":0,
      "ValueDisplayMode":0
    },
    {
      "Name":"B",
      "ID":1425445846,
      "Position":{
        "x":-2.5,
        "y":-1.4375
      },
      "BitCount":1,
      "Colour":0,
      "ValueDisplayMode":0
    },
    {
      "Name":"B",
      "ID":1126522660,
      "Position":{
        "x":-2.5,
        "y":-1.9375
      },
      "BitCount":1,
      "Colour":0,
      "ValueDisplayMode":0
    },
    {
      "Name":"B",
      "ID":2048386849,
      "Position":{
        "x":-2.5,
        "y":-2.4375
      },
      "BitCount":1,
      "Colour":0,
      "ValueDisplayMode":0
    },
    {
      "Name":"B",
      "ID":1809774669,
      "Position":{
        "x":-2.5,
        "y":-2.9375
      },
      "BitCount":1,
      "Colour":0,
      "ValueDisplayMode":0
    },
    {
      "Name":"B",
      "ID":548642023,
      "Position":{
        "x":-2.5,
        "y":-3.4375
      },
      "BitCount":1,
      "Colour":0,
      "ValueDisplayMode":0
    },
    {
      "Name":"B",
      "ID":1996593839,
      "Position":{
        "x":-2.5,
        "y":-3.9375
      },
      "BitCount":1,
      "Colour":0,
      "ValueDisplayMode":0
    },
    {
      "Name":"B",
      "ID":21369369,
      "Position":{
        "x":-2.5,
        "y":-4.4375
      },
      "BitCount":1,
      "Colour":0,
      "ValueDisplayMode":0
    },
    {
      "Name":"Carry In",
      "ID":811507563,
      "Position":{
        "x":-2.5,
        "y":-5.1875
      },
      "BitCount":1,
      "Colour":0,
      "ValueDisplayMode":0
    }
  ],
  "OutputPins":[
    {
      "Name":"Carry Out",
      "ID":2114547048,
      "Position":{
        "x":3.125,
        "y":2.4375
      },
      "BitCount":1,
      "Colour":0,
      "ValueDisplayMode":0
    },
    {
      "Name":"OUT",
      "ID":487694368,
      "Position":{
        "x":3.125,
        "y":1.5625
      },
      "BitCount":1,
      "Colour":0,
      "ValueDisplayMode":0
    },
    {
      "Name":"OUT",
      "ID":1037460116,
      "Position":{
        "x":3.125,
        "y":1.0625
      },
      "BitCount":1,
      "Colour":0,
      "ValueDisplayMode":0
    },
    {
      "Name":"OUT",
      "ID":168965031,
      "Position":{
        "x":3.125,
        "y":0.5625
      },
      "BitCount":1,
      "Colour":0,
      "ValueDisplayMode":0
    },
    {
      "Name":"OUT",
      "ID":1734400126,
      "Position":{
        "x":3.125,
        "y":0.0625
      },
      "BitCount":1,
      "Colour":0,
      "ValueDisplayMode":0
    },
    {
      "Name":"OUT",
      "ID":1159822455,
      "Position":{
        "x":3.125,
        "y":-0.4375
      },
      "BitCount":1,
      "Colour":0,
      "ValueDisplayMode":0
    },
    {
      "Name":"OUT",
      "ID":256994951,
      "Position":{
        "x":3.125,
        "y":-0.9375
      },
      "BitCount":1,
      "Colour":0,
      "ValueDisplayMode":0
    },
    {
      "Name":"OUT",
      "ID":1588873607,
      "Position":{
        "x":3.125,
        "y":-1.4375
      },
      "BitCount":1,
      "Colour":0,
      "ValueDisplayMode":0
    },
    {
      "Name":"OUT",
      "ID":583348545,
      "Position":{
        "x":3.125,
        "y":-1.9375
      },
      "BitCount":1,
      "Colour":0,
      "ValueDisplayMode":0
    }
  ],
  "SubChips":[
    {
      "Name":"FULL ADDER",
      "ID":1490958852,
      "Label":"",
      "Position":{
        "x":-0.1025,
        "y":-3.1875
      },
      "OutputPinColourInfo":[{"PinColour":0,"PinID":823484302},{"PinColour":0,"PinID":995909447}],
      "InternalData":null
    },
    {
      "Name":"FULL ADDER",
      "ID":738879116,
      "Label":"",
      "Position":{
        "x":-0.1025,
        "y":-2.3125
      },
      "OutputPinColourInfo":[{"PinColour":0,"PinID":823484302},{"PinColour":0,"PinID":995909447}],
      "InternalData":null
    },
    {
      "Name":"FULL ADDER",
      "ID":2067196234,
      "Label":"",
      "Position":{
        "x":-0.1025,
        "y":-0.6875
      },
      "OutputPinColourInfo":[{"PinColour":0,"PinID":823484302},{"PinColour":0,"PinID":995909447}],
      "InternalData":null
    },
    {
      "Name":"FULL ADDER",
      "ID":539020294,
      "Label":"",
      "Position":{
        "x":-0.1025,
        "y":-1.5
      },
      "OutputPinColourInfo":[{"PinColour":0,"PinID":823484302},{"PinColour":0,"PinID":995909447}],
      "InternalData":null
    },
    {
      "Name":"FULL ADDER",
      "ID":524184906,
      "Label":"",
      "Position":{
        "x":-0.1025,
        "y":2.5625
      },
      "OutputPinColourInfo":[{"PinColour":0,"PinID":823484302},{"PinColour":0,"PinID":995909447}],
      "InternalData":null
    },
    {
      "Name":"FULL ADDER",
      "ID":1264265865,
      "Label":"",
      "Position":{
        "x":-0.1025,
        "y":1.75
      },
      "OutputPinColourInfo":[{"PinColour":0,"PinID":823484302},{"PinColour":0,"PinID":995909447}],
      "InternalData":null
    },
    {
      "Name":"FULL ADDER",
      "ID":434372435,
      "Label":"",
      "Position":{
        "x":-0.1025,
        "y":0.9375
      },
      "OutputPinColourInfo":[{"PinColour":0,"PinID":823484302},{"PinColour":0,"PinID":995909447}],
      "InternalData":null
    },
    {
      "Name":"FULL ADDER",
      "ID":399459596,
      "Label":"",
      "Position":{
        "x":-0.1025,
        "y":0.125
      },
      "OutputPinColourInfo":[{"PinColour":0,"PinID":823484302},{"PinColour":0,"PinID":995909447}],
      "InternalData":null
    }
  ],
  "Wires":[
    {
      "SourcePinAddress":{
        "PinID":823484302,
        "PinOwnerID":1490958852
      },
      "TargetPinAddress":{
        "PinID":446244744,
        "PinOwnerID":738879116
      },
      "ConnectionType":0,
      "ConnectedWireIndex":-1,
      "ConnectedWireSegmentIndex":-1,
      "Points":[{"x":0.0,"y":0.0},{"x":0.0,"y":0.0}]
    },
    {
      "SourcePinAddress":{
        "PinID":823484302,
        "PinOwnerID":539020294
      },
      "TargetPinAddress":{
        "PinID":446244744,
        "PinOwnerID":2067196234
      },
      "ConnectionType":0,
      "ConnectedWireIndex":-1,
      "ConnectedWireSegmentIndex":-1,
      "Points":[{"x":0.0,"y":0.0},{"x":0.0,"y":0.0}]
    },
    {
      "SourcePinAddress":{
        "PinID":823484302,
        "PinOwnerID":738879116
      },
      "TargetPinAddress":{
        "PinID":446244744,
        "PinOwnerID":539020294
      },
      "ConnectionType":0,
      "ConnectedWireIndex":-1,
      "ConnectedWireSegmentIndex":-1,
      "Points":[{"x":0.0,"y":0.0},{"x":0.0,"y":0.0}]
    },
    {
      "SourcePinAddress":{
        "PinID":823484302,
        "PinOwnerID":399459596
      },
      "TargetPinAddress":{
        "PinID":446244744,
        "PinOwnerID":434372435
      },
      "ConnectionType":0,
      "ConnectedWireIndex":-1,
      "ConnectedWireSegmentIndex":-1,
      "Points":[{"x":0.0,"y":0.0},{"x":0.0,"y":0.0}]
    },
    {
      "SourcePinAddress":{
        "PinID":823484302,
        "PinOwnerID":1264265865
      },
      "TargetPinAddress":{
        "PinID":446244744,
        "PinOwnerID":524184906
      },
      "ConnectionType":0,
      "ConnectedWireIndex":-1,
      "ConnectedWireSegmentIndex":-1,
      "Points":[{"x":0.0,"y":0.0},{"x":0.0,"y":0.0}]
    },
    {
      "SourcePinAddress":{
        "PinID":823484302,
        "PinOwnerID":434372435
      },
      "TargetPinAddress":{
        "PinID":446244744,
        "PinOwnerID":1264265865
      },
      "ConnectionType":0,
      "ConnectedWireIndex":-1,
      "ConnectedWireSegmentIndex":-1,
      "Points":[{"x":0.0,"y":0.0},{"x":0.0,"y":0.0}]
    },
    {
      "SourcePinAddress":{
        "PinID":823484302,
        "PinOwnerID":2067196234
      },
      "TargetPinAddress":{
        "PinID":446244744,
        "PinOwnerID":399459596
      },
      "ConnectionType":0,
      "ConnectedWireIndex":-1,
      "ConnectedWireSegmentIndex":-1,
      "Points":[{"x":0.0,"y":0.0},{"x":0.0,"y":0.0}]
    },
    {
      "SourcePinAddress":{
        "PinID":0,
        "PinOwnerID":21369369
      },
      "TargetPinAddress":{
        "PinID":1466071119,
        "PinOwnerID":1490958852
      },
      "ConnectionType":0,
      "ConnectedWireIndex":-1,
      "ConnectedWireSegmentIndex":-1,
      "Points":[{"x":0.0,"y":0.0},{"x":0.0,"y":0.0}]
    },
    {
      "SourcePinAddress":{
        "PinID":0,
        "PinOwnerID":889604457
      },
      "TargetPinAddress":{
        "PinID":570710345,
        "PinOwnerID":1490958852
      },
      "ConnectionType":0,
      "ConnectedWireIndex":-1,
      "ConnectedWireSegmentIndex":-1,
      "Points":[{"x":0.0,"y":0.0},{"x":0.0,"y":0.0}]
    },
    {
      "SourcePinAddress":{
        "PinID":0,
        "PinOwnerID":1996593839
      },
      "TargetPinAddress":{
        "PinID":1466071119,
        "PinOwnerID":738879116
      },
      "ConnectionType":0,
      "ConnectedWireIndex":-1,
      "ConnectedWireSegmentIndex":-1,
      "Points":[{"x":0.0,"y":0.0},{"x":0.0,"y":0.0}]
    },
    {
      "SourcePinAddress":{
        "PinID":0,
        "PinOwnerID":548642023
      },
      "TargetPinAddress":{
        "PinID":1466071119,
        "PinOwnerID":539020294
      },
      "ConnectionType":0,
      "ConnectedWireIndex":-1,
      "ConnectedWireSegmentIndex":-1,
      "Points":[{"x":0.0,"y":0.0},{"x":0.0,"y":0.0}]
    },
    {
      "SourcePinAddress":{
        "PinID":0,
        "PinOwnerID":1809774669
      },
      "TargetPinAddress":{
        "PinID":1466071119,
        "PinOwnerID":2067196234
      },
      "ConnectionType":0,
      "ConnectedWireIndex":-1,
      "ConnectedWireSegmentIndex":-1,
      "Points":[{"x":0.0,"y":0.0},{"x":0.0,"y":0.0}]
    },
    {
      "SourcePinAddress":{
        "PinID":0,
        "PinOwnerID":2048386849
      },
      "TargetPinAddress":{
        "PinID":1466071119,
        "PinOwnerID":399459596
      },
      "ConnectionType":0,
      "ConnectedWireIndex":-1,
      "ConnectedWireSegmentIndex":-1,
      "Points":[{"x":0.0,"y":0.0},{"x":0.0,"y":0.0}]
    },
    {
      "SourcePinAddress":{
        "PinID":0,
        "PinOwnerID":1126522660
      },
      "TargetPinAddress":{
        "PinID":1466071119,
        "PinOwnerID":434372435
      },
      "ConnectionType":0,
      "ConnectedWireIndex":-1,
      "ConnectedWireSegmentIndex":-1,
      "Points":[{"x":0.0,"y":0.0},{"x":0.0,"y":0.0}]
    },
    {
      "SourcePinAddress":{
        "PinID":0,
        "PinOwnerID":1425445846
      },
      "TargetPinAddress":{
        "PinID":1466071119,
        "PinOwnerID":1264265865
      },
      "ConnectionType":0,
      "ConnectedWireIndex":-1,
      "ConnectedWireSegmentIndex":-1,
      "Points":[{"x":0.0,"y":0.0},{"x":0.0,"y":0.0}]
    },
    {
      "SourcePinAddress":{
        "PinID":0,
        "PinOwnerID":1375846832
      },
      "TargetPinAddress":{
        "PinID":1466071119,
        "PinOwnerID":524184906
      },
      "ConnectionType":0,
      "ConnectedWireIndex":-1,
      "ConnectedWireSegmentIndex":-1,
      "Points":[{"x":0.0,"y":0.0},{"x":0.0,"y":0.0}]
    },
    {
      "SourcePinAddress":{
        "PinID":0,
        "PinOwnerID":1381236483
      },
      "TargetPinAddress":{
        "PinID":570710345,
        "PinOwnerID":738879116
      },
      "ConnectionType":0,
      "ConnectedWireIndex":-1,
      "ConnectedWireSegmentIndex":-1,
      "Points":[{"x":0.0,"y":0.0},{"x":0.0,"y":0.0}]
    },
    {
      "SourcePinAddress":{
        "PinID":0,
        "PinOwnerID":1250701257
      },
      "TargetPinAddress":{
        "PinID":570710345,
        "PinOwnerID":539020294
      },
      "ConnectionType":0,
      "ConnectedWireIndex":-1,
      "ConnectedWireSegmentIndex":-1,
      "Points":[{"x":0.0,"y":0.0},{"x":0.0,"y":0.0}]
    },
    {
      "SourcePinAddress":{
        "PinID":0,
        "PinOwnerID":312640426
      },
      "TargetPinAddress":{
        "PinID":570710345,
        "PinOwnerID":2067196234
      },
      "ConnectionType":0,
      "ConnectedWireIndex":-1,
      "ConnectedWireSegmentIndex":-1,
      "Points":[{"x":0.0,"y":0.0},{"x":0.0,"y":0.0}]
    },
    {
      "SourcePinAddress":{
        "PinID":0,
        "PinOwnerID":905632089
      },
      "TargetPinAddress":{
        "PinID":570710345,
        "PinOwnerID":399459596
      },
      "ConnectionType":0,
      "ConnectedWireIndex":-1,
      "ConnectedWireSegmentIndex":-1,
      "Points":[{"x":0.0,"y":0.0},{"x":0.0,"y":0.0}]
    },
    {
      "SourcePinAddress":{
        "PinID":0,
        "PinOwnerID":547622031
      },
      "TargetPinAddress":{
        "PinID":570710345,
        "PinOwnerID":434372435
      },
      "ConnectionType":0,
      "ConnectedWireIndex":-1,
      "ConnectedWireSegmentIndex":-1,
      "Points":[{"x":0.0,"y":0.0},{"x":0.0,"y":0.0}]
    },
    {
      "SourcePinAddress":{
        "PinID":0,
        "PinOwnerID":1679457542
      },
      "TargetPinAddress":{
        "PinID":570710345,
        "PinOwnerID":1264265865
      },
      "ConnectionType":0,
      "ConnectedWireIndex":-1,
      "ConnectedWireSegmentIndex":-1,
      "Points":[{"x":0.0,"y":0.0},{"x":0.0,"y":0.0}]
    },
    {
      "SourcePinAddress":{
        "PinID":0,
        "PinOwnerID":898287532
      },
      "TargetPinAddress":{
        "PinID":570710345,
        "PinOwnerID":524184906
      },
      "ConnectionType":0,
      "ConnectedWireIndex":-1,
      "ConnectedWireSegmentIndex":-1,
      "Points":[{"x":0.0,"y":0.0},{"x":0.0,"y":0.0}]
    },
    {
      "SourcePinAddress":{
        "PinID":0,
        "PinOwnerID":811507563
      },
      "TargetPinAddress":{
        "PinID":446244744,
        "PinOwnerID":1490958852
      },
      "ConnectionType":0,
      "ConnectedWireIndex":-1,
      "ConnectedWireSegmentIndex":-1,
      "Points":[{"x":0.0,"y":0.0},{"x":0.0,"y":0.0}]
    },
    {
      "SourcePinAddress":{
        "PinID":995909447,
        "PinOwnerID":524184906
      },
      "TargetPinAddress":{
        "PinID":0,
        "PinOwnerID":487694368
      },
      "ConnectionType":0,
      "ConnectedWireIndex":-1,
      "ConnectedWireSegmentIndex":-1,
      "Points":[{"x":0.0,"y":0.0},{"x":0.0,"y":0.0}]
    },
    {
      "SourcePinAddress":{
        "PinID":995909447,
        "PinOwnerID":1264265865
      },
      "TargetPinAddress":{
        "PinID":0,
        "PinOwnerID":1037460116
      },
      "ConnectionType":0,
      "ConnectedWireIndex":-1,
      "ConnectedWireSegmentIndex":-1,
      "Points":[{"x":0.0,"y":0.0},{"x":0.0,"y":0.0}]
    },
    {
      "SourcePinAddress":{
        "PinID":995909447,
        "PinOwnerID":434372435
      },
      "TargetPinAddress":{
        "PinID":0,
        "PinOwnerID":168965031
      },
      "ConnectionType":0,
      "ConnectedWireIndex":-1,
      "ConnectedWireSegmentIndex":-1,
      "Points":[{"x":0.0,"y":0.0},{"x":0.0,"y":0.0}]
    },
    {
      "SourcePinAddress":{
        "PinID":995909447,
        "PinOwnerID":399459596
      },
      "TargetPinAddress":{
        "PinID":0,
        "PinOwnerID":1734400126
      },
      "ConnectionType":0,
      "ConnectedWireIndex":-1,
      "ConnectedWireSegmentIndex":-1,
      "Points":[{"x":0.0,"y":0.0},{"x":0.0,"y":0.0}]
    },
    {
      "SourcePinAddress":{
        "PinID":995909447,
        "PinOwnerID":2067196234
      },
      "TargetPinAddress":{
        "PinID":0,
        "PinOwnerID":1159822455
      },
      "ConnectionType":0,
      "ConnectedWireIndex":-1,
      "ConnectedWireSegmentIndex":-1,
      "Points":[{"x":0.0,"y":0.0},{"x":0.0,"y":0.0}]
    },
    {
      "SourcePinAddress":{
        "PinID":995909447,
        "PinOwnerID":539020294
      },
      "TargetPinAddress":{
        "PinID":0,
        "PinOwnerID":256994951
      },
      "ConnectionType":0,
      "ConnectedWireIndex":-1,
      "ConnectedWireSegmentIndex":-1,
      "Points":[{"x":0.0,"y":0.0},{"x":0.0,"y":0.0}]
    },
    {
      "SourcePinAddress":{
        "PinID":995909447,
        "PinOwnerID":738879116
      },
      "TargetPinAddress":{
        "PinID":0,
        "PinOwnerID":1588873607
      },
      "ConnectionType":0,
      "ConnectedWireIndex":-1,
      "ConnectedWireSegmentIndex":-1,
      "Points":[{"x":0.0,"y":0.0},{"x":0.0,"y":0.0}]
    },
    {
      "SourcePinAddress":{
        "PinID":995909447,
        "PinOwnerID":1490958852
      },
      "TargetPinAddress":{
        "PinID":0,
        "PinOwnerID":583348545
      },
      "ConnectionType":0,
      "ConnectedWireIndex":-1,
      "ConnectedWireSegmentIndex":-1,
      "Points":[{"x":0.0,"y":0.0},{"x":0.0,"y":0.0}]
    },
    {
      "SourcePinAddress":{
        "PinID":823484302,
        "PinOwnerID":524184906
      },
      "TargetPinAddress":{
        "PinID":0,
        "PinOwnerID":2114547048
      },
      "ConnectionType":0,
      "ConnectedWireIndex":-1,
      "ConnectedWireSegmentIndex":-1,
      "Points":[{"x":0.0,"y":0.0},{"x":0.0,"y":0.0}]
    }
  ],
  "Displays": null
}