{
  "DLSVersion": "2.1.6",
  "Name": "8B AND",
  "NameLocation": 0,
  "ChipType": 0,
  "Size": {
    "x": 1.025,
    "y": 4.0
  },
  "Colour": {
    "r": 0.254152715,
    "g": 0.20685418,
    "b": 0.128519446,
    "a": 1
  },
  "InputPins":[
    {
      "Name":"A",
      "ID":1894977756,
      "Position":{
        "x":-4.75,
        "y":-2.9375
      },
      "BitCount":1,
      "Colour":0,
      "ValueDisplayMode":0
    },
    {
      "Name":"A",
      "ID":1692027632,
      "Position":{
        "x":-4.75,
        "y":-3.4375
      },
      "BitCount":1,
      "Colour":0,
      "ValueDisplayMode":0
    },
    {
      "Name":"A",
      "ID":2083536341,
      "Position":{
        "x":-4.75,
        "y":-3.9375
      },
      "BitCount":1,
      "Colour":0,
      "ValueDisplayMode":0
    },
    {
      "Name":"A",
      "ID":760268193,
      "Position":{
        "x":-4.75,
        "y":-4.4375
      },
      "BitCount":1,
      "Colour":0,
      "ValueDisplayMode":0
    },
    {
      "Name":"A",
      "ID":849243950,
      "Position":{
        "x":-4.75,
        "y":-4.9375
      },
      "BitCount":1,
      "Colour":0,
      "ValueDisplayMode":0
    },
    {
      "Name":"A",
      "ID":1899259466,
      "Position":{
        "x":-4.75,
        "y":-5.4375
      },
      "BitCount":1,
      "Colour":0,
      "ValueDisplayMode":0
    },
    {
      "Name":"A",
      "ID":1747542727,
      "Position":{
        "x":-4.75,
        "y":-5.9375
      },
      "BitCount":1,
      "Colour":0,
      "ValueDisplayMode":0
    },
    {
      "Name":"A",
      "ID":652567242,
      "Position":{
        "x":-4.75,
        "y":-6.4375
      },
      "BitCount":1,
      "Colour":0,
      "ValueDisplayMode":0
    },
    {
      "Name":"B",
      "ID":1054051326,
      "Position":{
        "x":-4.75,
        "y":-6.9375
      },
      "BitCount":1,
      "Colour":0,
      "ValueDisplayMode":0
    },
    {
      "Name":"B",
      "ID":184157713,
      "Position":{
        "x":-4.75,
        "y":-7.4375
      },
      "BitCount":1,
      "Colour":0,
      "ValueDisplayMode":0
    },
    {
      "Name":"B",
      "ID":1436764477,
      "Position":{
        "x":-4.75,
        "y":-7.9375
      },
      "BitCount":1,
      "Colour":0,
      "ValueDisplayMode":0
    },
    {
      "Name":"B",
      "ID":685060708,
      "Position":{
        "x":-4.75,
        "y":-8.4375
      },
      "BitCount":1,
      "Colour":0,
      "ValueDisplayMode":0
    },
    {
      "Name":"B",
      "ID":1166096692,
      "Position":{
        "x":-4.75,
        "y":-8.9375
      },
      "BitCount":1,
      "Colour":0,
      "ValueDisplayMode":0
    },
    {
      "Name":"B",
      "ID":1857457377,
      "Position":{
        "x":-4.75,
        "y":-9.4375
      },
      "BitCount":1,
      "Colour":0,
      "ValueDisplayMode":0
    },
    {
      "Name":"B",
      "ID":80756375,
      "Position":{
        "x":-4.75,
        "y":-9.9375
      },
      "BitCount":1,
      "Colour":0,
      "ValueDisplayMode":0
    },
    {
      "Name":"B",
      "ID":789583245,
      "Position":{
        "x":-4.75,
        "y":-10.4375
      },
      "BitCount":1,
      "Colour":0,
      "ValueDisplayMode":0
    }
  ],
  "OutputPins":[
    {
      "Name":"OUT",
      "ID":414906325,
      "Position":{
        "x":0.25,
        "y":-5.0
      },
      "BitCount":1,
      "Colour":0,
      "ValueDisplayMode":0
    },
    {
      "Name":"OUT",
      "ID":2134623716,
      "Position":{
        "x":0.25,
        "y":-5.5
      },
      "BitCount":1,
      "Colour":0,
      "ValueDisplayMode":0
    },
    {
      "Name":"OUT",
      "ID":275900554,
      "Position":{
        "x":0.25,
        "y":-6.0
      },
      "BitCount":1,
      "Colour":0,
      "ValueDisplayMode":0
    },
    {
      "Name":"OUT",
      "ID":195823692,
      "Position":{
        "x":0.25,
        "y":-6.5
      },
      "BitCount":1,
      "Colour":0,
      "ValueDisplayMode":0
    },
    {
      "Name":"OUT",
      "ID":1932967752,
      "Position":{
        "x":0.25,
        "y":-7.0
      },
      "BitCount":1,
      "Colour":0,
      "ValueDisplayMode":0
    },
    {
      "Name":"OUT",
      "ID":1884764616,
      "Position":{
        "x":0.25,
        "y":-7.5
      },
      "BitCount":1,
      "Colour":0,
      "ValueDisplayMode":0
    },
    {
      "Name":"OUT",
      "ID":1471379139,
      "Position":{
        "x":0.25,
        "y":-8.0
      },
      "BitCount":1,
      "Colour":0,
      "ValueDisplayMode":0
    },
    {
      "Name":"OUT",
      "ID":493613750,
      "Position":{
        "x":0.25,
        "y":-8.5
      },
      "BitCount":1,
      "Colour":0,
      "ValueDisplayMode":0
    }
  ],
  "SubChips":[
    {
      "Name":"AND",
      "ID":1526555950,
      "Label":"",
      "Position":{
        "x":-1.8275,
        "y":-4.625
      },
      "OutputPinColourInfo":[{"PinColour":0,"PinID":1931642737}],
      "InternalData":null
    },
    {
      "Name":"AND",
      "ID":978291196,
      "Label":"",
      "Position":{
        "x":-1.8275,
        "y":-5.25
      },
      "OutputPinColourInfo":[{"PinColour":0,"PinID":1931642737}],
      "InternalData":null
    },
    {
      "Name":"AND",
      "ID":1973468045,
      "Label":"",
      "Position":{
        "x":-1.8275,
        "y":-5.875
      },
      "OutputPinColourInfo":[{"PinColour":0,"PinID":1931642737}],
      "InternalData":null
    },
    {
      "Name":"AND",
      "ID":2100570447,
      "Label":"",
      "Position":{
        "x":-1.8275,
        "y":-6.5
      },
      "OutputPinColourInfo":[{"PinColour":0,"PinID":1931642737}],
      "InternalData":null
    },
    {
      "Name":"AND",
      "ID":1349223928,
      "Label":"",
      "Position":{
        "x":-1.8275,
        "y":-7.125
      },
      "OutputPinColourInfo":[{"PinColour":0,"PinID":1931642737}],
      "InternalData":null
    },
    {
      "Name":"AND",
      "ID":493400759,
      "Label":"",
      "Position":{
        "x":-1.8275,
        "y":-7.75
      },
      "OutputPinColourInfo":[{"PinColour":0,"PinID":1931642737}],
      "InternalData":null
    },
    {
      "Name":"AND",
      "ID":2118933004,
      "Label":"",
      "Position":{
        "x":-1.8275,
        "y":-8.375
      },
      "OutputPinColourInfo":[{"PinColour":0,"PinID":1931642737}],
      "InternalData":null
    },
    {
      "Name":"AND",
      "ID":665515242,
      "Label":"",
      "Position":{
        "x":-1.8275,
        "y":-9.0
      },
      "OutputPinColourInfo":[{"PinColour":0,"PinID":1931642737}],
      "InternalData":null
    }
  ],
  "Wires":[
    {
      "SourcePinAddress":{
        "PinID":0,
        "PinOwnerID":789583245
      },
      "TargetPinAddress":{
        "PinID":707504547,
        "PinOwnerID":665515242
      },
      "ConnectionType":0,
      "ConnectedWireIndex":-1,
      "ConnectedWireSegmentIndex":-1,
      "Points":[{"x":0.0,"y":0.0},{"x":0.0,"y":0.0}]
    },
    {
      "SourcePinAddress":{
        "PinID":0,
        "PinOwnerID":652567242
      },
      "TargetPinAddress":{
        "PinID":1116648463,
        "PinOwnerID":665515242
      },
      "ConnectionType":0,
      "ConnectedWireIndex":-1,
      "ConnectedWireSegmentIndex":-1,
      "Points":[{"x":0.0,"y":0.0},{"x":0.0,"y":0.0}]
    },
    {
      "SourcePinAddress":{
        "PinID":0,
        "PinOwnerID":80756375
      },
      "TargetPinAddress":{
        "PinID":707504547,
        "PinOwnerID":2118933004
      },
      "ConnectionType":0,
      "ConnectedWireIndex":-1,
      "ConnectedWireSegmentIndex":-1,
      "Points":[{"x":0.0,"y":0.0},{"x":0.0,"y":0.0}]
    },
    {
      "SourcePinAddress":{
        "PinID":0,
        "PinOwnerID":1857457377
      },
      "TargetPinAddress":{
        "PinID":707504547,
        "PinOwnerID":493400759
      },
      "ConnectionType":0,
      "ConnectedWireIndex":-1,
      "ConnectedWireSegmentIndex":-1,
      "Points":[{"x":0.0,"y":0.0},{"x":0.0,"y":0.0}]
    },
    {
      "SourcePinAddress":{
        "PinID":0,
        "PinOwnerID":1166096692
      },
      "TargetPinAddress":{
        "PinID":707504547,
        "PinOwnerID":1349223928
      },
      "ConnectionType":0,
      "ConnectedWireIndex":-1,
      "ConnectedWireSegmentIndex":-1,
      "Points":[{"x":0.0,"y":0.0},{"x":0.0,"y":0.0}]
    },
    {
      "SourcePinAddress":{
        "PinID":0,
        "PinOwnerID":685060708
      },
      "TargetPinAddress":{
        "PinID":707504547,
        "PinOwnerID":2100570447
      },
      "ConnectionType":0,
      "ConnectedWireIndex":-1,
      "ConnectedWireSegmentIndex":-1,
      "Points":[{"x":0.0,"y":0.0},{"x":0.0,"y":0.0}]
    },
    {
      "SourcePinAddress":{
        "PinID":0,
        "PinOwnerID":1436764477
      },
      "TargetPinAddress":{
        "PinID":707504547,
        "PinOwnerID":1973468045
      },
      "ConnectionType":0,
      "ConnectedWireIndex":-1,
      "ConnectedWireSegmentIndex":-1,
      "Points":[{"x":0.0,"y":0.0},{"x":0.0,"y":0.0}]
    },
    {
      "SourcePinAddress":{
        "PinID":0,
        "PinOwnerID":184157713
      },
      "TargetPinAddress":{
        "PinID":707504547,
        "PinOwnerID":978291196
      },
      "ConnectionType":0,
      "ConnectedWireIndex":-1,
      "ConnectedWireSegmentIndex":-1,
      "Points":[{"x":0.0,"y":0.0},{"x":0.0,"y":0.0}]
    },
    {
      "SourcePinAddress":{
        "PinID":0,
        "PinOwnerID":1054051326
      },
      "TargetPinAddress":{
        "PinID":707504547,
        "PinOwnerID":1526555950
      },
      "ConnectionType":0,
      "ConnectedWireIndex":-1,
      "ConnectedWireSegmentIndex":-1,
      "Points":[{"x":0.0,"y":0.0},{"x":0.0,"y":0.0}]
    },
    {
      "SourcePinAddress":{
        "PinID":0,
        "PinOwnerID":1747542727
      },
      "TargetPinAddress":{
        "PinID":1116648463,
        "PinOwnerID":2118933004
      },
      "ConnectionType":0,
      "ConnectedWireIndex":-1,
      "ConnectedWireSegmentIndex":-1,
      "Points":[{"x":0.0,"y":0.0},{"x":0.0,"y":0.0}]
    },
    {
      "SourcePinAddress":{
        "PinID":0,
        "PinOwnerID":1899259466
      },
      "TargetPinAddress":{
        "PinID":1116648463,
        "PinOwnerID":493400759
      },
      "ConnectionType":0,
      "ConnectedWireIndex":-1,
      "ConnectedWireSegmentIndex":-1,
      "Points":[{"x":0.0,"y":0.0},{"x":0.0,"y":0.0}]
    },
    {
      "SourcePinAddress":{
        "PinID":0,
        "PinOwnerID":849243950
      },
      "TargetPinAddress":{
        "PinID":1116648463,
        "PinOwnerID":1349223928
      },
      "ConnectionType":0,
      "ConnectedWireIndex":-1,
      "ConnectedWireSegmentIndex":-1,
      "Points":[{"x":0.0,"y":0.0},{"x":0.0,"y":0.0}]
    },
    {
      "SourcePinAddress":{
        "PinID":0,
        "PinOwnerID":760268193
      },
      "TargetPinAddress":{
        "PinID":1116648463,
        "PinOwnerID":2100570447
      },
      "ConnectionType":0,
      "ConnectedWireIndex":-1,
      "ConnectedWireSegmentIndex":-1,
      "Points":[{"x":0.0,"y":0.0},{"x":0.0,"y":0.0}]
    },
    {
      "SourcePinAddress":{
        "PinID":0,
        "PinOwnerID":2083536341
      },
      "TargetPinAddress":{
        "PinID":1116648463,
        "PinOwnerID":1973468045
      },
      "ConnectionType":0,
      "ConnectedWireIndex":-1,
      "ConnectedWireSegmentIndex":-1,
      "Points":[{"x":0.0,"y":0.0},{"x":0.0,"y":0.0}]
    },
    {
      "SourcePinAddress":{
        "PinID":0,
        "PinOwnerID":1692027632
      },
      "TargetPinAddress":{
        "PinID":1116648463,
        "PinOwnerID":978291196
      },
      "ConnectionType":0,
      "ConnectedWireIndex":-1,
      "ConnectedWireSegmentIndex":-1,
      "Points":[{"x":0.0,"y":0.0},{"x":0.0,"y":0.0}]
    },
    {
      "SourcePinAddress":{
        "PinID":0,
        "PinOwnerID":1894977756
      },
      "TargetPinAddress":{
        "PinID":1116648463,
        "PinOwnerID":1526555950
      },
      "ConnectionType":0,
      "ConnectedWireIndex":-1,
      "ConnectedWireSegmentIndex":-1,
      "Points":[{"x":0.0,"y":0.0},{"x":0.0,"y":0.0}]
    },
    {
      "SourcePinAddress":{
        "PinID":1931642737,
        "PinOwnerID":1526555950
      },
      "TargetPinAddress":{
        "PinID":0,
        "PinOwnerID":414906325
      },
      "ConnectionType":0,
      "ConnectedWireIndex":-1,
      "ConnectedWireSegmentIndex":-1,
      "Points":[{"x":0.0,"y":0.0},{"x":0.0,"y":0.0}]
    },
    {
      "SourcePinAddress":{
        "PinID":1931642737,
        "PinOwnerID":978291196
      },
      "TargetPinAddress":{
        "PinID":0,
        "PinOwnerID":2134623716
      },
      "ConnectionType":0,
      "ConnectedWireIndex":-1,
      "ConnectedWireSegmentIndex":-1,
      "Points":[{"x":0.0,"y":0.0},{"x":0.0,"y":0.0}]
    },
    {
      "SourcePinAddress":{
        "PinID":1931642737,
        "PinOwnerID":1973468045
      },
      "TargetPinAddress":{
        "PinID":0,
        "PinOwnerID":275900554
      },
      "ConnectionType":0,
      "ConnectedWireIndex":-1,
      "ConnectedWireSegmentIndex":-1,
      "Points":[{"x":0.0,"y":0.0},{"x":0.0,"y":0.0}]
    },
    {
      "SourcePinAddress":{
        "PinID":1931642737,
        "PinOwnerID":2100570447
      },
      "TargetPinAddress":{
        "PinID":0,
        "PinOwnerID":195823692
      },
      "ConnectionType":0,
      "ConnectedWireIndex":-1,
      "ConnectedWireSegmentIndex":-1,
      "Points":[{"x":0.0,"y":0.0},{"x":0.0,"y":0.0}]
    },
    {
      "SourcePinAddress":{
        "PinID":1931642737,
        "PinOwnerID":1349223928
      },
      "TargetPinAddress":{
        "PinID":0,
        "PinOwnerID":1932967752
      },
      "ConnectionType":0,
      "ConnectedWireIndex":-1,
      "ConnectedWireSegmentIndex":-1,
      "Points":[{"x":0.0,"y":0.0},{"x":0.0,"y":0.0}]
    },
    {
      "SourcePinAddress":{
        "PinID":1931642737,
        "PinOwnerID":493400759
      },
      "TargetPinAddress":{
        "PinID":0,
        "PinOwnerID":1884764616
      },
      "ConnectionType":0,
      "ConnectedWireIndex":-1,
      "ConnectedWireSegmentIndex":-1,
      "Points":[{"x":0.0,"y":0.0},{"x":0.0,"y":0.0}]
    },
    {
      "SourcePinAddress":{
        "PinID":1931642737,
        "PinOwnerID":2118933004
      },
      "TargetPinAddress":{
        "PinID":0,
        "PinOwnerID":1471379139
      },
      "ConnectionType":0,
      "ConnectedWireIndex":-1,
      "ConnectedWireSegmentIndex":-1,
      "Points":[{"x":0.0,"y":0.0},{"x":0.0,"y":0.0}]
    },
    {
      "SourcePinAddress":{
        "PinID":1931642737,
        "PinOwnerID":665515242
      },
      "TargetPinAddress":{
        "PinID":0,
        "PinOwnerID":493613750
      },
      "ConnectionType":0,
      "ConnectedWireIndex":-1,
      "ConnectedWireSegmentIndex":-1,
      "Points":[{"x":0.0,"y":0.0},{"x":0.0,"y":0.0}]
    }
  ],
  "Displays": null
}