{
  "DLSVersion": "2.1.6",
  "Name": "8B Cancler",
  "NameLocation": 0,
  "ChipType": 0,
  "Size": {
    "x": 1.25,
    "y": 0.75
  },
  "Colour": {
    "r": 0.175529376,
    "g": 0.06851084,
    "b": 0.6060094,
    "a": 1
  },
  "InputPins":[
    {
      "Name":"IN",
      "ID":1148695259,
      "Position":{
        "x":-1.67157,
        "y":-0.30892
      },
      "BitCount":8,
      "Colour":0,
      "ValueDisplayMode":0
    },
    {
      "Name":"Cancle",
      "ID":1009493463,
      "Position":{
        "x":1.46592,
        "y":-2.6398
      },
      "BitCount":1,
      "Colour":0,
      "ValueDisplayMode":0
    }
  ],
  "OutputPins":[
    {
      "Name":"OUT",
      "ID":1164945729,
      "Position":{
        "x":8.49086,
        "y":-0.24887
      },
      "BitCount":8,
      "Colour":0,
      "ValueDisplayMode":0
    }
  ],
  "SubChips":[
    {
      "Name":"Cancler",
      "ID":2073867165,
      "Label":"",
      "Position":{
        "x":4.6101,
        "y":1.96988
      },
      "OutputPinColourInfo":[{"PinColour":0,"PinID":1616067258}],
      "InternalData":null
    },
    {
      "Name":"Cancler",
      "ID":148060645,
      "Label":"",
      "Position":{
        "x":4.6101,
        "y":1.33988
      },
      "OutputPinColourInfo":[{"PinColour":0,"PinID":1616067258}],
      "InternalData":null
    },
    {
      "Name":"Cancler",
      "ID":1146500349,
      "Label":"",
      "Position":{
        "x":4.6101,
        "y":0.70988
      },
      "OutputPinColourInfo":[{"PinColour":0,"PinID":1616067258}],
      "InternalData":null
    },
    {
      "Name":"Cancler",
      "ID":1147857435,
      "Label":"",
      "Position":{
        "x":4.6101,
        "y":0.07988
      },
      "OutputPinColourInfo":[{"PinColour":0,"PinID":1616067258}],
      "InternalData":null
    },
    {
      "Name":"Cancler",
      "ID":229930987,
      "Label":"",
      "Position":{
        "x":4.6101,
        "y":-0.55012
      },
      "OutputPinColourInfo":[{"PinColour":0,"PinID":1616067258}],
      "InternalData":null
    },
    {
      "Name":"Cancler",
      "ID":892781173,
      "Label":"",
      "Position":{
        "x":4.6101,
        "y":-1.18012
      },
      "OutputPinColourInfo":[{"PinColour":0,"PinID":1616067258}],
      "InternalData":null
    },
    {
      "Name":"Cancler",
      "ID":905315391,
      "Label":"",
      "Position":{
        "x":4.6101,
        "y":-1.81012
      },
      "OutputPinColourInfo":[{"PinColour":0,"PinID":1616067258}],
      "InternalData":null
    },
    {
      "Name":"Cancler",
      "ID":617557112,
      "Label":"",
      "Position":{
        "x":4.6101,
        "y":-2.44012
      },
      "OutputPinColourInfo":[{"PinColour":0,"PinID":1616067258}],
      "InternalData":null
    },
    {
      "Name":"8-1BIT",
      "ID":881172896,
      "Label":"",
      "Position":{
        "x":0.66101,
        "y":-0.30472
      },
      "OutputPinColourInfo":[{"PinColour":0,"PinID":1},{"PinColour":0,"PinID":2},{"PinColour":0,"PinID":3},{"PinColour":0,"PinID":4},{"PinColour":0,"PinID":5},{"PinColour":0,"PinID":6},{"PinColour":0,"PinID":7},{"PinColour":0,"PinID":8}],
      "InternalData":null
    },
    {
      "Name":"1-8BIT",
      "ID":22204100,
      "Label":"",
      "Position":{
        "x":6.42826,
        "y":-0.23028
      },
      "OutputPinColourInfo":[{"PinColour":0,"PinID":8}],
      "InternalData":null
    }
  ],
  "Wires":[
    {
      "SourcePinAddress":{
        "PinID":0,
        "PinOwnerID":1009493463
      },
      "TargetPinAddress":{
        "PinID":101598402,
        "PinOwnerID":617557112
      },
      "ConnectionType":0,
      "ConnectedWireIndex":-1,
      "ConnectedWireSegmentIndex":-1,
      "Points":[{"x":0.0,"y":0.0},{"x":0.0,"y":0.0}]
    },
    {
      "SourcePinAddress":{
        "PinID":0,
        "PinOwnerID":1009493463
      },
      "TargetPinAddress":{
        "PinID":101598402,
        "PinOwnerID":2073867165
      },
      "ConnectionType":1,
      "ConnectedWireIndex":0,
      "ConnectedWireSegmentIndex":0,
      "Points":[{"x":3.77091,"y":-2.57516},{"x":3.77091,"y":1.8585},{"x":0.0,"y":0.0}]
    },
    {
      "SourcePinAddress":{
        "PinID":0,
        "PinOwnerID":1009493463
      },
      "TargetPinAddress":{
        "PinID":101598402,
        "PinOwnerID":148060645
      },
      "ConnectionType":1,
      "ConnectedWireIndex":1,
      "ConnectedWireSegmentIndex":0,
      "Points":[{"x":3.77091,"y":1.21488},{"x":0.0,"y":0.0}]
    },
    {
      "SourcePinAddress":{
        "PinID":0,
        "PinOwnerID":1009493463
      },
      "TargetPinAddress":{
        "PinID":101598402,
        "PinOwnerID":1146500349
      },
      "ConnectionType":1,
      "ConnectedWireIndex":1,
      "ConnectedWireSegmentIndex":0,
      "Points":[{"x":3.77091,"y":0.58488},{"x":0.0,"y":0.0}]
    },
    {
      "SourcePinAddress":{
        "PinID":0,
        "PinOwnerID":1009493463
      },
      "TargetPinAddress":{
        "PinID":101598402,
        "PinOwnerID":1147857435
      },
      "ConnectionType":1,
      "ConnectedWireIndex":1,
      "ConnectedWireSegmentIndex":0,
      "Points":[{"x":3.77091,"y":-0.04512},{"x":0.0,"y":0.0}]
    },
    {
      "SourcePinAddress":{
        "PinID":0,
        "PinOwnerID":1009493463
      },
      "TargetPinAddress":{
        "PinID":101598402,
        "PinOwnerID":229930987
      },
      "ConnectionType":1,
      "ConnectedWireIndex":1,
      "ConnectedWireSegmentIndex":0,
      "Points":[{"x":3.77091,"y":-0.67512},{"x":0.0,"y":0.0}]
    },
    {
      "SourcePinAddress":{
        "PinID":0,
        "PinOwnerID":1009493463
      },
      "TargetPinAddress":{
        "PinID":101598402,
        "PinOwnerID":892781173
      },
      "ConnectionType":1,
      "ConnectedWireIndex":1,
      "ConnectedWireSegmentIndex":0,
      "Points":[{"x":3.77091,"y":-1.30512},{"x":0.0,"y":0.0}]
    },
    {
      "SourcePinAddress":{
        "PinID":0,
        "PinOwnerID":1009493463
      },
      "TargetPinAddress":{
        "PinID":101598402,
        "PinOwnerID":905315391
      },
      "ConnectionType":1,
      "ConnectedWireIndex":1,
      "ConnectedWireSegmentIndex":0,
      "Points":[{"x":3.77091,"y":-1.93512},{"x":0.0,"y":0.0}]
    },
    {
      "SourcePinAddress":{
        "PinID":0,
        "PinOwnerID":1148695259
      },
      "TargetPinAddress":{
        "PinID":0,
        "PinOwnerID":881172896
      },
      "ConnectionType":0,
      "ConnectedWireIndex":-1,
      "ConnectedWireSegmentIndex":-1,
      "Points":[{"x":0.0,"y":0.0},{"x":0.0,"y":0.0}]
    },
    {
      "SourcePinAddress":{
        "PinID":1,
        "PinOwnerID":881172896
      },
      "TargetPinAddress":{
        "PinID":211683454,
        "PinOwnerID":2073867165
      },
      "ConnectionType":0,
      "ConnectedWireIndex":-1,
      "ConnectedWireSegmentIndex":-1,
      "Points":[{"x":0.0,"y":0.0},{"x":0.0,"y":0.0}]
    },
    {
      "SourcePinAddress":{
        "PinID":2,
        "PinOwnerID":881172896
      },
      "TargetPinAddress":{
        "PinID":211683454,
        "PinOwnerID":148060645
      },
      "ConnectionType":0,
      "ConnectedWireIndex":-1,
      "ConnectedWireSegmentIndex":-1,
      "Points":[{"x":0.0,"y":0.0},{"x":0.0,"y":0.0}]
    },
    {
      "SourcePinAddress":{
        "PinID":3,
        "PinOwnerID":881172896
      },
      "TargetPinAddress":{
        "PinID":211683454,
        "PinOwnerID":1146500349
      },
      "ConnectionType":0,
      "ConnectedWireIndex":-1,
      "ConnectedWireSegmentIndex":-1,
      "Points":[{"x":0.0,"y":0.0},{"x":0.0,"y":0.0}]
    },
    {
      "SourcePinAddress":{
        "PinID":4,
        "PinOwnerID":881172896
      },
      "TargetPinAddress":{
        "PinID":211683454,
        "PinOwnerID":1147857435
      },
      "ConnectionType":0,
      "ConnectedWireIndex":-1,
      "ConnectedWireSegmentIndex":-1,
      "Points":[{"x":0.0,"y":0.0},{"x":0.0,"y":0.0}]
    },
    {
      "SourcePinAddress":{
        "PinID":5,
        "PinOwnerID":881172896
      },
      "TargetPinAddress":{
        "PinID":211683454,
        "PinOwnerID":229930987
      },
      "ConnectionType":0,
      "ConnectedWireIndex":-1,
      "ConnectedWireSegmentIndex":-1,
      "Points":[{"x":0.0,"y":0.0},{"x":0.0,"y":0.0}]
    },
    {
      "SourcePinAddress":{
        "PinID":6,
        "PinOwnerID":881172896
      },
      "TargetPinAddress":{
        "PinID":211683454,
        "PinOwnerID":892781173
      },
      "ConnectionType":0,
      "ConnectedWireIndex":-1,
      "ConnectedWireSegmentIndex":-1,
      "Points":[{"x":0.0,"y":0.0},{"x":0.0,"y":0.0}]
    },
    {
      "SourcePinAddress":{
        "PinID":7,
        "PinOwnerID":881172896
      },
      "TargetPinAddress":{
        "PinID":211683454,
        "PinOwnerID":905315391
      },
      "ConnectionType":0,
      "ConnectedWireIndex":-1,
      "ConnectedWireSegmentIndex":-1,
      "Points":[{"x":0.0,"y":0.0},{"x":0.0,"y":0.0}]
    },
    {
      "SourcePinAddress":{
        "PinID":8,
        "PinOwnerID":881172896
      },
      "TargetPinAddress":{
        "PinID":211683454,
        "PinOwnerID":617557112
      },
      "ConnectionType":0,
      "ConnectedWireIndex":-1,
      "ConnectedWireSegmentIndex":-1,
      "Points":[{"x":0.0,"y":0.0},{"x":0.0,"y":0.0}]
    },
    {
      "SourcePinAddress":{
        "PinID":1616067258,
        "PinOwnerID":2073867165
      },
      "TargetPinAddress":{
        "PinID":0,
        "PinOwnerID":22204100
      },
      "ConnectionType":0,
      "ConnectedWireIndex":-1,
      "ConnectedWireSegmentIndex":-1,
      "Points":[{"x":0.0,"y":0.0},{"x":0.0,"y":0.0}]
    },
    {
      "SourcePinAddress":{
        "PinID":1616067258,
        "PinOwnerID":148060645
      },
      "TargetPinAddress":{
        "PinID":1,
        "PinOwnerID":22204100
      },
      "ConnectionType":0,
      "ConnectedWireIndex":-1,
      "ConnectedWireSegmentIndex":-1,
      "Points":[{"x":0.0,"y":0.0},{"x":0.0,"y":0.0}]
    },
    {
      "SourcePinAddress":{
        "PinID":1616067258,
        "PinOwnerID":1146500349
      },
      "TargetPinAddress":{
        "PinID":2,
        "PinOwnerID":22204100
      },
      "ConnectionType":0,
      "ConnectedWireIndex":-1,
      "ConnectedWireSegmentIndex":-1,
      "Points":[{"x":0.0,"y":0.0},{"x":0.0,"y":0.0}]
    },
    {
      "SourcePinAddress":{
        "PinID":1616067258,
        "PinOwnerID":1147857435
      },
      "TargetPinAddress":{
        "PinID":3,
        "PinOwnerID":22204100
      },
      "ConnectionType":0,
      "ConnectedWireIndex":-1,
      "ConnectedWireSegmentIndex":-1,
      "Points":[{"x":0.0,"y":0.0},{"x":0.0,"y":0.0}]
    },
    {
      "SourcePinAddress":{
        "PinID":1616067258,
        "PinOwnerID":229930987
      },
      "TargetPinAddress":{
        "PinID":4,
        "PinOwnerID":22204100
      },
      "ConnectionType":0,
      "ConnectedWireIndex":-1,
      "ConnectedWireSegmentIndex":-1,
      "Points":[{"x":0.0,"y":0.0},{"x":0.0,"y":0.0}]
    },
    {
      "SourcePinAddress":{
        "PinID":1616067258,
        "PinOwnerID":892781173
      },
      "TargetPinAddress":{
        "PinID":5,
        "PinOwnerID":22204100
      },
      "ConnectionType":0,
      "ConnectedWireIndex":-1,
      "ConnectedWireSegmentIndex":-1,
      "Points":[{"x":0.0,"y":0.0},{"x":0.0,"y":0.0}]
    },
    {
      "SourcePinAddress":{
        "PinID":1616067258,
        "PinOwnerID":905315391
      },
      "TargetPinAddress":{
        "PinID":6,
        "PinOwnerID":22204100
      },
      "ConnectionType":0,
      "ConnectedWireIndex":-1,
      "ConnectedWireSegmentIndex":-1,
      "Points":[{"x":0.0,"y":0.0},{"x":0.0,"y":0.0}]
    },
    {
      "SourcePinAddress":{
        "PinID":1616067258,
        "PinOwnerID":617557112
      },
      "TargetPinAddress":{
        "PinID":7,
        "PinOwnerID":22204100
      },
      "ConnectionType":0,
      "ConnectedWireIndex":-1,
      "ConnectedWireSegmentIndex":-1,
      "Points":[{"x":0.0,"y":0.0},{"x":0.0,"y":0.0}]
    },
    {
      "SourcePinAddress":{
        "PinID":8,
        "PinOwnerID":22204100
      },
      "TargetPinAddress":{
        "PinID":0,
        "PinOwnerID":1164945729
      },
      "ConnectionType":0,
      "ConnectedWireIndex":-1,
      "ConnectedWireSegmentIndex":-1,
      "Points":[{"x":0.0,"y":0.0},{"x":0.0,"y":0.0}]
    }
  ],
  "Displays":[]
}