{
  "DLSVersion": "2.1.6",
  "Name": "8B Decoder",
  "NameLocation": 0,
  "ChipType": 0,
  "Size": {
    "x": 1.25,
    "y": 16.0
  },
  "Colour": {
    "r": 0.213680059,
    "g": 0.131298244,
    "b": 0.272223383,
    "a": 1
  },
  "InputPins":[
    {
      "Name":"IN",
      "ID":1480987467,
      "Position":{
        "x":10.18698,
        "y":263.4704
      },
      "BitCount":1,
      "Colour":0,
      "ValueDisplayMode":0
    },
    {
      "Name":"IN",
      "ID":1405175866,
      "Position":{
        "x":10.22429,
        "y":262.93567
      },
      "BitCount":1,
      "Colour":0,
      "ValueDisplayMode":0
    },
    {
      "Name":"IN",
      "ID":783617376,
      "Position":{
        "x":10.18698,
        "y":262.33875
      },
      "BitCount":1,
      "Colour":0,
      "ValueDisplayMode":0
    },
    {
      "Name":"IN",
      "ID":262652284,
      "Position":{
        "x":10.17738,
        "y":261.76361
      },
      "BitCount":1,
      "Colour":0,
      "ValueDisplayMode":0
    },
    {
      "Name":"IN",
      "ID":2072667514,
      "Position":{
        "x":10.17454,
        "y":261.24438
      },
      "BitCount":1,
      "Colour":0,
      "ValueDisplayMode":0
    },
    {
      "Name":"IN",
      "ID":2091866652,
      "Position":{
        "x":10.21185,
        "y":260.70966
      },
      "BitCount":1,
      "Colour":0,
      "ValueDisplayMode":0
    },
    {
      "Name":"IN",
      "ID":480363547,
      "Position":{
        "x":10.17454,
        "y":260.11273
      },
      "BitCount":1,
      "Colour":0,
      "ValueDisplayMode":0
    },
    {
      "Name":"IN",
      "ID":1166228523,
      "Position":{
        "x":10.16494,
        "y":259.5376
      },
      "BitCount":1,
      "Colour":0,
      "ValueDisplayMode":0
    },
    {
      "Name":"EN",
      "ID":215882755,
      "Position":{
        "x":10.2313,
        "y":258.79938
      },
      "BitCount":1,
      "Colour":0,
      "ValueDisplayMode":0
    }
  ],
  "OutputPins":[
    {
      "Name":"OUT",
      "ID":1839850786,
      "Position":{
        "x":22.50698,
        "y":285.32751
      },
      "BitCount":8,
      "Colour":0,
      "ValueDisplayMode":0
    },
    {
      "Name":"OUT",
      "ID":238277473,
      "Position":{
        "x":22.5304,
        "y":284.60159
      },
      "BitCount":8,
      "Colour":0,
      "ValueDisplayMode":0
    },
    {
      "Name":"OUT",
      "ID":265790115,
      "Position":{
        "x":22.54211,
        "y":283.74692
      },
      "BitCount":8,
      "Colour":0,
      "ValueDisplayMode":0
    },
    {
      "Name":"OUT",
      "ID":1038489998,
      "Position":{
        "x":22.56553,
        "y":282.96246
      },
      "BitCount":8,
      "Colour":0,
      "ValueDisplayMode":0
    },
    {
      "Name":"OUT",
      "ID":2112260894,
      "Position":{
        "x":22.62407,
        "y":281.90875
      },
      "BitCount":8,
      "Colour":0,
      "ValueDisplayMode":0
    },
    {
      "Name":"OUT",
      "ID":382482852,
      "Position":{
        "x":22.64748,
        "y":281.18283
      },
      "BitCount":8,
      "Colour":0,
      "ValueDisplayMode":0
    },
    {
      "Name":"OUT",
      "ID":1087055064,
      "Position":{
        "x":22.65919,
        "y":280.32816
      },
      "BitCount":8,
      "Colour":0,
      "ValueDisplayMode":0
    },
    {
      "Name":"OUT",
      "ID":1521732694,
      "Position":{
        "x":22.68261,
        "y":279.5437
      },
      "BitCount":8,
      "Colour":0,
      "ValueDisplayMode":0
    },
    {
      "Name":"OUT",
      "ID":348619421,
      "Position":{
        "x":22.50914,
        "y":278.55704
      },
      "BitCount":8,
      "Colour":0,
      "ValueDisplayMode":0
    },
    {
      "Name":"OUT",
      "ID":1326326540,
      "Position":{
        "x":22.53256,
        "y":277.83112
      },
      "BitCount":8,
      "Colour":0,
      "ValueDisplayMode":0
    },
    {
      "Name":"OUT",
      "ID":2102097082,
      "Position":{
        "x":22.54426,
        "y":276.97644
      },
      "BitCount":8,
      "Colour":0,
      "ValueDisplayMode":0
    },
    {
      "Name":"OUT",
      "ID":1654540095,
      "Position":{
        "x":22.56768,
        "y":276.19199
      },
      "BitCount":8,
      "Colour":0,
      "ValueDisplayMode":0
    },
    {
      "Name":"OUT",
      "ID":1370751897,
      "Position":{
        "x":22.62622,
        "y":275.13828
      },
      "BitCount":8,
      "Colour":0,
      "ValueDisplayMode":0
    },
    {
      "Name":"OUT",
      "ID":663535240,
      "Position":{
        "x":22.64964,
        "y":274.41235
      },
      "BitCount":8,
      "Colour":0,
      "ValueDisplayMode":0
    },
    {
      "Name":"OUT",
      "ID":90877769,
      "Position":{
        "x":22.66134,
        "y":273.55768
      },
      "BitCount":8,
      "Colour":0,
      "ValueDisplayMode":0
    },
    {
      "Name":"OUT",
      "ID":243123430,
      "Position":{
        "x":22.68476,
        "y":272.77322
      },
      "BitCount":8,
      "Colour":0,
      "ValueDisplayMode":0
    },
    {
      "Name":"OUT",
      "ID":1091250237,
      "Position":{
        "x":22.51541,
        "y":271.75262
      },
      "BitCount":8,
      "Colour":0,
      "ValueDisplayMode":0
    },
    {
      "Name":"OUT",
      "ID":1166898393,
      "Position":{
        "x":22.53882,
        "y":271.0267
      },
      "BitCount":8,
      "Colour":0,
      "ValueDisplayMode":0
    },
    {
      "Name":"OUT",
      "ID":1678966473,
      "Position":{
        "x":22.55053,
        "y":270.17203
      },
      "BitCount":8,
      "Colour":0,
      "ValueDisplayMode":0
    },
    {
      "Name":"OUT",
      "ID":442497469,
      "Position":{
        "x":22.57395,
        "y":269.38757
      },
      "BitCount":8,
      "Colour":0,
      "ValueDisplayMode":0
    },
    {
      "Name":"OUT",
      "ID":1443869683,
      "Position":{
        "x":22.63249,
        "y":268.33386
      },
      "BitCount":8,
      "Colour":0,
      "ValueDisplayMode":0
    },
    {
      "Name":"OUT",
      "ID":1924617385,
      "Position":{
        "x":22.6559,
        "y":267.60794
      },
      "BitCount":8,
      "Colour":0,
      "ValueDisplayMode":0
    },
    {
      "Name":"OUT",
      "ID":803948240,
      "Position":{
        "x":22.66761,
        "y":266.75327
      },
      "BitCount":8,
      "Colour":0,
      "ValueDisplayMode":0
    },
    {
      "Name":"OUT",
      "ID":1862758743,
      "Position":{
        "x":22.69103,
        "y":265.96881
      },
      "BitCount":8,
      "Colour":0,
      "ValueDisplayMode":0
    },
    {
      "Name":"OUT",
      "ID":1237007790,
      "Position":{
        "x":22.51756,
        "y":264.98215
      },
      "BitCount":8,
      "Colour":0,
      "ValueDisplayMode":0
    },
    {
      "Name":"OUT",
      "ID":1891003304,
      "Position":{
        "x":22.54098,
        "y":264.25623
      },
      "BitCount":8,
      "Colour":0,
      "ValueDisplayMode":0
    },
    {
      "Name":"OUT",
      "ID":1408646930,
      "Position":{
        "x":22.55269,
        "y":263.40155
      },
      "BitCount":8,
      "Colour":0,
      "ValueDisplayMode":0
    },
    {
      "Name":"OUT",
      "ID":159616590,
      "Position":{
        "x":22.5761,
        "y":262.6171
      },
      "BitCount":8,
      "Colour":0,
      "ValueDisplayMode":0
    },
    {
      "Name":"OUT",
      "ID":857633856,
      "Position":{
        "x":22.63464,
        "y":261.56339
      },
      "BitCount":8,
      "Colour":0,
      "ValueDisplayMode":0
    },
    {
      "Name":"OUT",
      "ID":1012688921,
      "Position":{
        "x":22.65806,
        "y":260.83746
      },
      "BitCount":8,
      "Colour":0,
      "ValueDisplayMode":0
    },
    {
      "Name":"OUT",
      "ID":538779500,
      "Position":{
        "x":22.66977,
        "y":259.98279
      },
      "BitCount":8,
      "Colour":0,
      "ValueDisplayMode":0
    },
    {
      "Name":"OUT",
      "ID":923105093,
      "Position":{
        "x":22.69318,
        "y":259.19833
      },
      "BitCount":8,
      "Colour":0,
      "ValueDisplayMode":0
    }
  ],
  "SubChips":[
    {
      "Name":"6B Decoder",
      "ID":906033837,
      "Label":"",
      "Position":{
        "x":17.20183,
        "y":260.85159
      },
      "OutputPinColourInfo":[{"PinColour":0,"PinID":1171832800},{"PinColour":0,"PinID":419351895},{"PinColour":0,"PinID":2107045114},{"PinColour":0,"PinID":1732605871},{"PinColour":0,"PinID":167197120},{"PinColour":0,"PinID":1381938161},{"PinColour":0,"PinID":1121503952},{"PinColour":0,"PinID":1689702244}],
      "InternalData":null
    },
    {
      "Name":"8B Cancler",
      "ID":629657269,
      "Label":"",
      "Position":{
        "x":20.19577,
        "y":260.82819
      },
      "OutputPinColourInfo":[{"PinColour":0,"PinID":1164945729}],
      "InternalData":null
    },
    {
      "Name":"8B Cancler",
      "ID":1676224161,
      "Label":"",
      "Position":{
        "x":20.16192,
        "y":261.68155
      },
      "OutputPinColourInfo":[{"PinColour":0,"PinID":1164945729}],
      "InternalData":null
    },
    {
      "Name":"8B Cancler",
      "ID":80902106,
      "Label":"",
      "Position":{
        "x":20.21166,
        "y":262.54413
      },
      "OutputPinColourInfo":[{"PinColour":0,"PinID":1164945729}],
      "InternalData":null
    },
    {
      "Name":"8B Cancler",
      "ID":169221066,
      "Label":"",
      "Position":{
        "x":20.17194,
        "y":263.39413
      },
      "OutputPinColourInfo":[{"PinColour":0,"PinID":1164945729}],
      "InternalData":null
    },
    {
      "Name":"8B Cancler",
      "ID":1142234347,
      "Label":"",
      "Position":{
        "x":20.20372,
        "y":264.22827
      },
      "OutputPinColourInfo":[{"PinColour":0,"PinID":1164945729}],
      "InternalData":null
    },
    {
      "Name":"8B Cancler",
      "ID":1107120627,
      "Label":"",
      "Position":{
        "x":20.21166,
        "y":259.16788
      },
      "OutputPinColourInfo":[{"PinColour":0,"PinID":1164945729}],
      "InternalData":null
    },
    {
      "Name":"8B Cancler",
      "ID":1609647801,
      "Label":"",
      "Position":{
        "x":20.24343,
        "y":260.00201
      },
      "OutputPinColourInfo":[{"PinColour":0,"PinID":1164945729}],
      "InternalData":null
    },
    {
      "Name":"8B Cancler",
      "ID":1899094377,
      "Label":"",
      "Position":{
        "x":20.21166,
        "y":265.03857
      },
      "OutputPinColourInfo":[{"PinColour":0,"PinID":1164945729}],
      "InternalData":null
    },
    {
      "Name":"2B Decoder",
      "ID":1944756588,
      "Label":"",
      "Position":{
        "x":12.1397,
        "y":263.11343
      },
      "OutputPinColourInfo":[{"PinColour":0,"PinID":664193772},{"PinColour":0,"PinID":2015310352},{"PinColour":0,"PinID":1102724948},{"PinColour":0,"PinID":1318747156}],
      "InternalData":null
    },
    {
      "Name":"6B Decoder",
      "ID":1185997661,
      "Label":"",
      "Position":{
        "x":17.19967,
        "y":267.62207
      },
      "OutputPinColourInfo":[{"PinColour":0,"PinID":1171832800},{"PinColour":0,"PinID":419351895},{"PinColour":0,"PinID":2107045114},{"PinColour":0,"PinID":1732605871},{"PinColour":0,"PinID":167197120},{"PinColour":0,"PinID":1381938161},{"PinColour":0,"PinID":1121503952},{"PinColour":0,"PinID":1689702244}],
      "InternalData":null
    },
    {
      "Name":"8B Cancler",
      "ID":1112435112,
      "Label":"",
      "Position":{
        "x":20.19362,
        "y":267.59866
      },
      "OutputPinColourInfo":[{"PinColour":0,"PinID":1164945729}],
      "InternalData":null
    },
    {
      "Name":"8B Cancler",
      "ID":683702529,
      "Label":"",
      "Position":{
        "x":20.19362,
        "y":268.44073
      },
      "OutputPinColourInfo":[{"PinColour":0,"PinID":1164945729}],
      "InternalData":null
    },
    {
      "Name":"8B Cancler",
      "ID":1863540429,
      "Label":"",
      "Position":{
        "x":20.2095,
        "y":269.31461
      },
      "OutputPinColourInfo":[{"PinColour":0,"PinID":1164945729}],
      "InternalData":null
    },
    {
      "Name":"8B Cancler",
      "ID":982959323,
      "Label":"",
      "Position":{
        "x":20.16978,
        "y":270.16461
      },
      "OutputPinColourInfo":[{"PinColour":0,"PinID":1164945729}],
      "InternalData":null
    },
    {
      "Name":"8B Cancler",
      "ID":1174236159,
      "Label":"",
      "Position":{
        "x":20.20156,
        "y":270.99875
      },
      "OutputPinColourInfo":[{"PinColour":0,"PinID":1164945729}],
      "InternalData":null
    },
    {
      "Name":"8B Cancler",
      "ID":997047549,
      "Label":"",
      "Position":{
        "x":20.2095,
        "y":265.93835
      },
      "OutputPinColourInfo":[{"PinColour":0,"PinID":1164945729}],
      "InternalData":null
    },
    {
      "Name":"8B Cancler",
      "ID":1425811830,
      "Label":"",
      "Position":{
        "x":20.24128,
        "y":266.77249
      },
      "OutputPinColourInfo":[{"PinColour":0,"PinID":1164945729}],
      "InternalData":null
    },
    {
      "Name":"8B Cancler",
      "ID":1284846834,
      "Label":"",
      "Position":{
        "x":20.2095,
        "y":271.80905
      },
      "OutputPinColourInfo":[{"PinColour":0,"PinID":1164945729}],
      "InternalData":null
    },
    {
      "Name":"6B Decoder",
      "ID":707222338,
      "Label":"",
      "Position":{
        "x":17.19341,
        "y":274.42648
      },
      "OutputPinColourInfo":[{"PinColour":0,"PinID":1171832800},{"PinColour":0,"PinID":419351895},{"PinColour":0,"PinID":2107045114},{"PinColour":0,"PinID":1732605871},{"PinColour":0,"PinID":167197120},{"PinColour":0,"PinID":1381938161},{"PinColour":0,"PinID":1121503952},{"PinColour":0,"PinID":1689702244}],
      "InternalData":null
    },
    {
      "Name":"8B Cancler",
      "ID":76274246,
      "Label":"",
      "Position":{
        "x":20.18735,
        "y":274.40308
      },
      "OutputPinColourInfo":[{"PinColour":0,"PinID":1164945729}],
      "InternalData":null
    },
    {
      "Name":"8B Cancler",
      "ID":1149973188,
      "Label":"",
      "Position":{
        "x":20.18735,
        "y":275.24515
      },
      "OutputPinColourInfo":[{"PinColour":0,"PinID":1164945729}],
      "InternalData":null
    },
    {
      "Name":"8B Cancler",
      "ID":949788148,
      "Label":"",
      "Position":{
        "x":20.20324,
        "y":276.11902
      },
      "OutputPinColourInfo":[{"PinColour":0,"PinID":1164945729}],
      "InternalData":null
    },
    {
      "Name":"8B Cancler",
      "ID":841197543,
      "Label":"",
      "Position":{
        "x":20.16352,
        "y":276.96902
      },
      "OutputPinColourInfo":[{"PinColour":0,"PinID":1164945729}],
      "InternalData":null
    },
    {
      "Name":"8B Cancler",
      "ID":1423263959,
      "Label":"",
      "Position":{
        "x":20.19529,
        "y":277.80316
      },
      "OutputPinColourInfo":[{"PinColour":0,"PinID":1164945729}],
      "InternalData":null
    },
    {
      "Name":"8B Cancler",
      "ID":477957147,
      "Label":"",
      "Position":{
        "x":20.20324,
        "y":272.74277
      },
      "OutputPinColourInfo":[{"PinColour":0,"PinID":1164945729}],
      "InternalData":null
    },
    {
      "Name":"8B Cancler",
      "ID":2056314281,
      "Label":"",
      "Position":{
        "x":20.23501,
        "y":273.5769
      },
      "OutputPinColourInfo":[{"PinColour":0,"PinID":1164945729}],
      "InternalData":null
    },
    {
      "Name":"8B Cancler",
      "ID":1530112027,
      "Label":"",
      "Position":{
        "x":20.20324,
        "y":278.61346
      },
      "OutputPinColourInfo":[{"PinColour":0,"PinID":1164945729}],
      "InternalData":null
    },
    {
      "Name":"6B Decoder",
      "ID":1130707052,
      "Label":"",
      "Position":{
        "x":17.19125,
        "y":281.19696
      },
      "OutputPinColourInfo":[{"PinColour":0,"PinID":1171832800},{"PinColour":0,"PinID":419351895},{"PinColour":0,"PinID":2107045114},{"PinColour":0,"PinID":1732605871},{"PinColour":0,"PinID":167197120},{"PinColour":0,"PinID":1381938161},{"PinColour":0,"PinID":1121503952},{"PinColour":0,"PinID":1689702244}],
      "InternalData":null
    },
    {
      "Name":"8B Cancler",
      "ID":29799235,
      "Label":"",
      "Position":{
        "x":20.18519,
        "y":281.17355
      },
      "OutputPinColourInfo":[{"PinColour":0,"PinID":1164945729}],
      "InternalData":null
    },
    {
      "Name":"8B Cancler",
      "ID":423418098,
      "Label":"",
      "Position":{
        "x":20.18519,
        "y":282.01562
      },
      "OutputPinColourInfo":[{"PinColour":0,"PinID":1164945729}],
      "InternalData":null
    },
    {
      "Name":"8B Cancler",
      "ID":1893591019,
      "Label":"",
      "Position":{
        "x":20.20108,
        "y":282.8895
      },
      "OutputPinColourInfo":[{"PinColour":0,"PinID":1164945729}],
      "InternalData":null
    },
    {
      "Name":"8B Cancler",
      "ID":916135054,
      "Label":"",
      "Position":{
        "x":20.16136,
        "y":283.7395
      },
      "OutputPinColourInfo":[{"PinColour":0,"PinID":1164945729}],
      "InternalData":null
    },
    {
      "Name":"8B Cancler",
      "ID":1453611035,
      "Label":"",
      "Position":{
        "x":20.19314,
        "y":284.57364
      },
      "OutputPinColourInfo":[{"PinColour":0,"PinID":1164945729}],
      "InternalData":null
    },
    {
      "Name":"8B Cancler",
      "ID":1094819103,
      "Label":"",
      "Position":{
        "x":20.20108,
        "y":279.51324
      },
      "OutputPinColourInfo":[{"PinColour":0,"PinID":1164945729}],
      "InternalData":null
    },
    {
      "Name":"8B Cancler",
      "ID":646855684,
      "Label":"",
      "Position":{
        "x":20.23286,
        "y":280.34738
      },
      "OutputPinColourInfo":[{"PinColour":0,"PinID":1164945729}],
      "InternalData":null
    },
    {
      "Name":"8B Cancler",
      "ID":1125289097,
      "Label":"",
      "Position":{
        "x":20.20108,
        "y":285.38394
      },
      "OutputPinColourInfo":[{"PinColour":0,"PinID":1164945729}],
      "InternalData":null
    },
    {
      "Name":"NOT",
      "ID":462505254,
      "Label":"",
      "Position":{
        "x":12.03315,
        "y":258.57617
      },
      "OutputPinColourInfo":[{"PinColour":0,"PinID":14895395}],
      "InternalData":null
    }
  ],
  "Wires":[
    {
      "SourcePinAddress":{
        "PinID":1689702244,
        "PinOwnerID":906033837
      },
      "TargetPinAddress":{
        "PinID":1148695259,
        "PinOwnerID":1107120627
      },
      "ConnectionType":0,
      "ConnectedWireIndex":-1,
      "ConnectedWireSegmentIndex":-1,
      "Points":[{"x":0.0,"y":0.0},{"x":0.0,"y":0.0}]
    },
    {
      "SourcePinAddress":{
        "PinID":1121503952,
        "PinOwnerID":906033837
      },
      "TargetPinAddress":{
        "PinID":1148695259,
        "PinOwnerID":1609647801
      },
      "ConnectionType":0,
      "ConnectedWireIndex":-1,
      "ConnectedWireSegmentIndex":-1,
      "Points":[{"x":0.0,"y":0.0},{"x":0.0,"y":0.0}]
    },
    {
      "SourcePinAddress":{
        "PinID":1381938161,
        "PinOwnerID":906033837
      },
      "TargetPinAddress":{
        "PinID":1148695259,
        "PinOwnerID":629657269
      },
      "ConnectionType":0,
      "ConnectedWireIndex":-1,
      "ConnectedWireSegmentIndex":-1,
      "Points":[{"x":0.0,"y":0.0},{"x":0.0,"y":0.0}]
    },
    {
      "SourcePinAddress":{
        "PinID":167197120,
        "PinOwnerID":906033837
      },
      "TargetPinAddress":{
        "PinID":1148695259,
        "PinOwnerID":1676224161
      },
      "ConnectionType":0,
      "ConnectedWireIndex":-1,
      "ConnectedWireSegmentIndex":-1,
      "Points":[{"x":0.0,"y":0.0},{"x":0.0,"y":0.0}]
    },
    {
      "SourcePinAddress":{
        "PinID":1732605871,
        "PinOwnerID":906033837
      },
      "TargetPinAddress":{
        "PinID":1148695259,
        "PinOwnerID":80902106
      },
      "ConnectionType":0,
      "ConnectedWireIndex":-1,
      "ConnectedWireSegmentIndex":-1,
      "Points":[{"x":0.0,"y":0.0},{"x":0.0,"y":0.0}]
    },
    {
      "SourcePinAddress":{
        "PinID":2107045114,
        "PinOwnerID":906033837
      },
      "TargetPinAddress":{
        "PinID":1148695259,
        "PinOwnerID":169221066
      },
      "ConnectionType":0,
      "ConnectedWireIndex":-1,
      "ConnectedWireSegmentIndex":-1,
      "Points":[{"x":0.0,"y":0.0},{"x":0.0,"y":0.0}]
    },
    {
      "SourcePinAddress":{
        "PinID":419351895,
        "PinOwnerID":906033837
      },
      "TargetPinAddress":{
        "PinID":1148695259,
        "PinOwnerID":1142234347
      },
      "ConnectionType":0,
      "ConnectedWireIndex":-1,
      "ConnectedWireSegmentIndex":-1,
      "Points":[{"x":0.0,"y":0.0},{"x":0.0,"y":0.0}]
    },
    {
      "SourcePinAddress":{
        "PinID":1171832800,
        "PinOwnerID":906033837
      },
      "TargetPinAddress":{
        "PinID":1148695259,
        "PinOwnerID":1899094377
      },
      "ConnectionType":0,
      "ConnectedWireIndex":-1,
      "ConnectedWireSegmentIndex":-1,
      "Points":[{"x":0.0,"y":0.0},{"x":0.0,"y":0.0}]
    },
    {
      "SourcePinAddress":{
        "PinID":0,
        "PinOwnerID":1166228523
      },
      "TargetPinAddress":{
        "PinID":11111805,
        "PinOwnerID":906033837
      },
      "ConnectionType":0,
      "ConnectedWireIndex":-1,
      "ConnectedWireSegmentIndex":-1,
      "Points":[{"x":0.0,"y":0.0},{"x":0.0,"y":0.0}]
    },
    {
      "SourcePinAddress":{
        "PinID":0,
        "PinOwnerID":480363547
      },
      "TargetPinAddress":{
        "PinID":1764209954,
        "PinOwnerID":906033837
      },
      "ConnectionType":0,
      "ConnectedWireIndex":-1,
      "ConnectedWireSegmentIndex":-1,
      "Points":[{"x":0.0,"y":0.0},{"x":0.0,"y":0.0}]
    },
    {
      "SourcePinAddress":{
        "PinID":0,
        "PinOwnerID":2091866652
      },
      "TargetPinAddress":{
        "PinID":1687256854,
        "PinOwnerID":906033837
      },
      "ConnectionType":0,
      "ConnectedWireIndex":-1,
      "ConnectedWireSegmentIndex":-1,
      "Points":[{"x":0.0,"y":0.0},{"x":0.0,"y":0.0}]
    },
    {
      "SourcePinAddress":{
        "PinID":0,
        "PinOwnerID":2072667514
      },
      "TargetPinAddress":{
        "PinID":1257747348,
        "PinOwnerID":906033837
      },
      "ConnectionType":0,
      "ConnectedWireIndex":-1,
      "ConnectedWireSegmentIndex":-1,
      "Points":[{"x":0.0,"y":0.0},{"x":0.0,"y":0.0}]
    },
    {
      "SourcePinAddress":{
        "PinID":0,
        "PinOwnerID":262652284
      },
      "TargetPinAddress":{
        "PinID":777318123,
        "PinOwnerID":906033837
      },
      "ConnectionType":0,
      "ConnectedWireIndex":-1,
      "ConnectedWireSegmentIndex":-1,
      "Points":[{"x":0.0,"y":0.0},{"x":0.0,"y":0.0}]
    },
    {
      "SourcePinAddress":{
        "PinID":0,
        "PinOwnerID":783617376
      },
      "TargetPinAddress":{
        "PinID":1829963012,
        "PinOwnerID":906033837
      },
      "ConnectionType":0,
      "ConnectedWireIndex":-1,
      "ConnectedWireSegmentIndex":-1,
      "Points":[{"x":0.0,"y":0.0},{"x":0.0,"y":0.0}]
    },
    {
      "SourcePinAddress":{
        "PinID":0,
        "PinOwnerID":1480987467
      },
      "TargetPinAddress":{
        "PinID":592269676,
        "PinOwnerID":1944756588
      },
      "ConnectionType":0,
      "ConnectedWireIndex":-1,
      "ConnectedWireSegmentIndex":-1,
      "Points":[{"x":0.0,"y":0.0},{"x":0.0,"y":0.0}]
    },
    {
      "SourcePinAddress":{
        "PinID":0,
        "PinOwnerID":1405175866
      },
      "TargetPinAddress":{
        "PinID":42518213,
        "PinOwnerID":1944756588
      },
      "ConnectionType":0,
      "ConnectedWireIndex":-1,
      "ConnectedWireSegmentIndex":-1,
      "Points":[{"x":0.0,"y":0.0},{"x":0.0,"y":0.0}]
    },
    {
      "SourcePinAddress":{
        "PinID":1318747156,
        "PinOwnerID":1944756588
      },
      "TargetPinAddress":{
        "PinID":1946182587,
        "PinOwnerID":906033837
      },
      "ConnectionType":0,
      "ConnectedWireIndex":-1,
      "ConnectedWireSegmentIndex":-1,
      "Points":[{"x":0.0,"y":0.0},{"x":13.25478,"y":262.73843},{"x":13.25478,"y":258.99762},{"x":13.25478,"y":258.94321},{"x":0.0,"y":0.0}]
    },
    {
      "SourcePinAddress":{
        "PinID":1164945729,
        "PinOwnerID":1676224161
      },
      "TargetPinAddress":{
        "PinID":0,
        "PinOwnerID":857633856
      },
      "ConnectionType":0,
      "ConnectedWireIndex":-1,
      "ConnectedWireSegmentIndex":-1,
      "Points":[{"x":0.0,"y":0.0},{"x":0.0,"y":0.0}]
    },
    {
      "SourcePinAddress":{
        "PinID":1164945729,
        "PinOwnerID":629657269
      },
      "TargetPinAddress":{
        "PinID":0,
        "PinOwnerID":1012688921
      },
      "ConnectionType":0,
      "ConnectedWireIndex":-1,
      "ConnectedWireSegmentIndex":-1,
      "Points":[{"x":0.0,"y":0.0},{"x":0.0,"y":0.0}]
    },
    {
      "SourcePinAddress":{
        "PinID":1164945729,
        "PinOwnerID":1609647801
      },
      "TargetPinAddress":{
        "PinID":0,
        "PinOwnerID":538779500
      },
      "ConnectionType":0,
      "ConnectedWireIndex":-1,
      "ConnectedWireSegmentIndex":-1,
      "Points":[{"x":0.0,"y":0.0},{"x":0.0,"y":0.0}]
    },
    {
      "SourcePinAddress":{
        "PinID":1164945729,
        "PinOwnerID":1107120627
      },
      "TargetPinAddress":{
        "PinID":0,
        "PinOwnerID":923105093
      },
      "ConnectionType":0,
      "ConnectedWireIndex":-1,
      "ConnectedWireSegmentIndex":-1,
      "Points":[{"x":0.0,"y":0.0},{"x":0.0,"y":0.0}]
    },
    {
      "SourcePinAddress":{
        "PinID":1164945729,
        "PinOwnerID":80902106
      },
      "TargetPinAddress":{
        "PinID":0,
        "PinOwnerID":159616590
      },
      "ConnectionType":0,
      "ConnectedWireIndex":-1,
      "ConnectedWireSegmentIndex":-1,
      "Points":[{"x":0.0,"y":0.0},{"x":0.0,"y":0.0}]
    },
    {
      "SourcePinAddress":{
        "PinID":1164945729,
        "PinOwnerID":169221066
      },
      "TargetPinAddress":{
        "PinID":0,
        "PinOwnerID":1408646930
      },
      "ConnectionType":0,
      "ConnectedWireIndex":-1,
      "ConnectedWireSegmentIndex":-1,
      "Points":[{"x":0.0,"y":0.0},{"x":0.0,"y":0.0}]
    },
    {
      "SourcePinAddress":{
        "PinID":1164945729,
        "PinOwnerID":1142234347
      },
      "TargetPinAddress":{
        "PinID":0,
        "PinOwnerID":1891003304
      },
      "ConnectionType":0,
      "ConnectedWireIndex":-1,
      "ConnectedWireSegmentIndex":-1,
      "Points":[{"x":0.0,"y":0.0},{"x":0.0,"y":0.0}]
    },
    {
      "SourcePinAddress":{
        "PinID":1164945729,
        "PinOwnerID":1899094377
      },
      "TargetPinAddress":{
        "PinID":0,
        "PinOwnerID":1237007790
      },
      "ConnectionType":0,
      "ConnectedWireIndex":-1,
      "ConnectedWireSegmentIndex":-1,
      "Points":[{"x":0.0,"y":0.0},{"x":0.0,"y":0.0}]
    },
    {
      "SourcePinAddress":{
        "PinID":1689702244,
        "PinOwnerID":1185997661
      },
      "TargetPinAddress":{
        "PinID":1148695259,
        "PinOwnerID":997047549
      },
      "ConnectionType":0,
      "ConnectedWireIndex":-1,
      "ConnectedWireSegmentIndex":-1,
      "Points":[{"x":0.0,"y":0.0},{"x":0.0,"y":0.0}]
    },
    {
      "SourcePinAddress":{
        "PinID":1121503952,
        "PinOwnerID":1185997661
      },
      "TargetPinAddress":{
        "PinID":1148695259,
        "PinOwnerID":1425811830
      },
      "ConnectionType":0,
      "ConnectedWireIndex":-1,
      "ConnectedWireSegmentIndex":-1,
      "Points":[{"x":0.0,"y":0.0},{"x":0.0,"y":0.0}]
    },
    {
      "SourcePinAddress":{
        "PinID":1381938161,
        "PinOwnerID":1185997661
      },
      "TargetPinAddress":{
        "PinID":1148695259,
        "PinOwnerID":1112435112
      },
      "ConnectionType":0,
      "ConnectedWireIndex":-1,
      "ConnectedWireSegmentIndex":-1,
      "Points":[{"x":0.0,"y":0.0},{"x":0.0,"y":0.0}]
    },
    {
      "SourcePinAddress":{
        "PinID":167197120,
        "PinOwnerID":1185997661
      },
      "TargetPinAddress":{
        "PinID":1148695259,
        "PinOwnerID":683702529
      },
      "ConnectionType":0,
      "ConnectedWireIndex":-1,
      "ConnectedWireSegmentIndex":-1,
      "Points":[{"x":0.0,"y":0.0},{"x":0.0,"y":0.0}]
    },
    {
      "SourcePinAddress":{
        "PinID":1732605871,
        "PinOwnerID":1185997661
      },
      "TargetPinAddress":{
        "PinID":1148695259,
        "PinOwnerID":1863540429
      },
      "ConnectionType":0,
      "ConnectedWireIndex":-1,
      "ConnectedWireSegmentIndex":-1,
      "Points":[{"x":0.0,"y":0.0},{"x":0.0,"y":0.0}]
    },
    {
      "SourcePinAddress":{
        "PinID":2107045114,
        "PinOwnerID":1185997661
      },
      "TargetPinAddress":{
        "PinID":1148695259,
        "PinOwnerID":982959323
      },
      "ConnectionType":0,
      "ConnectedWireIndex":-1,
      "ConnectedWireSegmentIndex":-1,
      "Points":[{"x":0.0,"y":0.0},{"x":0.0,"y":0.0}]
    },
    {
      "SourcePinAddress":{
        "PinID":419351895,
        "PinOwnerID":1185997661
      },
      "TargetPinAddress":{
        "PinID":1148695259,
        "PinOwnerID":1174236159
      },
      "ConnectionType":0,
      "ConnectedWireIndex":-1,
      "ConnectedWireSegmentIndex":-1,
      "Points":[{"x":0.0,"y":0.0},{"x":0.0,"y":0.0}]
    },
    {
      "SourcePinAddress":{
        "PinID":1171832800,
        "PinOwnerID":1185997661
      },
      "TargetPinAddress":{
        "PinID":1148695259,
        "PinOwnerID":1284846834
      },
      "ConnectionType":0,
      "ConnectedWireIndex":-1,
      "ConnectedWireSegmentIndex":-1,
      "Points":[{"x":0.0,"y":0.0},{"x":0.0,"y":0.0}]
    },
    {
      "SourcePinAddress":{
        "PinID":1164945729,
        "PinOwnerID":683702529
      },
      "TargetPinAddress":{
        "PinID":0,
        "PinOwnerID":1443869683
      },
      "ConnectionType":0,
      "ConnectedWireIndex":-1,
      "ConnectedWireSegmentIndex":-1,
      "Points":[{"x":0.0,"y":0.0},{"x":0.0,"y":0.0}]
    },
    {
      "SourcePinAddress":{
        "PinID":1164945729,
        "PinOwnerID":1112435112
      },
      "TargetPinAddress":{
        "PinID":0,
        "PinOwnerID":1924617385
      },
      "ConnectionType":0,
      "ConnectedWireIndex":-1,
      "ConnectedWireSegmentIndex":-1,
      "Points":[{"x":0.0,"y":0.0},{"x":0.0,"y":0.0}]
    },
    {
      "SourcePinAddress":{
        "PinID":1164945729,
        "PinOwnerID":1425811830
      },
      "TargetPinAddress":{
        "PinID":0,
        "PinOwnerID":803948240
      },
      "ConnectionType":0,
      "ConnectedWireIndex":-1,
      "ConnectedWireSegmentIndex":-1,
      "Points":[{"x":0.0,"y":0.0},{"x":0.0,"y":0.0}]
    },
    {
      "SourcePinAddress":{
        "PinID":1164945729,
        "PinOwnerID":997047549
      },
      "TargetPinAddress":{
        "PinID":0,
        "PinOwnerID":1862758743
      },
      "ConnectionType":0,
      "ConnectedWireIndex":-1,
      "ConnectedWireSegmentIndex":-1,
      "Points":[{"x":0.0,"y":0.0},{"x":0.0,"y":0.0}]
    },
    {
      "SourcePinAddress":{
        "PinID":1164945729,
        "PinOwnerID":1863540429
      },
      "TargetPinAddress":{
        "PinID":0,
        "PinOwnerID":442497469
      },
      "ConnectionType":0,
      "ConnectedWireIndex":-1,
      "ConnectedWireSegmentIndex":-1,
      "Points":[{"x":0.0,"y":0.0},{"x":0.0,"y":0.0}]
    },
    {
      "SourcePinAddress":{
        "PinID":1164945729,
        "PinOwnerID":982959323
      },
      "TargetPinAddress":{
        "PinID":0,
        "PinOwnerID":1678966473
      },
      "ConnectionType":0,
      "ConnectedWireIndex":-1,
      "ConnectedWireSegmentIndex":-1,
      "Points":[{"x":0.0,"y":0.0},{"x":0.0,"y":0.0}]
    },
    {
      "SourcePinAddress":{
        "PinID":1164945729,
        "PinOwnerID":1174236159
      },
      "TargetPinAddress":{
        "PinID":0,
        "PinOwnerID":1166898393
      },
      "ConnectionType":0,
      "ConnectedWireIndex":-1,
      "ConnectedWireSegmentIndex":-1,
      "Points":[{"x":0.0,"y":0.0},{"x":0.0,"y":0.0}]
    },
    {
      "SourcePinAddress":{
        "PinID":1164945729,
        "PinOwnerID":1284846834
      },
      "TargetPinAddress":{
        "PinID":0,
        "PinOwnerID":1091250237
      },
      "ConnectionType":0,
      "ConnectedWireIndex":-1,
      "ConnectedWireSegmentIndex":-1,
      "Points":[{"x":0.0,"y":0.0},{"x":0.0,"y":0.0}]
    },
    {
      "SourcePinAddress":{
        "PinID":1689702244,
        "PinOwnerID":707222338
      },
      "TargetPinAddress":{
        "PinID":1148695259,
        "PinOwnerID":477957147
      },
      "ConnectionType":0,
      "ConnectedWireIndex":-1,
      "ConnectedWireSegmentIndex":-1,
      "Points":[{"x":0.0,"y":0.0},{"x":0.0,"y":0.0}]
    },
    {
      "SourcePinAddress":{
        "PinID":1121503952,
        "PinOwnerID":707222338
      },
      "TargetPinAddress":{
        "PinID":1148695259,
        "PinOwnerID":2056314281
      },
      "ConnectionType":0,
      "ConnectedWireIndex":-1,
      "ConnectedWireSegmentIndex":-1,
      "Points":[{"x":0.0,"y":0.0},{"x":0.0,"y":0.0}]
    },
    {
      "SourcePinAddress":{
        "PinID":1381938161,
        "PinOwnerID":707222338
      },
      "TargetPinAddress":{
        "PinID":1148695259,
        "PinOwnerID":76274246
      },
      "ConnectionType":0,
      "ConnectedWireIndex":-1,
      "ConnectedWireSegmentIndex":-1,
      "Points":[{"x":0.0,"y":0.0},{"x":0.0,"y":0.0}]
    },
    {
      "SourcePinAddress":{
        "PinID":167197120,
        "PinOwnerID":707222338
      },
      "TargetPinAddress":{
        "PinID":1148695259,
        "PinOwnerID":1149973188
      },
      "ConnectionType":0,
      "ConnectedWireIndex":-1,
      "ConnectedWireSegmentIndex":-1,
      "Points":[{"x":0.0,"y":0.0},{"x":0.0,"y":0.0}]
    },
    {
      "SourcePinAddress":{
        "PinID":1732605871,
        "PinOwnerID":707222338
      },
      "TargetPinAddress":{
        "PinID":1148695259,
        "PinOwnerID":949788148
      },
      "ConnectionType":0,
      "ConnectedWireIndex":-1,
      "ConnectedWireSegmentIndex":-1,
      "Points":[{"x":0.0,"y":0.0},{"x":0.0,"y":0.0}]
    },
    {
      "SourcePinAddress":{
        "PinID":2107045114,
        "PinOwnerID":707222338
      },
      "TargetPinAddress":{
        "PinID":1148695259,
        "PinOwnerID":841197543
      },
      "ConnectionType":0,
      "ConnectedWireIndex":-1,
      "ConnectedWireSegmentIndex":-1,
      "Points":[{"x":0.0,"y":0.0},{"x":0.0,"y":0.0}]
    },
    {
      "SourcePinAddress":{
        "PinID":419351895,
        "PinOwnerID":707222338
      },
      "TargetPinAddress":{
        "PinID":1148695259,
        "PinOwnerID":1423263959
      },
      "ConnectionType":0,
      "ConnectedWireIndex":-1,
      "ConnectedWireSegmentIndex":-1,
      "Points":[{"x":0.0,"y":0.0},{"x":0.0,"y":0.0}]
    },
    {
      "SourcePinAddress":{
        "PinID":1171832800,
        "PinOwnerID":707222338
      },
      "TargetPinAddress":{
        "PinID":1148695259,
        "PinOwnerID":1530112027
      },
      "ConnectionType":0,
      "ConnectedWireIndex":-1,
      "ConnectedWireSegmentIndex":-1,
      "Points":[{"x":0.0,"y":0.0},{"x":0.0,"y":0.0}]
    },
    {
      "SourcePinAddress":{
        "PinID":1164945729,
        "PinOwnerID":1149973188
      },
      "TargetPinAddress":{
        "PinID":0,
        "PinOwnerID":1370751897
      },
      "ConnectionType":0,
      "ConnectedWireIndex":-1,
      "ConnectedWireSegmentIndex":-1,
      "Points":[{"x":0.0,"y":0.0},{"x":0.0,"y":0.0}]
    },
    {
      "SourcePinAddress":{
        "PinID":1164945729,
        "PinOwnerID":76274246
      },
      "TargetPinAddress":{
        "PinID":0,
        "PinOwnerID":663535240
      },
      "ConnectionType":0,
      "ConnectedWireIndex":-1,
      "ConnectedWireSegmentIndex":-1,
      "Points":[{"x":0.0,"y":0.0},{"x":0.0,"y":0.0}]
    },
    {
      "SourcePinAddress":{
        "PinID":1164945729,
        "PinOwnerID":2056314281
      },
      "TargetPinAddress":{
        "PinID":0,
        "PinOwnerID":90877769
      },
      "ConnectionType":0,
      "ConnectedWireIndex":-1,
      "ConnectedWireSegmentIndex":-1,
      "Points":[{"x":0.0,"y":0.0},{"x":0.0,"y":0.0}]
    },
    {
      "SourcePinAddress":{
        "PinID":1164945729,
        "PinOwnerID":477957147
      },
      "TargetPinAddress":{
        "PinID":0,
        "PinOwnerID":243123430
      },
      "ConnectionType":0,
      "ConnectedWireIndex":-1,
      "ConnectedWireSegmentIndex":-1,
      "Points":[{"x":0.0,"y":0.0},{"x":0.0,"y":0.0}]
    },
    {
      "SourcePinAddress":{
        "PinID":1164945729,
        "PinOwnerID":949788148
      },
      "TargetPinAddress":{
        "PinID":0,
        "PinOwnerID":1654540095
      },
      "ConnectionType":0,
      "ConnectedWireIndex":-1,
      "ConnectedWireSegmentIndex":-1,
      "Points":[{"x":0.0,"y":0.0},{"x":0.0,"y":0.0}]
    },
    {
      "SourcePinAddress":{
        "PinID":1164945729,
        "PinOwnerID":841197543
      },
      "TargetPinAddress":{
        "PinID":0,
        "PinOwnerID":2102097082
      },
      "ConnectionType":0,
      "ConnectedWireIndex":-1,
      "ConnectedWireSegmentIndex":-1,
      "Points":[{"x":0.0,"y":0.0},{"x":0.0,"y":0.0}]
    },
    {
      "SourcePinAddress":{
        "PinID":1164945729,
        "PinOwnerID":1423263959
      },
      "TargetPinAddress":{
        "PinID":0,
        "PinOwnerID":1326326540
      },
      "ConnectionType":0,
      "ConnectedWireIndex":-1,
      "ConnectedWireSegmentIndex":-1,
      "Points":[{"x":0.0,"y":0.0},{"x":0.0,"y":0.0}]
    },
    {
      "SourcePinAddress":{
        "PinID":1164945729,
        "PinOwnerID":1530112027
      },
      "TargetPinAddress":{
        "PinID":0,
        "PinOwnerID":348619421
      },
      "ConnectionType":0,
      "ConnectedWireIndex":-1,
      "ConnectedWireSegmentIndex":-1,
      "Points":[{"x":0.0,"y":0.0},{"x":0.0,"y":0.0}]
    },
    {
      "SourcePinAddress":{
        "PinID":1689702244,
        "PinOwnerID":1130707052
      },
      "TargetPinAddress":{
        "PinID":1148695259,
        "PinOwnerID":1094819103
      },
      "ConnectionType":0,
      "ConnectedWireIndex":-1,
      "ConnectedWireSegmentIndex":-1,
      "Points":[{"x":0.0,"y":0.0},{"x":0.0,"y":0.0}]
    },
    {
      "SourcePinAddress":{
        "PinID":1121503952,
        "PinOwnerID":1130707052
      },
      "TargetPinAddress":{
        "PinID":1148695259,
        "PinOwnerID":646855684
      },
      "ConnectionType":0,
      "ConnectedWireIndex":-1,
      "ConnectedWireSegmentIndex":-1,
      "Points":[{"x":0.0,"y":0.0},{"x":0.0,"y":0.0}]
    },
    {
      "SourcePinAddress":{
        "PinID":1381938161,
        "PinOwnerID":1130707052
      },
      "TargetPinAddress":{
        "PinID":1148695259,
        "PinOwnerID":29799235
      },
      "ConnectionType":0,
      "ConnectedWireIndex":-1,
      "ConnectedWireSegmentIndex":-1,
      "Points":[{"x":0.0,"y":0.0},{"x":0.0,"y":0.0}]
    },
    {
      "SourcePinAddress":{
        "PinID":167197120,
        "PinOwnerID":1130707052
      },
      "TargetPinAddress":{
        "PinID":1148695259,
        "PinOwnerID":423418098
      },
      "ConnectionType":0,
      "ConnectedWireIndex":-1,
      "ConnectedWireSegmentIndex":-1,
      "Points":[{"x":0.0,"y":0.0},{"x":0.0,"y":0.0}]
    },
    {
      "SourcePinAddress":{
        "PinID":1732605871,
        "PinOwnerID":1130707052
      },
      "TargetPinAddress":{
        "PinID":1148695259,
        "PinOwnerID":1893591019
      },
      "ConnectionType":0,
      "ConnectedWireIndex":-1,
      "ConnectedWireSegmentIndex":-1,
      "Points":[{"x":0.0,"y":0.0},{"x":0.0,"y":0.0}]
    },
    {
      "SourcePinAddress":{
        "PinID":2107045114,
        "PinOwnerID":1130707052
      },
      "TargetPinAddress":{
        "PinID":1148695259,
        "PinOwnerID":916135054
      },
      "ConnectionType":0,
      "ConnectedWireIndex":-1,
      "ConnectedWireSegmentIndex":-1,
      "Points":[{"x":0.0,"y":0.0},{"x":0.0,"y":0.0}]
    },
    {
      "SourcePinAddress":{
        "PinID":419351895,
        "PinOwnerID":1130707052
      },
      "TargetPinAddress":{
        "PinID":1148695259,
        "PinOwnerID":1453611035
      },
      "ConnectionType":0,
      "ConnectedWireIndex":-1,
      "ConnectedWireSegmentIndex":-1,
      "Points":[{"x":0.0,"y":0.0},{"x":0.0,"y":0.0}]
    },
    {
      "SourcePinAddress":{
        "PinID":1171832800,
        "PinOwnerID":1130707052
      },
      "TargetPinAddress":{
        "PinID":1148695259,
        "PinOwnerID":1125289097
      },
      "ConnectionType":0,
      "ConnectedWireIndex":-1,
      "ConnectedWireSegmentIndex":-1,
      "Points":[{"x":0.0,"y":0.0},{"x":0.0,"y":0.0}]
    },
    {
      "SourcePinAddress":{
        "PinID":1164945729,
        "PinOwnerID":423418098
      },
      "TargetPinAddress":{
        "PinID":0,
        "PinOwnerID":2112260894
      },
      "ConnectionType":0,
      "ConnectedWireIndex":-1,
      "ConnectedWireSegmentIndex":-1,
      "Points":[{"x":0.0,"y":0.0},{"x":0.0,"y":0.0}]
    },
    {
      "SourcePinAddress":{
        "PinID":1164945729,
        "PinOwnerID":29799235
      },
      "TargetPinAddress":{
        "PinID":0,
        "PinOwnerID":382482852
      },
      "ConnectionType":0,
      "ConnectedWireIndex":-1,
      "ConnectedWireSegmentIndex":-1,
      "Points":[{"x":0.0,"y":0.0},{"x":0.0,"y":0.0}]
    },
    {
      "SourcePinAddress":{
        "PinID":1164945729,
        "PinOwnerID":646855684
      },
      "TargetPinAddress":{
        "PinID":0,
        "PinOwnerID":1087055064
      },
      "ConnectionType":0,
      "ConnectedWireIndex":-1,
      "ConnectedWireSegmentIndex":-1,
      "Points":[{"x":0.0,"y":0.0},{"x":0.0,"y":0.0}]
    },
    {
      "SourcePinAddress":{
        "PinID":1164945729,
        "PinOwnerID":1094819103
      },
      "TargetPinAddress":{
        "PinID":0,
        "PinOwnerID":1521732694
      },
      "ConnectionType":0,
      "ConnectedWireIndex":-1,
      "ConnectedWireSegmentIndex":-1,
      "Points":[{"x":0.0,"y":0.0},{"x":0.0,"y":0.0}]
    },
    {
      "SourcePinAddress":{
        "PinID":1164945729,
        "PinOwnerID":1893591019
      },
      "TargetPinAddress":{
        "PinID":0,
        "PinOwnerID":1038489998
      },
      "ConnectionType":0,
      "ConnectedWireIndex":-1,
      "ConnectedWireSegmentIndex":-1,
      "Points":[{"x":0.0,"y":0.0},{"x":0.0,"y":0.0}]
    },
    {
      "SourcePinAddress":{
        "PinID":1164945729,
        "PinOwnerID":916135054
      },
      "TargetPinAddress":{
        "PinID":0,
        "PinOwnerID":265790115
      },
      "ConnectionType":0,
      "ConnectedWireIndex":-1,
      "ConnectedWireSegmentIndex":-1,
      "Points":[{"x":0.0,"y":0.0},{"x":0.0,"y":0.0}]
    },
    {
      "SourcePinAddress":{
        "PinID":1164945729,
        "PinOwnerID":1453611035
      },
      "TargetPinAddress":{
        "PinID":0,
        "PinOwnerID":238277473
      },
      "ConnectionType":0,
      "ConnectedWireIndex":-1,
      "ConnectedWireSegmentIndex":-1,
      "Points":[{"x":0.0,"y":0.0},{"x":0.0,"y":0.0}]
    },
    {
      "SourcePinAddress":{
        "PinID":1164945729,
        "PinOwnerID":1125289097
      },
      "TargetPinAddress":{
        "PinID":0,
        "PinOwnerID":1839850786
      },
      "ConnectionType":0,
      "ConnectedWireIndex":-1,
      "ConnectedWireSegmentIndex":-1,
      "Points":[{"x":0.0,"y":0.0},{"x":0.0,"y":0.0}]
    },
    {
      "SourcePinAddress":{
        "PinID":0,
        "PinOwnerID":783617376
      },
      "TargetPinAddress":{
        "PinID":1829963012,
        "PinOwnerID":1130707052
      },
      "ConnectionType":1,
      "ConnectedWireIndex":13,
      "ConnectedWireSegmentIndex":0,
      "Points":[{"x":16.14984,"y":262.69788},{"x":16.14984,"y":283.10211},{"x":0.0,"y":0.0}]
    },
    {
      "SourcePinAddress":{
        "PinID":0,
        "PinOwnerID":783617376
      },
      "TargetPinAddress":{
        "PinID":1829963012,
        "PinOwnerID":1185997661
      },
      "ConnectionType":1,
      "ConnectedWireIndex":73,
      "ConnectedWireSegmentIndex":0,
      "Points":[{"x":16.14984,"y":269.49475},{"x":0.0,"y":0.0}]
    },
    {
      "SourcePinAddress":{
        "PinID":0,
        "PinOwnerID":783617376
      },
      "TargetPinAddress":{
        "PinID":1829963012,
        "PinOwnerID":707222338
      },
      "ConnectionType":1,
      "ConnectedWireIndex":73,
      "ConnectedWireSegmentIndex":0,
      "Points":[{"x":16.14984,"y":276.28436},{"x":0.0,"y":0.0}]
    },
    {
      "SourcePinAddress":{
        "PinID":0,
        "PinOwnerID":262652284
      },
      "TargetPinAddress":{
        "PinID":777318123,
        "PinOwnerID":1130707052
      },
      "ConnectionType":1,
      "ConnectedWireIndex":12,
      "ConnectedWireSegmentIndex":0,
      "Points":[{"x":15.97122,"y":262.06589},{"x":15.97122,"y":282.50751},{"x":0.0,"y":0.0}]
    },
    {
      "SourcePinAddress":{
        "PinID":0,
        "PinOwnerID":262652284
      },
      "TargetPinAddress":{
        "PinID":777318123,
        "PinOwnerID":707222338
      },
      "ConnectionType":1,
      "ConnectedWireIndex":76,
      "ConnectedWireSegmentIndex":0,
      "Points":[{"x":15.97122,"y":275.74496},{"x":0.0,"y":0.0}]
    },
    {
      "SourcePinAddress":{
        "PinID":0,
        "PinOwnerID":262652284
      },
      "TargetPinAddress":{
        "PinID":777318123,
        "PinOwnerID":1185997661
      },
      "ConnectionType":1,
      "ConnectedWireIndex":76,
      "ConnectedWireSegmentIndex":0,
      "Points":[{"x":15.97122,"y":268.84885},{"x":0.0,"y":0.0}]
    },
    {
      "SourcePinAddress":{
        "PinID":0,
        "PinOwnerID":2072667514
      },
      "TargetPinAddress":{
        "PinID":1257747348,
        "PinOwnerID":1130707052
      },
      "ConnectionType":1,
      "ConnectedWireIndex":11,
      "ConnectedWireSegmentIndex":0,
      "Points":[{"x":15.81131,"y":261.4455},{"x":15.81131,"y":281.82907},{"x":0.0,"y":0.0}]
    },
    {
      "SourcePinAddress":{
        "PinID":0,
        "PinOwnerID":2072667514
      },
      "TargetPinAddress":{
        "PinID":1257747348,
        "PinOwnerID":707222338
      },
      "ConnectionType":1,
      "ConnectedWireIndex":79,
      "ConnectedWireSegmentIndex":0,
      "Points":[{"x":15.81131,"y":275.02701},{"x":0.0,"y":0.0}]
    },
    {
      "SourcePinAddress":{
        "PinID":0,
        "PinOwnerID":2072667514
      },
      "TargetPinAddress":{
        "PinID":1257747348,
        "PinOwnerID":1185997661
      },
      "ConnectionType":1,
      "ConnectedWireIndex":79,
      "ConnectedWireSegmentIndex":0,
      "Points":[{"x":15.81131,"y":268.17148},{"x":0.0,"y":0.0}]
    },
    {
      "SourcePinAddress":{
        "PinID":0,
        "PinOwnerID":2091866652
      },
      "TargetPinAddress":{
        "PinID":1687256854,
        "PinOwnerID":1130707052
      },
      "ConnectionType":1,
      "ConnectedWireIndex":10,
      "ConnectedWireSegmentIndex":0,
      "Points":[{"x":15.67855,"y":260.8291},{"x":15.67855,"y":281.19928},{"x":0.0,"y":0.0}]
    },
    {
      "SourcePinAddress":{
        "PinID":0,
        "PinOwnerID":2091866652
      },
      "TargetPinAddress":{
        "PinID":1687256854,
        "PinOwnerID":707222338
      },
      "ConnectionType":1,
      "ConnectedWireIndex":82,
      "ConnectedWireSegmentIndex":0,
      "Points":[{"x":15.67855,"y":274.41449},{"x":0.0,"y":0.0}]
    },
    {
      "SourcePinAddress":{
        "PinID":0,
        "PinOwnerID":2091866652
      },
      "TargetPinAddress":{
        "PinID":1687256854,
        "PinOwnerID":1185997661
      },
      "ConnectionType":1,
      "ConnectedWireIndex":82,
      "ConnectedWireSegmentIndex":0,
      "Points":[{"x":15.67855,"y":267.60385},{"x":0.0,"y":0.0}]
    },
    {
      "SourcePinAddress":{
        "PinID":0,
        "PinOwnerID":480363547
      },
      "TargetPinAddress":{
        "PinID":1764209954,
        "PinOwnerID":1130707052
      },
      "ConnectionType":1,
      "ConnectedWireIndex":9,
      "ConnectedWireSegmentIndex":0,
      "Points":[{"x":15.53368,"y":260.20575},{"x":15.53368,"y":280.5351},{"x":0.0,"y":0.0}]
    },
    {
      "SourcePinAddress":{
        "PinID":0,
        "PinOwnerID":480363547
      },
      "TargetPinAddress":{
        "PinID":1764209954,
        "PinOwnerID":707222338
      },
      "ConnectionType":1,
      "ConnectedWireIndex":85,
      "ConnectedWireSegmentIndex":0,
      "Points":[{"x":15.53368,"y":273.78284},{"x":0.0,"y":0.0}]
    },
    {
      "SourcePinAddress":{
        "PinID":0,
        "PinOwnerID":480363547
      },
      "TargetPinAddress":{
        "PinID":1764209954,
        "PinOwnerID":1185997661
      },
      "ConnectionType":1,
      "ConnectedWireIndex":85,
      "ConnectedWireSegmentIndex":0,
      "Points":[{"x":15.53368,"y":266.96115},{"x":0.0,"y":0.0}]
    },
    {
      "SourcePinAddress":{
        "PinID":0,
        "PinOwnerID":1166228523
      },
      "TargetPinAddress":{
        "PinID":11111805,
        "PinOwnerID":1130707052
      },
      "ConnectionType":1,
      "ConnectedWireIndex":8,
      "ConnectedWireSegmentIndex":0,
      "Points":[{"x":15.41292,"y":259.58853},{"x":15.41292,"y":279.91425},{"x":0.0,"y":0.0}]
    },
    {
      "SourcePinAddress":{
        "PinID":0,
        "PinOwnerID":1166228523
      },
      "TargetPinAddress":{
        "PinID":11111805,
        "PinOwnerID":707222338
      },
      "ConnectionType":1,
      "ConnectedWireIndex":88,
      "ConnectedWireSegmentIndex":0,
      "Points":[{"x":15.41292,"y":273.17648},{"x":0.0,"y":0.0}]
    },
    {
      "SourcePinAddress":{
        "PinID":0,
        "PinOwnerID":1166228523
      },
      "TargetPinAddress":{
        "PinID":11111805,
        "PinOwnerID":1185997661
      },
      "ConnectionType":1,
      "ConnectedWireIndex":88,
      "ConnectedWireSegmentIndex":0,
      "Points":[{"x":15.41292,"y":266.37207},{"x":0.0,"y":0.0}]
    },
    {
      "SourcePinAddress":{
        "PinID":1102724948,
        "PinOwnerID":1944756588
      },
      "TargetPinAddress":{
        "PinID":1946182587,
        "PinOwnerID":1185997661
      },
      "ConnectionType":0,
      "ConnectedWireIndex":-1,
      "ConnectedWireSegmentIndex":-1,
      "Points":[{"x":0.0,"y":0.0},{"x":13.28829,"y":262.98843},{"x":13.28829,"y":265.66592},{"x":0.0,"y":0.0}]
    },
    {
      "SourcePinAddress":{
        "PinID":2015310352,
        "PinOwnerID":1944756588
      },
      "TargetPinAddress":{
        "PinID":1946182587,
        "PinOwnerID":707222338
      },
      "ConnectionType":0,
      "ConnectedWireIndex":-1,
      "ConnectedWireSegmentIndex":-1,
      "Points":[{"x":0.0,"y":0.0},{"x":13.11246,"y":263.23843},{"x":13.11246,"y":272.52332},{"x":0.0,"y":0.0}]
    },
    {
      "SourcePinAddress":{
        "PinID":664193772,
        "PinOwnerID":1944756588
      },
      "TargetPinAddress":{
        "PinID":1946182587,
        "PinOwnerID":1130707052
      },
      "ConnectionType":0,
      "ConnectedWireIndex":-1,
      "ConnectedWireSegmentIndex":-1,
      "Points":[{"x":0.0,"y":0.0},{"x":12.93664,"y":263.48843},{"x":12.93664,"y":279.30161},{"x":0.0,"y":0.0}]
    },
    {
      "SourcePinAddress":{
        "PinID":0,
        "PinOwnerID":215882755
      },
      "TargetPinAddress":{
        "PinID":2030901329,
        "PinOwnerID":462505254
      },
      "ConnectionType":0,
      "ConnectedWireIndex":-1,
      "ConnectedWireSegmentIndex":-1,
      "Points":[{"x":0.0,"y":0.0},{"x":0.0,"y":0.0}]
    },
    {
      "SourcePinAddress":{
        "PinID":14895395,
        "PinOwnerID":462505254
      },
      "TargetPinAddress":{
        "PinID":1009493463,
        "PinOwnerID":1125289097
      },
      "ConnectionType":0,
      "ConnectedWireIndex":-1,
      "ConnectedWireSegmentIndex":-1,
      "Points":[{"x":0.0,"y":0.0},{"x":19.21256,"y":258.57617},{"x":19.21256,"y":285.05963},{"x":0.0,"y":0.0}]
    },
    {
      "SourcePinAddress":{
        "PinID":14895395,
        "PinOwnerID":462505254
      },
      "TargetPinAddress":{
        "PinID":1009493463,
        "PinOwnerID":1453611035
      },
      "ConnectionType":1,
      "ConnectedWireIndex":95,
      "ConnectedWireSegmentIndex":1,
      "Points":[{"x":19.21256,"y":283.84515},{"x":0.0,"y":0.0}]
    },
    {
      "SourcePinAddress":{
        "PinID":14895395,
        "PinOwnerID":462505254
      },
      "TargetPinAddress":{
        "PinID":1009493463,
        "PinOwnerID":916135054
      },
      "ConnectionType":1,
      "ConnectedWireIndex":95,
      "ConnectedWireSegmentIndex":1,
      "Points":[{"x":19.21256,"y":283.10867},{"x":0.0,"y":0.0}]
    },
    {
      "SourcePinAddress":{
        "PinID":14895395,
        "PinOwnerID":462505254
      },
      "TargetPinAddress":{
        "PinID":1009493463,
        "PinOwnerID":1893591019
      },
      "ConnectionType":1,
      "ConnectedWireIndex":95,
      "ConnectedWireSegmentIndex":1,
      "Points":[{"x":19.21256,"y":282.26883},{"x":0.0,"y":0.0}]
    },
    {
      "SourcePinAddress":{
        "PinID":14895395,
        "PinOwnerID":462505254
      },
      "TargetPinAddress":{
        "PinID":1009493463,
        "PinOwnerID":423418098
      },
      "ConnectionType":1,
      "ConnectedWireIndex":95,
      "ConnectedWireSegmentIndex":1,
      "Points":[{"x":19.21256,"y":281.57114},{"x":0.0,"y":0.0}]
    },
    {
      "SourcePinAddress":{
        "PinID":14895395,
        "PinOwnerID":462505254
      },
      "TargetPinAddress":{
        "PinID":1009493463,
        "PinOwnerID":29799235
      },
      "ConnectionType":1,
      "ConnectedWireIndex":95,
      "ConnectedWireSegmentIndex":1,
      "Points":[{"x":19.21256,"y":280.71838},{"x":0.0,"y":0.0}]
    },
    {
      "SourcePinAddress":{
        "PinID":14895395,
        "PinOwnerID":462505254
      },
      "TargetPinAddress":{
        "PinID":1009493463,
        "PinOwnerID":646855684
      },
      "ConnectionType":1,
      "ConnectedWireIndex":95,
      "ConnectedWireSegmentIndex":1,
      "Points":[{"x":19.21256,"y":279.93024},{"x":0.0,"y":0.0}]
    },
    {
      "SourcePinAddress":{
        "PinID":14895395,
        "PinOwnerID":462505254
      },
      "TargetPinAddress":{
        "PinID":1009493463,
        "PinOwnerID":1094819103
      },
      "ConnectionType":1,
      "ConnectedWireIndex":95,
      "ConnectedWireSegmentIndex":1,
      "Points":[{"x":19.21256,"y":279.19376},{"x":0.0,"y":0.0}]
    },
    {
      "SourcePinAddress":{
        "PinID":14895395,
        "PinOwnerID":462505254
      },
      "TargetPinAddress":{
        "PinID":1009493463,
        "PinOwnerID":1530112027
      },
      "ConnectionType":1,
      "ConnectedWireIndex":95,
      "ConnectedWireSegmentIndex":1,
      "Points":[{"x":19.21256,"y":277.86295},{"x":0.0,"y":0.0}]
    },
    {
      "SourcePinAddress":{
        "PinID":14895395,
        "PinOwnerID":462505254
      },
      "TargetPinAddress":{
        "PinID":1009493463,
        "PinOwnerID":1423263959
      },
      "ConnectionType":1,
      "ConnectedWireIndex":95,
      "ConnectedWireSegmentIndex":1,
      "Points":[{"x":19.21256,"y":277.08771},{"x":0.0,"y":0.0}]
    },
    {
      "SourcePinAddress":{
        "PinID":14895395,
        "PinOwnerID":462505254
      },
      "TargetPinAddress":{
        "PinID":1009493463,
        "PinOwnerID":841197543
      },
      "ConnectionType":1,
      "ConnectedWireIndex":95,
      "ConnectedWireSegmentIndex":1,
      "Points":[{"x":19.21256,"y":276.39001},{"x":0.0,"y":0.0}]
    },
    {
      "SourcePinAddress":{
        "PinID":14895395,
        "PinOwnerID":462505254
      },
      "TargetPinAddress":{
        "PinID":1009493463,
        "PinOwnerID":949788148
      },
      "ConnectionType":1,
      "ConnectedWireIndex":95,
      "ConnectedWireSegmentIndex":1,
      "Points":[{"x":19.21256,"y":275.4985},{"x":0.0,"y":0.0}]
    },
    {
      "SourcePinAddress":{
        "PinID":14895395,
        "PinOwnerID":462505254
      },
      "TargetPinAddress":{
        "PinID":1009493463,
        "PinOwnerID":1149973188
      },
      "ConnectionType":1,
      "ConnectedWireIndex":95,
      "ConnectedWireSegmentIndex":1,
      "Points":[{"x":19.21256,"y":274.68451},{"x":0.0,"y":0.0}]
    },
    {
      "SourcePinAddress":{
        "PinID":14895395,
        "PinOwnerID":462505254
      },
      "TargetPinAddress":{
        "PinID":1009493463,
        "PinOwnerID":76274246
      },
      "ConnectionType":1,
      "ConnectedWireIndex":95,
      "ConnectedWireSegmentIndex":1,
      "Points":[{"x":19.21256,"y":273.94803},{"x":0.0,"y":0.0}]
    },
    {
      "SourcePinAddress":{
        "PinID":14895395,
        "PinOwnerID":462505254
      },
      "TargetPinAddress":{
        "PinID":1009493463,
        "PinOwnerID":2056314281
      },
      "ConnectionType":1,
      "ConnectedWireIndex":95,
      "ConnectedWireSegmentIndex":1,
      "Points":[{"x":19.21256,"y":273.31494},{"x":0.0,"y":0.0}]
    },
    {
      "SourcePinAddress":{
        "PinID":14895395,
        "PinOwnerID":462505254
      },
      "TargetPinAddress":{
        "PinID":1009493463,
        "PinOwnerID":477957147
      },
      "ConnectionType":1,
      "ConnectedWireIndex":95,
      "ConnectedWireSegmentIndex":1,
      "Points":[{"x":19.21256,"y":272.4751},{"x":0.0,"y":0.0}]
    },
    {
      "SourcePinAddress":{
        "PinID":14895395,
        "PinOwnerID":462505254
      },
      "TargetPinAddress":{
        "PinID":1009493463,
        "PinOwnerID":1284846834
      },
      "ConnectionType":1,
      "ConnectedWireIndex":95,
      "ConnectedWireSegmentIndex":1,
      "Points":[{"x":19.21256,"y":271.84198},{"x":0.0,"y":0.0}]
    },
    {
      "SourcePinAddress":{
        "PinID":14895395,
        "PinOwnerID":462505254
      },
      "TargetPinAddress":{
        "PinID":1009493463,
        "PinOwnerID":1174236159
      },
      "ConnectionType":1,
      "ConnectedWireIndex":95,
      "ConnectedWireSegmentIndex":1,
      "Points":[{"x":19.21256,"y":271.95828},{"x":0.0,"y":0.0}]
    },
    {
      "SourcePinAddress":{
        "PinID":14895395,
        "PinOwnerID":462505254
      },
      "TargetPinAddress":{
        "PinID":1009493463,
        "PinOwnerID":982959323
      },
      "ConnectionType":1,
      "ConnectedWireIndex":95,
      "ConnectedWireSegmentIndex":1,
      "Points":[{"x":19.21256,"y":270.29153},{"x":0.0,"y":0.0}]
    },
    {
      "SourcePinAddress":{
        "PinID":14895395,
        "PinOwnerID":462505254
      },
      "TargetPinAddress":{
        "PinID":1009493463,
        "PinOwnerID":1863540429
      },
      "ConnectionType":1,
      "ConnectedWireIndex":95,
      "ConnectedWireSegmentIndex":1,
      "Points":[{"x":19.21256,"y":269.55505},{"x":0.0,"y":0.0}]
    },
    {
      "SourcePinAddress":{
        "PinID":14895395,
        "PinOwnerID":462505254
      },
      "TargetPinAddress":{
        "PinID":1009493463,
        "PinOwnerID":683702529
      },
      "ConnectionType":1,
      "ConnectedWireIndex":95,
      "ConnectedWireSegmentIndex":1,
      "Points":[{"x":19.21256,"y":268.67648},{"x":0.0,"y":0.0}]
    },
    {
      "SourcePinAddress":{
        "PinID":14895395,
        "PinOwnerID":462505254
      },
      "TargetPinAddress":{
        "PinID":1009493463,
        "PinOwnerID":1112435112
      },
      "ConnectionType":1,
      "ConnectedWireIndex":95,
      "ConnectedWireSegmentIndex":1,
      "Points":[{"x":19.21256,"y":267.88834},{"x":0.0,"y":0.0}]
    },
    {
      "SourcePinAddress":{
        "PinID":14895395,
        "PinOwnerID":462505254
      },
      "TargetPinAddress":{
        "PinID":1009493463,
        "PinOwnerID":1425811830
      },
      "ConnectionType":1,
      "ConnectedWireIndex":95,
      "ConnectedWireSegmentIndex":1,
      "Points":[{"x":19.21256,"y":267.20352},{"x":0.0,"y":0.0}]
    },
    {
      "SourcePinAddress":{
        "PinID":14895395,
        "PinOwnerID":462505254
      },
      "TargetPinAddress":{
        "PinID":1009493463,
        "PinOwnerID":997047549
      },
      "ConnectionType":1,
      "ConnectedWireIndex":95,
      "ConnectedWireSegmentIndex":1,
      "Points":[{"x":19.21256,"y":266.44122},{"x":0.0,"y":0.0}]
    },
    {
      "SourcePinAddress":{
        "PinID":14895395,
        "PinOwnerID":462505254
      },
      "TargetPinAddress":{
        "PinID":1009493463,
        "PinOwnerID":1899094377
      },
      "ConnectionType":1,
      "ConnectedWireIndex":95,
      "ConnectedWireSegmentIndex":1,
      "Points":[{"x":19.21256,"y":265.15878},{"x":0.0,"y":0.0}]
    },
    {
      "SourcePinAddress":{
        "PinID":14895395,
        "PinOwnerID":462505254
      },
      "TargetPinAddress":{
        "PinID":1009493463,
        "PinOwnerID":1142234347
      },
      "ConnectionType":1,
      "ConnectedWireIndex":95,
      "ConnectedWireSegmentIndex":1,
      "Points":[{"x":19.21256,"y":264.27869},{"x":0.0,"y":0.0}]
    },
    {
      "SourcePinAddress":{
        "PinID":14895395,
        "PinOwnerID":462505254
      },
      "TargetPinAddress":{
        "PinID":1009493463,
        "PinOwnerID":169221066
      },
      "ConnectionType":1,
      "ConnectedWireIndex":95,
      "ConnectedWireSegmentIndex":1,
      "Points":[{"x":19.21256,"y":263.51144},{"x":0.0,"y":0.0}]
    },
    {
      "SourcePinAddress":{
        "PinID":14895395,
        "PinOwnerID":462505254
      },
      "TargetPinAddress":{
        "PinID":1009493463,
        "PinOwnerID":80902106
      },
      "ConnectionType":1,
      "ConnectedWireIndex":95,
      "ConnectedWireSegmentIndex":1,
      "Points":[{"x":19.21256,"y":262.78934},{"x":0.0,"y":0.0}]
    },
    {
      "SourcePinAddress":{
        "PinID":14895395,
        "PinOwnerID":462505254
      },
      "TargetPinAddress":{
        "PinID":1009493463,
        "PinOwnerID":1676224161
      },
      "ConnectionType":1,
      "ConnectedWireIndex":95,
      "ConnectedWireSegmentIndex":1,
      "Points":[{"x":19.21256,"y":261.90924},{"x":0.0,"y":0.0}]
    },
    {
      "SourcePinAddress":{
        "PinID":14895395,
        "PinOwnerID":462505254
      },
      "TargetPinAddress":{
        "PinID":1009493463,
        "PinOwnerID":629657269
      },
      "ConnectionType":1,
      "ConnectedWireIndex":95,
      "ConnectedWireSegmentIndex":1,
      "Points":[{"x":19.21256,"y":261.18713},{"x":0.0,"y":0.0}]
    },
    {
      "SourcePinAddress":{
        "PinID":14895395,
        "PinOwnerID":462505254
      },
      "TargetPinAddress":{
        "PinID":1009493463,
        "PinOwnerID":1609647801
      },
      "ConnectionType":1,
      "ConnectedWireIndex":95,
      "ConnectedWireSegmentIndex":1,
      "Points":[{"x":19.21256,"y":260.34091},{"x":0.0,"y":0.0}]
    },
    {
      "SourcePinAddress":{
        "PinID":14895395,
        "PinOwnerID":462505254
      },
      "TargetPinAddress":{
        "PinID":1009493463,
        "PinOwnerID":1107120627
      },
      "ConnectionType":1,
      "ConnectedWireIndex":95,
      "ConnectedWireSegmentIndex":1,
      "Points":[{"x":19.21256,"y":259.65265},{"x":0.0,"y":0.0}]
    }
  ],
  "Displays": null
}