{
  "DLSVersion": "2.1.6",
  "Name": "8B MUX",
  "NameLocation": 0,
  "ChipType": 0,
  "Size": {
    "x": 1.025,
    "y": 1.25
  },
  "Colour": {
    "r": 0.6473305,
    "g": 0.772304356,
    "b": 1.0,
    "a": 1
  },
  "InputPins":[
    {
      "Name":"D0",
      "ID":437351559,
      "Position":{
        "x":-2.29347,
        "y":-23.11786
      },
      "BitCount":8,
      "Colour":0,
      "ValueDisplayMode":0
    },
    {
      "Name":"D1",
      "ID":2074658275,
      "Position":{
        "x":-2.24414,
        "y":-28.05571
      },
      "BitCount":8,
      "Colour":0,
      "ValueDisplayMode":0
    },
    {
      "Name":"S",
      "ID":902434727,
      "Position":{
        "x":-1.75,
        "y":-30.125
      },
      "BitCount":1,
      "Colour":0,
      "ValueDisplayMode":0
    }
  ],
  "OutputPins":[
    {
      "Name":"OUT",
      "ID":1254738747,
      "Position":{
        "x":6.06546,
        "y":-25.64857
      },
      "BitCount":8,
      "Colour":0,
      "ValueDisplayMode":0
    }
  ],
  "SubChips":[
    {
      "Name":"8B Cancler",
      "ID":62434900,
      "Label":"",
      "Position":{
        "x":2.135,
        "y":-28.0
      },
      "OutputPinColourInfo":[{"PinColour":0,"PinID":1164945729}],
      "InternalData":null
    },
    {
      "Name":"8B Cancler",
      "ID":1240226295,
      "Label":"",
      "Position":{
        "x":2.135,
        "y":-23.5
      },
      "OutputPinColourInfo":[{"PinColour":0,"PinID":1164945729}],
      "InternalData":null
    },
    {
      "Name":"8Bitwise OR",
      "ID":1096145380,
      "Label":"",
      "Position":{
        "x":3.835,
        "y":-25.6875
      },
      "OutputPinColourInfo":[{"PinColour":0,"PinID":2006674237}],
      "InternalData":null
    },
    {
      "Name":"NOT",
      "ID":402915411,
      "Label":"",
      "Position":{
        "x":0.88677,
        "y":-23.7475
      },
      "OutputPinColourInfo":[{"PinColour":0,"PinID":14895395}],
      "InternalData":null
    }
  ],
  "Wires":[
    {
      "SourcePinAddress":{
        "PinID":1164945729,
        "PinOwnerID":1240226295
      },
      "TargetPinAddress":{
        "PinID":724775518,
        "PinOwnerID":1096145380
      },
      "ConnectionType":0,
      "ConnectedWireIndex":-1,
      "ConnectedWireSegmentIndex":-1,
      "Points":[{"x":0.0,"y":0.0},{"x":0.0,"y":0.0}]
    },
    {
      "SourcePinAddress":{
        "PinID":1164945729,
        "PinOwnerID":62434900
      },
      "TargetPinAddress":{
        "PinID":1315402776,
        "PinOwnerID":1096145380
      },
      "ConnectionType":0,
      "ConnectedWireIndex":-1,
      "ConnectedWireSegmentIndex":-1,
      "Points":[{"x":0.0,"y":0.0},{"x":0.0,"y":0.0}]
    },
    {
      "SourcePinAddress":{
        "PinID":0,
        "PinOwnerID":2074658275
      },
      "TargetPinAddress":{
        "PinID":1148695259,
        "PinOwnerID":62434900
      },
      "ConnectionType":0,
      "ConnectedWireIndex":-1,
      "ConnectedWireSegmentIndex":-1,
      "Points":[{"x":0.0,"y":0.0},{"x":0.0,"y":0.0}]
    },
    {
      "SourcePinAddress":{
        "PinID":0,
        "PinOwnerID":437351559
      },
      "TargetPinAddress":{
        "PinID":1148695259,
        "PinOwnerID":1240226295
      },
      "ConnectionType":0,
      "ConnectedWireIndex":-1,
      "ConnectedWireSegmentIndex":-1,
      "Points":[{"x":0.0,"y":0.0},{"x":0.0,"y":0.0}]
    },
    {
      "SourcePinAddress":{
        "PinID":2006674237,
        "PinOwnerID":1096145380
      },
      "TargetPinAddress":{
        "PinID":0,
        "PinOwnerID":1254738747
      },
      "ConnectionType":0,
      "ConnectedWireIndex":-1,
      "ConnectedWireSegmentIndex":-1,
      "Points":[{"x":0.0,"y":0.0},{"x":0.0,"y":0.0}]
    },
    {
      "SourcePinAddress":{
        "PinID":0,
        "PinOwnerID":902434727
      },
      "TargetPinAddress":{
        "PinID":1009493463,
        "PinOwnerID":62434900
      },
      "ConnectionType":0,
      "ConnectedWireIndex":-1,
      "ConnectedWireSegmentIndex":-1,
      "Points":[{"x":0.0,"y":0.0},{"x":1.11322,"y":-30.125},{"x":1.11322,"y":-28.25},{"x":0.0,"y":0.0}]
    },
    {
      "SourcePinAddress":{
        "PinID":0,
        "PinOwnerID":902434727
      },
      "TargetPinAddress":{
        "PinID":2030901329,
        "PinOwnerID":402915411
      },
      "ConnectionType":1,
      "ConnectedWireIndex":5,
      "ConnectedWireSegmentIndex":1,
      "Points":[{"x":1.11322,"y":-28.25102},{"x":1.11322,"y":-24.16367},{"x":0.38885,"y":-24.16367},{"x":0.38885,"y":-23.76237},{"x":0.0,"y":0.0}]
    },
    {
      "SourcePinAddress":{
        "PinID":14895395,
        "PinOwnerID":402915411
      },
      "TargetPinAddress":{
        "PinID":1009493463,
        "PinOwnerID":1240226295
      },
      "ConnectionType":0,
      "ConnectedWireIndex":-1,
      "ConnectedWireSegmentIndex":-1,
      "Points":[{"x":0.0,"y":0.0},{"x":0.0,"y":0.0}]
    }
  ],
  "Displays":[]
}