{
  "DLSVersion": "2.1.6",
  "Name": "8B Register",
  "NameLocation": 0,
  "ChipType": 0,
  "Size": {
    "x": 1.325,
    "y": 2.25
  },
  "Colour": {
    "r": 0.221253633,
    "g": 0.490569532,
    "b": 0.9923709,
    "a": 1
  },
  "InputPins":[
    {
      "Name":"IN",
      "ID":1392758076,
      "Position":{
        "x":4.125,
        "y":0.3125
      },
      "BitCount":1,
      "Colour":0,
      "ValueDisplayMode":0
    },
    {
      "Name":"IN",
      "ID":417269540,
      "Position":{
        "x":4.125,
        "y":-0.1875
      },
      "BitCount":1,
      "Colour":0,
      "ValueDisplayMode":0
    },
    {
      "Name":"IN",
      "ID":286388281,
      "Position":{
        "x":4.125,
        "y":-0.6875
      },
      "BitCount":1,
      "Colour":0,
      "ValueDisplayMode":0
    },
    {
      "Name":"IN",
      "ID":1858606326,
      "Position":{
        "x":4.125,
        "y":-1.1875
      },
      "BitCount":1,
      "Colour":0,
      "ValueDisplayMode":0
    },
    {
      "Name":"IN",
      "ID":420992053,
      "Position":{
        "x":4.125,
        "y":-1.6875
      },
      "BitCount":1,
      "Colour":0,
      "ValueDisplayMode":0
    },
    {
      "Name":"IN",
      "ID":2040735824,
      "Position":{
        "x":4.125,
        "y":-2.1875
      },
      "BitCount":1,
      "Colour":0,
      "ValueDisplayMode":0
    },
    {
      "Name":"IN",
      "ID":1855074716,
      "Position":{
        "x":4.125,
        "y":-2.6875
      },
      "BitCount":1,
      "Colour":0,
      "ValueDisplayMode":0
    },
    {
      "Name":"IN",
      "ID":1051531529,
      "Position":{
        "x":4.125,
        "y":-3.1875
      },
      "BitCount":1,
      "Colour":0,
      "ValueDisplayMode":0
    },
    {
      "Name":"CLK",
      "ID":703899233,
      "Position":{
        "x":4.125,
        "y":-3.8125
      },
      "BitCount":1,
      "Colour":0,
      "ValueDisplayMode":0
    }
  ],
  "OutputPins":[
    {
      "Name":"OUT",
      "ID":37034238,
      "Position":{
        "x":9.5,
        "y":0.3125
      },
      "BitCount":1,
      "Colour":0,
      "ValueDisplayMode":0
    },
    {
      "Name":"OUT",
      "ID":1982614289,
      "Position":{
        "x":9.5,
        "y":-0.1875
      },
      "BitCount":1,
      "Colour":0,
      "ValueDisplayMode":0
    },
    {
      "Name":"OUT",
      "ID":435990342,
      "Position":{
        "x":9.5,
        "y":-0.6875
      },
      "BitCount":1,
      "Colour":0,
      "ValueDisplayMode":0
    },
    {
      "Name":"OUT",
      "ID":1443564094,
      "Position":{
        "x":9.5,
        "y":-1.1875
      },
      "BitCount":1,
      "Colour":0,
      "ValueDisplayMode":0
    },
    {
      "Name":"OUT",
      "ID":1768011263,
      "Position":{
        "x":9.5,
        "y":-1.6875
      },
      "BitCount":1,
      "Colour":0,
      "ValueDisplayMode":0
    },
    {
      "Name":"OUT",
      "ID":1929807151,
      "Position":{
        "x":9.5,
        "y":-2.1875
      },
      "BitCount":1,
      "Colour":0,
      "ValueDisplayMode":0
    },
    {
      "Name":"OUT",
      "ID":983414596,
      "Position":{
        "x":9.5,
        "y":-2.6875
      },
      "BitCount":1,
      "Colour":0,
      "ValueDisplayMode":0
    },
    {
      "Name":"OUT",
      "ID":628400352,
      "Position":{
        "x":9.5,
        "y":-3.1875
      },
      "BitCount":1,
      "Colour":0,
      "ValueDisplayMode":0
    }
  ],
  "SubChips":[
    {
      "Name":"MS D LATCH",
      "ID":1495655082,
      "Label":"",
      "Position":{
        "x":7.0225,
        "y":0.625
      },
      "OutputPinColourInfo":[{"PinColour":0,"PinID":1240096569}],
      "InternalData":null
    },
    {
      "Name":"MS D LATCH",
      "ID":1954978467,
      "Label":"",
      "Position":{
        "x":7.0225,
        "y":0.0
      },
      "OutputPinColourInfo":[{"PinColour":0,"PinID":1240096569}],
      "InternalData":null
    },
    {
      "Name":"MS D LATCH",
      "ID":1392034645,
      "Label":"",
      "Position":{
        "x":7.0225,
        "y":-0.625
      },
      "OutputPinColourInfo":[{"PinColour":0,"PinID":1240096569}],
      "InternalData":null
    },
    {
      "Name":"MS D LATCH",
      "ID":1708354742,
      "Label":"",
      "Position":{
        "x":7.0225,
        "y":-1.25
      },
      "OutputPinColourInfo":[{"PinColour":0,"PinID":1240096569}],
      "InternalData":null
    },
    {
      "Name":"MS D LATCH",
      "ID":264273786,
      "Label":"",
      "Position":{
        "x":7.0225,
        "y":-3.75
      },
      "OutputPinColourInfo":[{"PinColour":0,"PinID":1240096569}],
      "InternalData":null
    },
    {
      "Name":"MS D LATCH",
      "ID":384478579,
      "Label":"",
      "Position":{
        "x":7.0225,
        "y":-2.5
      },
      "OutputPinColourInfo":[{"PinColour":0,"PinID":1240096569}],
      "InternalData":null
    },
    {
      "Name":"MS D LATCH",
      "ID":2140419553,
      "Label":"",
      "Position":{
        "x":7.0225,
        "y":-3.125
      },
      "OutputPinColourInfo":[{"PinColour":0,"PinID":1240096569}],
      "InternalData":null
    },
    {
      "Name":"MS D LATCH",
      "ID":123475981,
      "Label":"",
      "Position":{
        "x":7.0225,
        "y":-1.875
      },
      "OutputPinColourInfo":[{"PinColour":0,"PinID":1240096569}],
      "InternalData":null
    }
  ],
  "Wires":[
    {
      "SourcePinAddress":{
        "PinID":0,
        "PinOwnerID":703899233
      },
      "TargetPinAddress":{
        "PinID":932425908,
        "PinOwnerID":264273786
      },
      "ConnectionType":0,
      "ConnectedWireIndex":-1,
      "ConnectedWireSegmentIndex":-1,
      "Points":[{"x":0.0,"y":0.0},{"x":0.0,"y":0.0}]
    },
    {
      "SourcePinAddress":{
        "PinID":0,
        "PinOwnerID":703899233
      },
      "TargetPinAddress":{
        "PinID":932425908,
        "PinOwnerID":1495655082
      },
      "ConnectionType":1,
      "ConnectedWireIndex":0,
      "ConnectedWireSegmentIndex":0,
      "Points":[{"x":6.33288,"y":-3.86857},{"x":6.33288,"y":0.47893},{"x":0.0,"y":0.0}]
    },
    {
      "SourcePinAddress":{
        "PinID":0,
        "PinOwnerID":703899233
      },
      "TargetPinAddress":{
        "PinID":932425908,
        "PinOwnerID":1954978467
      },
      "ConnectionType":1,
      "ConnectedWireIndex":1,
      "ConnectedWireSegmentIndex":0,
      "Points":[{"x":6.33288,"y":-0.125},{"x":0.0,"y":0.0}]
    },
    {
      "SourcePinAddress":{
        "PinID":0,
        "PinOwnerID":703899233
      },
      "TargetPinAddress":{
        "PinID":932425908,
        "PinOwnerID":1392034645
      },
      "ConnectionType":1,
      "ConnectedWireIndex":1,
      "ConnectedWireSegmentIndex":0,
      "Points":[{"x":6.33288,"y":-0.75},{"x":0.0,"y":0.0}]
    },
    {
      "SourcePinAddress":{
        "PinID":0,
        "PinOwnerID":703899233
      },
      "TargetPinAddress":{
        "PinID":932425908,
        "PinOwnerID":1708354742
      },
      "ConnectionType":1,
      "ConnectedWireIndex":1,
      "ConnectedWireSegmentIndex":0,
      "Points":[{"x":6.33288,"y":-1.375},{"x":0.0,"y":0.0}]
    },
    {
      "SourcePinAddress":{
        "PinID":0,
        "PinOwnerID":703899233
      },
      "TargetPinAddress":{
        "PinID":932425908,
        "PinOwnerID":123475981
      },
      "ConnectionType":1,
      "ConnectedWireIndex":1,
      "ConnectedWireSegmentIndex":0,
      "Points":[{"x":6.33288,"y":-2.0},{"x":0.0,"y":0.0}]
    },
    {
      "SourcePinAddress":{
        "PinID":0,
        "PinOwnerID":703899233
      },
      "TargetPinAddress":{
        "PinID":932425908,
        "PinOwnerID":384478579
      },
      "ConnectionType":1,
      "ConnectedWireIndex":1,
      "ConnectedWireSegmentIndex":0,
      "Points":[{"x":6.33288,"y":-2.625},{"x":0.0,"y":0.0}]
    },
    {
      "SourcePinAddress":{
        "PinID":0,
        "PinOwnerID":703899233
      },
      "TargetPinAddress":{
        "PinID":932425908,
        "PinOwnerID":2140419553
      },
      "ConnectionType":1,
      "ConnectedWireIndex":1,
      "ConnectedWireSegmentIndex":0,
      "Points":[{"x":6.33288,"y":-3.25},{"x":0.0,"y":0.0}]
    },
    {
      "SourcePinAddress":{
        "PinID":0,
        "PinOwnerID":1051531529
      },
      "TargetPinAddress":{
        "PinID":181944440,
        "PinOwnerID":264273786
      },
      "ConnectionType":0,
      "ConnectedWireIndex":-1,
      "ConnectedWireSegmentIndex":-1,
      "Points":[{"x":0.0,"y":0.0},{"x":0.0,"y":0.0}]
    },
    {
      "SourcePinAddress":{
        "PinID":0,
        "PinOwnerID":1855074716
      },
      "TargetPinAddress":{
        "PinID":181944440,
        "PinOwnerID":2140419553
      },
      "ConnectionType":0,
      "ConnectedWireIndex":-1,
      "ConnectedWireSegmentIndex":-1,
      "Points":[{"x":0.0,"y":0.0},{"x":0.0,"y":0.0}]
    },
    {
      "SourcePinAddress":{
        "PinID":0,
        "PinOwnerID":2040735824
      },
      "TargetPinAddress":{
        "PinID":181944440,
        "PinOwnerID":384478579
      },
      "ConnectionType":0,
      "ConnectedWireIndex":-1,
      "ConnectedWireSegmentIndex":-1,
      "Points":[{"x":0.0,"y":0.0},{"x":0.0,"y":0.0}]
    },
    {
      "SourcePinAddress":{
        "PinID":0,
        "PinOwnerID":420992053
      },
      "TargetPinAddress":{
        "PinID":181944440,
        "PinOwnerID":123475981
      },
      "ConnectionType":0,
      "ConnectedWireIndex":-1,
      "ConnectedWireSegmentIndex":-1,
      "Points":[{"x":0.0,"y":0.0},{"x":0.0,"y":0.0}]
    },
    {
      "SourcePinAddress":{
        "PinID":0,
        "PinOwnerID":1858606326
      },
      "TargetPinAddress":{
        "PinID":181944440,
        "PinOwnerID":1708354742
      },
      "ConnectionType":0,
      "ConnectedWireIndex":-1,
      "ConnectedWireSegmentIndex":-1,
      "Points":[{"x":0.0,"y":0.0},{"x":0.0,"y":0.0}]
    },
    {
      "SourcePinAddress":{
        "PinID":0,
        "PinOwnerID":286388281
      },
      "TargetPinAddress":{
        "PinID":181944440,
        "PinOwnerID":1392034645
      },
      "ConnectionType":0,
      "ConnectedWireIndex":-1,
      "ConnectedWireSegmentIndex":-1,
      "Points":[{"x":0.0,"y":0.0},{"x":0.0,"y":0.0}]
    },
    {
      "SourcePinAddress":{
        "PinID":0,
        "PinOwnerID":417269540
      },
      "TargetPinAddress":{
        "PinID":181944440,
        "PinOwnerID":1954978467
      },
      "ConnectionType":0,
      "ConnectedWireIndex":-1,
      "ConnectedWireSegmentIndex":-1,
      "Points":[{"x":0.0,"y":0.0},{"x":0.0,"y":0.0}]
    },
    {
      "SourcePinAddress":{
        "PinID":0,
        "PinOwnerID":1392758076
      },
      "TargetPinAddress":{
        "PinID":181944440,
        "PinOwnerID":1495655082
      },
      "ConnectionType":0,
      "ConnectedWireIndex":-1,
      "ConnectedWireSegmentIndex":-1,
      "Points":[{"x":0.0,"y":0.0},{"x":0.0,"y":0.0}]
    },
    {
      "SourcePinAddress":{
        "PinID":1240096569,
        "PinOwnerID":1495655082
      },
      "TargetPinAddress":{
        "PinID":0,
        "PinOwnerID":37034238
      },
      "ConnectionType":0,
      "ConnectedWireIndex":-1,
      "ConnectedWireSegmentIndex":-1,
      "Points":[{"x":0.0,"y":0.0},{"x":0.0,"y":0.0}]
    },
    {
      "SourcePinAddress":{
        "PinID":1240096569,
        "PinOwnerID":1954978467
      },
      "TargetPinAddress":{
        "PinID":0,
        "PinOwnerID":1982614289
      },
      "ConnectionType":0,
      "ConnectedWireIndex":-1,
      "ConnectedWireSegmentIndex":-1,
      "Points":[{"x":0.0,"y":0.0},{"x":0.0,"y":0.0}]
    },
    {
      "SourcePinAddress":{
        "PinID":1240096569,
        "PinOwnerID":1392034645
      },
      "TargetPinAddress":{
        "PinID":0,
        "PinOwnerID":435990342
      },
      "ConnectionType":0,
      "ConnectedWireIndex":-1,
      "ConnectedWireSegmentIndex":-1,
      "Points":[{"x":0.0,"y":0.0},{"x":8.87057,"y":-0.69996},{"x":0.0,"y":0.0}]
    },
    {
      "SourcePinAddress":{
        "PinID":1240096569,
        "PinOwnerID":1708354742
      },
      "TargetPinAddress":{
        "PinID":0,
        "PinOwnerID":1443564094
      },
      "ConnectionType":0,
      "ConnectedWireIndex":-1,
      "ConnectedWireSegmentIndex":-1,
      "Points":[{"x":0.0,"y":0.0},{"x":0.0,"y":0.0}]
    },
    {
      "SourcePinAddress":{
        "PinID":1240096569,
        "PinOwnerID":123475981
      },
      "TargetPinAddress":{
        "PinID":0,
        "PinOwnerID":1768011263
      },
      "ConnectionType":0,
      "ConnectedWireIndex":-1,
      "ConnectedWireSegmentIndex":-1,
      "Points":[{"x":0.0,"y":0.0},{"x":0.0,"y":0.0}]
    },
    {
      "SourcePinAddress":{
        "PinID":1240096569,
        "PinOwnerID":384478579
      },
      "TargetPinAddress":{
        "PinID":0,
        "PinOwnerID":1929807151
      },
      "ConnectionType":0,
      "ConnectedWireIndex":-1,
      "ConnectedWireSegmentIndex":-1,
      "Points":[{"x":0.0,"y":0.0},{"x":0.0,"y":0.0}]
    },
    {
      "SourcePinAddress":{
        "PinID":1240096569,
        "PinOwnerID":2140419553
      },
      "TargetPinAddress":{
        "PinID":0,
        "PinOwnerID":983414596
      },
      "ConnectionType":0,
      "ConnectedWireIndex":-1,
      "ConnectedWireSegmentIndex":-1,
      "Points":[{"x":0.0,"y":0.0},{"x":0.0,"y":0.0}]
    },
    {
      "SourcePinAddress":{
        "PinID":1240096569,
        "PinOwnerID":264273786
      },
      "TargetPinAddress":{
        "PinID":0,
        "PinOwnerID":628400352
      },
      "ConnectionType":0,
      "ConnectedWireIndex":-1,
      "ConnectedWireSegmentIndex":-1,
      "Points":[{"x":0.0,"y":0.0},{"x":0.0,"y":0.0}]
    }
  ],
  "Displays": null
}