{
  "DLSVersion": "2.1.6",
  "Name": "8B SUB",
  "NameLocation": 0,
  "ChipType": 0,
  "Size": {
    "x": 1.025,
    "y": 4.25
  },
  "Colour": {
    "r": 0.697096169,
    "g": 0.8998887,
    "b": 0.720748,
    "a": 1
  },
  "InputPins":[
    {
      "Name":"A",
      "ID":711766059,
      "Position":{
        "x":-4.625,
        "y":4.0
      },
      "BitCount":1,
      "Colour":0,
      "ValueDisplayMode":0
    },
    {
      "Name":"A",
      "ID":1099446196,
      "Position":{
        "x":-4.625,
        "y":3.5
      },
      "BitCount":1,
      "Colour":0,
      "ValueDisplayMode":0
    },
    {
      "Name":"A",
      "ID":2103407777,
      "Position":{
        "x":-4.625,
        "y":3.0
      },
      "BitCount":1,
      "Colour":0,
      "ValueDisplayMode":0
    },
    {
      "Name":"A",
      "ID":1354133063,
      "Position":{
        "x":-4.625,
        "y":2.5
      },
      "BitCount":1,
      "Colour":0,
      "ValueDisplayMode":0
    },
    {
      "Name":"A",
      "ID":1321575546,
      "Position":{
        "x":-4.625,
        "y":2.0
      },
      "BitCount":1,
      "Colour":0,
      "ValueDisplayMode":0
    },
    {
      "Name":"A",
      "ID":1547545708,
      "Position":{
        "x":-4.625,
        "y":1.5
      },
      "BitCount":1,
      "Colour":0,
      "ValueDisplayMode":0
    },
    {
      "Name":"A",
      "ID":64797561,
      "Position":{
        "x":-4.625,
        "y":1.0
      },
      "BitCount":1,
      "Colour":0,
      "ValueDisplayMode":0
    },
    {
      "Name":"A",
      "ID":287831435,
      "Position":{
        "x":-4.625,
        "y":0.5
      },
      "BitCount":1,
      "Colour":0,
      "ValueDisplayMode":0
    },
    {
      "Name":"B",
      "ID":1321724954,
      "Position":{
        "x":-4.625,
        "y":-0.4375
      },
      "BitCount":1,
      "Colour":0,
      "ValueDisplayMode":0
    },
    {
      "Name":"B",
      "ID":14132560,
      "Position":{
        "x":-4.625,
        "y":-0.9375
      },
      "BitCount":1,
      "Colour":0,
      "ValueDisplayMode":0
    },
    {
      "Name":"B",
      "ID":745387408,
      "Position":{
        "x":-4.625,
        "y":-1.4375
      },
      "BitCount":1,
      "Colour":0,
      "ValueDisplayMode":0
    },
    {
      "Name":"B",
      "ID":483997984,
      "Position":{
        "x":-4.625,
        "y":-1.9375
      },
      "BitCount":1,
      "Colour":0,
      "ValueDisplayMode":0
    },
    {
      "Name":"B",
      "ID":2056720316,
      "Position":{
        "x":-4.625,
        "y":-2.4375
      },
      "BitCount":1,
      "Colour":0,
      "ValueDisplayMode":0
    },
    {
      "Name":"B",
      "ID":1111281860,
      "Position":{
        "x":-4.625,
        "y":-2.9375
      },
      "BitCount":1,
      "Colour":0,
      "ValueDisplayMode":0
    },
    {
      "Name":"B",
      "ID":663504573,
      "Position":{
        "x":-4.625,
        "y":-3.4375
      },
      "BitCount":1,
      "Colour":0,
      "ValueDisplayMode":0
    },
    {
      "Name":"B",
      "ID":538383083,
      "Position":{
        "x":-4.625,
        "y":-3.9375
      },
      "BitCount":1,
      "Colour":0,
      "ValueDisplayMode":0
    },
    {
      "Name":"Borrow In",
      "ID":1364688779,
      "Position":{
        "x":-4.625,
        "y":-4.4375
      },
      "BitCount":1,
      "Colour":0,
      "ValueDisplayMode":0
    }
  ],
  "OutputPins":[
    {
      "Name":"CARRY OUT",
      "ID":1205166818,
      "Position":{
        "x":2.25,
        "y":1.8125
      },
      "BitCount":1,
      "Colour":0,
      "ValueDisplayMode":0
    },
    {
      "Name":"OUT",
      "ID":1138958233,
      "Position":{
        "x":2.25,
        "y":1.3125
      },
      "BitCount":1,
      "Colour":0,
      "ValueDisplayMode":0
    },
    {
      "Name":"OUT",
      "ID":459387345,
      "Position":{
        "x":2.25,
        "y":0.8125
      },
      "BitCount":1,
      "Colour":0,
      "ValueDisplayMode":0
    },
    {
      "Name":"OUT",
      "ID":976434430,
      "Position":{
        "x":2.25,
        "y":0.3125
      },
      "BitCount":1,
      "Colour":0,
      "ValueDisplayMode":0
    },
    {
      "Name":"OUT",
      "ID":1260131128,
      "Position":{
        "x":2.25,
        "y":-0.1875
      },
      "BitCount":1,
      "Colour":0,
      "ValueDisplayMode":0
    },
    {
      "Name":"OUT",
      "ID":385327036,
      "Position":{
        "x":2.25,
        "y":-0.6875
      },
      "BitCount":1,
      "Colour":0,
      "ValueDisplayMode":0
    },
    {
      "Name":"OUT",
      "ID":66120155,
      "Position":{
        "x":2.25,
        "y":-1.1875
      },
      "BitCount":1,
      "Colour":0,
      "ValueDisplayMode":0
    },
    {
      "Name":"OUT",
      "ID":3696384,
      "Position":{
        "x":2.25,
        "y":-1.6875
      },
      "BitCount":1,
      "Colour":0,
      "ValueDisplayMode":0
    },
    {
      "Name":"OUT",
      "ID":1128223447,
      "Position":{
        "x":2.25,
        "y":-2.1875
      },
      "BitCount":1,
      "Colour":0,
      "ValueDisplayMode":0
    }
  ],
  "SubChips":[
    {
      "Name":"8B Adder",
      "ID":1471023347,
      "Label":"",
      "Position":{
        "x":0.1475,
        "y":-0.1875
      },
      "OutputPinColourInfo":[{"PinColour":0,"PinID":2114547048},{"PinColour":0,"PinID":487694368},{"PinColour":0,"PinID":1037460116},{"PinColour":0,"PinID":168965031},{"PinColour":0,"PinID":1734400126},{"PinColour":0,"PinID":1159822455},{"PinColour":0,"PinID":256994951},{"PinColour":0,"PinID":1588873607},{"PinColour":0,"PinID":583348545}],
      "InternalData":null
    },
    {
      "Name":"NOT",
      "ID":1070895553,
      "Label":"",
      "Position":{
        "x":-1.3275,
        "y":-3.5
      },
      "OutputPinColourInfo":[{"PinColour":0,"PinID":14895395}],
      "InternalData":null
    },
    {
      "Name":"NOT",
      "ID":621439372,
      "Label":"",
      "Position":{
        "x":-1.3275,
        "y":-3.0625
      },
      "OutputPinColourInfo":[{"PinColour":0,"PinID":14895395}],
      "InternalData":null
    },
    {
      "Name":"NOT",
      "ID":260700742,
      "Label":"",
      "Position":{
        "x":-1.3275,
        "y":-2.625
      },
      "OutputPinColourInfo":[{"PinColour":0,"PinID":14895395}],
      "InternalData":null
    },
    {
      "Name":"NOT",
      "ID":1505733259,
      "Label":"",
      "Position":{
        "x":-1.3275,
        "y":-2.1875
      },
      "OutputPinColourInfo":[{"PinColour":0,"PinID":14895395}],
      "InternalData":null
    },
    {
      "Name":"NOT",
      "ID":836826538,
      "Label":"",
      "Position":{
        "x":-1.3275,
        "y":-1.75
      },
      "OutputPinColourInfo":[{"PinColour":0,"PinID":14895395}],
      "InternalData":null
    },
    {
      "Name":"NOT",
      "ID":749858269,
      "Label":"",
      "Position":{
        "x":-1.3275,
        "y":-1.3125
      },
      "OutputPinColourInfo":[{"PinColour":0,"PinID":14895395}],
      "InternalData":null
    },
    {
      "Name":"NOT",
      "ID":1453928127,
      "Label":"",
      "Position":{
        "x":-1.3275,
        "y":-0.875
      },
      "OutputPinColourInfo":[{"PinColour":0,"PinID":14895395}],
      "InternalData":null
    },
    {
      "Name":"NOT",
      "ID":1031698684,
      "Label":"",
      "Position":{
        "x":-1.3275,
        "y":-0.4375
      },
      "OutputPinColourInfo":[{"PinColour":0,"PinID":14895395}],
      "InternalData":null
    },
    {
      "Name":"NOT",
      "ID":1534970653,
      "Label":"",
      "Position":{
        "x":-1.32696,
        "y":-3.93525
      },
      "OutputPinColourInfo":[{"PinColour":0,"PinID":14895395}],
      "InternalData":null
    }
  ],
  "Wires":[
    {
      "SourcePinAddress":{
        "PinID":583348545,
        "PinOwnerID":1471023347
      },
      "TargetPinAddress":{
        "PinID":0,
        "PinOwnerID":1128223447
      },
      "ConnectionType":0,
      "ConnectedWireIndex":-1,
      "ConnectedWireSegmentIndex":-1,
      "Points":[{"x":0.0,"y":0.0},{"x":0.0,"y":0.0}]
    },
    {
      "SourcePinAddress":{
        "PinID":1588873607,
        "PinOwnerID":1471023347
      },
      "TargetPinAddress":{
        "PinID":0,
        "PinOwnerID":3696384
      },
      "ConnectionType":0,
      "ConnectedWireIndex":-1,
      "ConnectedWireSegmentIndex":-1,
      "Points":[{"x":0.0,"y":0.0},{"x":0.0,"y":0.0}]
    },
    {
      "SourcePinAddress":{
        "PinID":256994951,
        "PinOwnerID":1471023347
      },
      "TargetPinAddress":{
        "PinID":0,
        "PinOwnerID":66120155
      },
      "ConnectionType":0,
      "ConnectedWireIndex":-1,
      "ConnectedWireSegmentIndex":-1,
      "Points":[{"x":0.0,"y":0.0},{"x":0.0,"y":0.0}]
    },
    {
      "SourcePinAddress":{
        "PinID":1159822455,
        "PinOwnerID":1471023347
      },
      "TargetPinAddress":{
        "PinID":0,
        "PinOwnerID":385327036
      },
      "ConnectionType":0,
      "ConnectedWireIndex":-1,
      "ConnectedWireSegmentIndex":-1,
      "Points":[{"x":0.0,"y":0.0},{"x":0.0,"y":0.0}]
    },
    {
      "SourcePinAddress":{
        "PinID":1734400126,
        "PinOwnerID":1471023347
      },
      "TargetPinAddress":{
        "PinID":0,
        "PinOwnerID":1260131128
      },
      "ConnectionType":0,
      "ConnectedWireIndex":-1,
      "ConnectedWireSegmentIndex":-1,
      "Points":[{"x":0.0,"y":0.0},{"x":0.0,"y":0.0}]
    },
    {
      "SourcePinAddress":{
        "PinID":168965031,
        "PinOwnerID":1471023347
      },
      "TargetPinAddress":{
        "PinID":0,
        "PinOwnerID":976434430
      },
      "ConnectionType":0,
      "ConnectedWireIndex":-1,
      "ConnectedWireSegmentIndex":-1,
      "Points":[{"x":0.0,"y":0.0},{"x":0.0,"y":0.0}]
    },
    {
      "SourcePinAddress":{
        "PinID":1037460116,
        "PinOwnerID":1471023347
      },
      "TargetPinAddress":{
        "PinID":0,
        "PinOwnerID":459387345
      },
      "ConnectionType":0,
      "ConnectedWireIndex":-1,
      "ConnectedWireSegmentIndex":-1,
      "Points":[{"x":0.0,"y":0.0},{"x":0.0,"y":0.0}]
    },
    {
      "SourcePinAddress":{
        "PinID":487694368,
        "PinOwnerID":1471023347
      },
      "TargetPinAddress":{
        "PinID":0,
        "PinOwnerID":1138958233
      },
      "ConnectionType":0,
      "ConnectedWireIndex":-1,
      "ConnectedWireSegmentIndex":-1,
      "Points":[{"x":0.0,"y":0.0},{"x":0.0,"y":0.0}]
    },
    {
      "SourcePinAddress":{
        "PinID":2114547048,
        "PinOwnerID":1471023347
      },
      "TargetPinAddress":{
        "PinID":0,
        "PinOwnerID":1205166818
      },
      "ConnectionType":0,
      "ConnectedWireIndex":-1,
      "ConnectedWireSegmentIndex":-1,
      "Points":[{"x":0.0,"y":0.0},{"x":0.0,"y":0.0}]
    },
    {
      "SourcePinAddress":{
        "PinID":14895395,
        "PinOwnerID":1031698684
      },
      "TargetPinAddress":{
        "PinID":1375846832,
        "PinOwnerID":1471023347
      },
      "ConnectionType":0,
      "ConnectedWireIndex":-1,
      "ConnectedWireSegmentIndex":-1,
      "Points":[{"x":0.0,"y":0.0},{"x":0.0,"y":0.0}]
    },
    {
      "SourcePinAddress":{
        "PinID":14895395,
        "PinOwnerID":1453928127
      },
      "TargetPinAddress":{
        "PinID":1425445846,
        "PinOwnerID":1471023347
      },
      "ConnectionType":0,
      "ConnectedWireIndex":-1,
      "ConnectedWireSegmentIndex":-1,
      "Points":[{"x":0.0,"y":0.0},{"x":0.0,"y":0.0}]
    },
    {
      "SourcePinAddress":{
        "PinID":14895395,
        "PinOwnerID":749858269
      },
      "TargetPinAddress":{
        "PinID":1126522660,
        "PinOwnerID":1471023347
      },
      "ConnectionType":0,
      "ConnectedWireIndex":-1,
      "ConnectedWireSegmentIndex":-1,
      "Points":[{"x":0.0,"y":0.0},{"x":0.0,"y":0.0}]
    },
    {
      "SourcePinAddress":{
        "PinID":14895395,
        "PinOwnerID":836826538
      },
      "TargetPinAddress":{
        "PinID":2048386849,
        "PinOwnerID":1471023347
      },
      "ConnectionType":0,
      "ConnectedWireIndex":-1,
      "ConnectedWireSegmentIndex":-1,
      "Points":[{"x":0.0,"y":0.0},{"x":0.0,"y":0.0}]
    },
    {
      "SourcePinAddress":{
        "PinID":14895395,
        "PinOwnerID":1505733259
      },
      "TargetPinAddress":{
        "PinID":1809774669,
        "PinOwnerID":1471023347
      },
      "ConnectionType":0,
      "ConnectedWireIndex":-1,
      "ConnectedWireSegmentIndex":-1,
      "Points":[{"x":0.0,"y":0.0},{"x":0.0,"y":0.0}]
    },
    {
      "SourcePinAddress":{
        "PinID":14895395,
        "PinOwnerID":260700742
      },
      "TargetPinAddress":{
        "PinID":548642023,
        "PinOwnerID":1471023347
      },
      "ConnectionType":0,
      "ConnectedWireIndex":-1,
      "ConnectedWireSegmentIndex":-1,
      "Points":[{"x":0.0,"y":0.0},{"x":0.0,"y":0.0}]
    },
    {
      "SourcePinAddress":{
        "PinID":14895395,
        "PinOwnerID":621439372
      },
      "TargetPinAddress":{
        "PinID":1996593839,
        "PinOwnerID":1471023347
      },
      "ConnectionType":0,
      "ConnectedWireIndex":-1,
      "ConnectedWireSegmentIndex":-1,
      "Points":[{"x":0.0,"y":0.0},{"x":0.0,"y":0.0}]
    },
    {
      "SourcePinAddress":{
        "PinID":14895395,
        "PinOwnerID":1070895553
      },
      "TargetPinAddress":{
        "PinID":21369369,
        "PinOwnerID":1471023347
      },
      "ConnectionType":0,
      "ConnectedWireIndex":-1,
      "ConnectedWireSegmentIndex":-1,
      "Points":[{"x":0.0,"y":0.0},{"x":0.0,"y":0.0}]
    },
    {
      "SourcePinAddress":{
        "PinID":14895395,
        "PinOwnerID":1534970653
      },
      "TargetPinAddress":{
        "PinID":811507563,
        "PinOwnerID":1471023347
      },
      "ConnectionType":0,
      "ConnectedWireIndex":-1,
      "ConnectedWireSegmentIndex":-1,
      "Points":[{"x":0.0,"y":0.0},{"x":0.0,"y":0.0}]
    },
    {
      "SourcePinAddress":{
        "PinID":0,
        "PinOwnerID":1321724954
      },
      "TargetPinAddress":{
        "PinID":2030901329,
        "PinOwnerID":1031698684
      },
      "ConnectionType":0,
      "ConnectedWireIndex":-1,
      "ConnectedWireSegmentIndex":-1,
      "Points":[{"x":0.0,"y":0.0},{"x":0.0,"y":0.0}]
    },
    {
      "SourcePinAddress":{
        "PinID":0,
        "PinOwnerID":14132560
      },
      "TargetPinAddress":{
        "PinID":2030901329,
        "PinOwnerID":1453928127
      },
      "ConnectionType":0,
      "ConnectedWireIndex":-1,
      "ConnectedWireSegmentIndex":-1,
      "Points":[{"x":0.0,"y":0.0},{"x":0.0,"y":0.0}]
    },
    {
      "SourcePinAddress":{
        "PinID":0,
        "PinOwnerID":745387408
      },
      "TargetPinAddress":{
        "PinID":2030901329,
        "PinOwnerID":749858269
      },
      "ConnectionType":0,
      "ConnectedWireIndex":-1,
      "ConnectedWireSegmentIndex":-1,
      "Points":[{"x":0.0,"y":0.0},{"x":0.0,"y":0.0}]
    },
    {
      "SourcePinAddress":{
        "PinID":0,
        "PinOwnerID":483997984
      },
      "TargetPinAddress":{
        "PinID":2030901329,
        "PinOwnerID":836826538
      },
      "ConnectionType":0,
      "ConnectedWireIndex":-1,
      "ConnectedWireSegmentIndex":-1,
      "Points":[{"x":0.0,"y":0.0},{"x":0.0,"y":0.0}]
    },
    {
      "SourcePinAddress":{
        "PinID":0,
        "PinOwnerID":2056720316
      },
      "TargetPinAddress":{
        "PinID":2030901329,
        "PinOwnerID":1505733259
      },
      "ConnectionType":0,
      "ConnectedWireIndex":-1,
      "ConnectedWireSegmentIndex":-1,
      "Points":[{"x":0.0,"y":0.0},{"x":0.0,"y":0.0}]
    },
    {
      "SourcePinAddress":{
        "PinID":0,
        "PinOwnerID":1111281860
      },
      "TargetPinAddress":{
        "PinID":2030901329,
        "PinOwnerID":260700742
      },
      "ConnectionType":0,
      "ConnectedWireIndex":-1,
      "ConnectedWireSegmentIndex":-1,
      "Points":[{"x":0.0,"y":0.0},{"x":0.0,"y":0.0}]
    },
    {
      "SourcePinAddress":{
        "PinID":0,
        "PinOwnerID":663504573
      },
      "TargetPinAddress":{
        "PinID":2030901329,
        "PinOwnerID":621439372
      },
      "ConnectionType":0,
      "ConnectedWireIndex":-1,
      "ConnectedWireSegmentIndex":-1,
      "Points":[{"x":0.0,"y":0.0},{"x":0.0,"y":0.0}]
    },
    {
      "SourcePinAddress":{
        "PinID":0,
        "PinOwnerID":538383083
      },
      "TargetPinAddress":{
        "PinID":2030901329,
        "PinOwnerID":1070895553
      },
      "ConnectionType":0,
      "ConnectedWireIndex":-1,
      "ConnectedWireSegmentIndex":-1,
      "Points":[{"x":0.0,"y":0.0},{"x":0.0,"y":0.0}]
    },
    {
      "SourcePinAddress":{
        "PinID":0,
        "PinOwnerID":287831435
      },
      "TargetPinAddress":{
        "PinID":889604457,
        "PinOwnerID":1471023347
      },
      "ConnectionType":0,
      "ConnectedWireIndex":-1,
      "ConnectedWireSegmentIndex":-1,
      "Points":[{"x":0.0,"y":0.0},{"x":0.0,"y":0.0}]
    },
    {
      "SourcePinAddress":{
        "PinID":0,
        "PinOwnerID":64797561
      },
      "TargetPinAddress":{
        "PinID":1381236483,
        "PinOwnerID":1471023347
      },
      "ConnectionType":0,
      "ConnectedWireIndex":-1,
      "ConnectedWireSegmentIndex":-1,
      "Points":[{"x":0.0,"y":0.0},{"x":0.0,"y":0.0}]
    },
    {
      "SourcePinAddress":{
        "PinID":0,
        "PinOwnerID":1547545708
      },
      "TargetPinAddress":{
        "PinID":1250701257,
        "PinOwnerID":1471023347
      },
      "ConnectionType":0,
      "ConnectedWireIndex":-1,
      "ConnectedWireSegmentIndex":-1,
      "Points":[{"x":0.0,"y":0.0},{"x":0.0,"y":0.0}]
    },
    {
      "SourcePinAddress":{
        "PinID":0,
        "PinOwnerID":1321575546
      },
      "TargetPinAddress":{
        "PinID":312640426,
        "PinOwnerID":1471023347
      },
      "ConnectionType":0,
      "ConnectedWireIndex":-1,
      "ConnectedWireSegmentIndex":-1,
      "Points":[{"x":0.0,"y":0.0},{"x":0.0,"y":0.0}]
    },
    {
      "SourcePinAddress":{
        "PinID":0,
        "PinOwnerID":1354133063
      },
      "TargetPinAddress":{
        "PinID":905632089,
        "PinOwnerID":1471023347
      },
      "ConnectionType":0,
      "ConnectedWireIndex":-1,
      "ConnectedWireSegmentIndex":-1,
      "Points":[{"x":0.0,"y":0.0},{"x":0.0,"y":0.0}]
    },
    {
      "SourcePinAddress":{
        "PinID":0,
        "PinOwnerID":2103407777
      },
      "TargetPinAddress":{
        "PinID":547622031,
        "PinOwnerID":1471023347
      },
      "ConnectionType":0,
      "ConnectedWireIndex":-1,
      "ConnectedWireSegmentIndex":-1,
      "Points":[{"x":0.0,"y":0.0},{"x":0.0,"y":0.0}]
    },
    {
      "SourcePinAddress":{
        "PinID":0,
        "PinOwnerID":1099446196
      },
      "TargetPinAddress":{
        "PinID":1679457542,
        "PinOwnerID":1471023347
      },
      "ConnectionType":0,
      "ConnectedWireIndex":-1,
      "ConnectedWireSegmentIndex":-1,
      "Points":[{"x":0.0,"y":0.0},{"x":0.0,"y":0.0}]
    },
    {
      "SourcePinAddress":{
        "PinID":0,
        "PinOwnerID":711766059
      },
      "TargetPinAddress":{
        "PinID":898287532,
        "PinOwnerID":1471023347
      },
      "ConnectionType":0,
      "ConnectedWireIndex":-1,
      "ConnectedWireSegmentIndex":-1,
      "Points":[{"x":0.0,"y":0.0},{"x":0.0,"y":0.0}]
    },
    {
      "SourcePinAddress":{
        "PinID":0,
        "PinOwnerID":1364688779
      },
      "TargetPinAddress":{
        "PinID":2030901329,
        "PinOwnerID":1534970653
      },
      "ConnectionType":0,
      "ConnectedWireIndex":-1,
      "ConnectedWireSegmentIndex":-1,
      "Points":[{"x":0.0,"y":0.0},{"x":0.0,"y":0.0}]
    }
  ],
  "Displays": null
}