{
  "DLSVersion": "2.1.6",
  "Name": "8B SR LATCH",
  "NameLocation": 0,
  "ChipType": 0,
  "Size": {
    "x": 1.025,
    "y": 0.75
  },
  "Colour": {
    "r": 0.3578384,
    "g": 0.4698481,
    "b": 0.5623126,
    "a": 1
  },
  "InputPins":[
    {
      "Name":"IN",
      "ID":430708985,
      "Position":{
        "x":-4.5,
        "y":0.5
      },
      "BitCount":8,
      "Colour":0,
      "ValueDisplayMode":0
    },
    {
      "Name":"RESET",
      "ID":1019233984,
      "Position":{
        "x":-1.75,
        "y":-3.1875
      },
      "BitCount":1,
      "Colour":0,
      "ValueDisplayMode":0
    }
  ],
  "OutputPins":[
    {
      "Name":"OUT",
      "ID":1961835975,
      "Position":{
        "x":5.47048,
        "y":0.09234
      },
      "BitCount":8,
      "Colour":0,
      "ValueDisplayMode":0
    }
  ],
  "SubChips":[
    {
      "Name":"SR LATCH",
      "ID":1544803980,
      "Label":"",
      "Position":{
        "x":0.7725,
        "y":1.9375
      },
      "OutputPinColourInfo":[{"PinColour":0,"PinID":774234844}],
      "InternalData":null
    },
    {
      "Name":"SR LATCH",
      "ID":811523737,
      "Label":"",
      "Position":{
        "x":0.7725,
        "y":1.3125
      },
      "OutputPinColourInfo":[{"PinColour":0,"PinID":774234844}],
      "InternalData":null
    },
    {
      "Name":"SR LATCH",
      "ID":1287534922,
      "Label":"",
      "Position":{
        "x":0.7725,
        "y":0.6875
      },
      "OutputPinColourInfo":[{"PinColour":0,"PinID":774234844}],
      "InternalData":null
    },
    {
      "Name":"SR LATCH",
      "ID":672502235,
      "Label":"",
      "Position":{
        "x":0.7725,
        "y":0.0625
      },
      "OutputPinColourInfo":[{"PinColour":0,"PinID":774234844}],
      "InternalData":null
    },
    {
      "Name":"SR LATCH",
      "ID":140919803,
      "Label":"",
      "Position":{
        "x":0.7725,
        "y":-0.5625
      },
      "OutputPinColourInfo":[{"PinColour":0,"PinID":774234844}],
      "InternalData":null
    },
    {
      "Name":"SR LATCH",
      "ID":1212079483,
      "Label":"",
      "Position":{
        "x":0.7725,
        "y":-1.1875
      },
      "OutputPinColourInfo":[{"PinColour":0,"PinID":774234844}],
      "InternalData":null
    },
    {
      "Name":"SR LATCH",
      "ID":1525956134,
      "Label":"",
      "Position":{
        "x":0.7725,
        "y":-1.8125
      },
      "OutputPinColourInfo":[{"PinColour":0,"PinID":774234844}],
      "InternalData":null
    },
    {
      "Name":"SR LATCH",
      "ID":2120383188,
      "Label":"",
      "Position":{
        "x":0.7725,
        "y":-2.4375
      },
      "OutputPinColourInfo":[{"PinColour":0,"PinID":774234844}],
      "InternalData":null
    },
    {
      "Name":"1-8BIT",
      "ID":1309740237,
      "Label":"",
      "Position":{
        "x":2.89552,
        "y":0.11415
      },
      "OutputPinColourInfo":[{"PinColour":0,"PinID":8}],
      "InternalData":null
    },
    {
      "Name":"8-1BIT",
      "ID":871921452,
      "Label":"",
      "Position":{
        "x":-1.83138,
        "y":0.48094
      },
      "OutputPinColourInfo":[{"PinColour":0,"PinID":1},{"PinColour":0,"PinID":2},{"PinColour":0,"PinID":3},{"PinColour":0,"PinID":4},{"PinColour":0,"PinID":5},{"PinColour":0,"PinID":6},{"PinColour":0,"PinID":7},{"PinColour":0,"PinID":8}],
      "InternalData":null
    }
  ],
  "Wires":[
    {
      "SourcePinAddress":{
        "PinID":0,
        "PinOwnerID":1019233984
      },
      "TargetPinAddress":{
        "PinID":1782709029,
        "PinOwnerID":1544803980
      },
      "ConnectionType":0,
      "ConnectedWireIndex":-1,
      "ConnectedWireSegmentIndex":-1,
      "Points":[{"x":0.0,"y":0.0},{"x":0.02091,"y":-3.1875},{"x":0.02091,"y":2.0748},{"x":0.0,"y":0.0}]
    },
    {
      "SourcePinAddress":{
        "PinID":0,
        "PinOwnerID":1019233984
      },
      "TargetPinAddress":{
        "PinID":1782709029,
        "PinOwnerID":811523737
      },
      "ConnectionType":1,
      "ConnectedWireIndex":0,
      "ConnectedWireSegmentIndex":1,
      "Points":[{"x":0.02091,"y":1.4375},{"x":0.0,"y":0.0}]
    },
    {
      "SourcePinAddress":{
        "PinID":0,
        "PinOwnerID":1019233984
      },
      "TargetPinAddress":{
        "PinID":1782709029,
        "PinOwnerID":1287534922
      },
      "ConnectionType":1,
      "ConnectedWireIndex":0,
      "ConnectedWireSegmentIndex":1,
      "Points":[{"x":0.02091,"y":0.8125},{"x":0.0,"y":0.0}]
    },
    {
      "SourcePinAddress":{
        "PinID":0,
        "PinOwnerID":1019233984
      },
      "TargetPinAddress":{
        "PinID":1782709029,
        "PinOwnerID":672502235
      },
      "ConnectionType":1,
      "ConnectedWireIndex":0,
      "ConnectedWireSegmentIndex":1,
      "Points":[{"x":0.02091,"y":0.1875},{"x":0.0,"y":0.0}]
    },
    {
      "SourcePinAddress":{
        "PinID":0,
        "PinOwnerID":1019233984
      },
      "TargetPinAddress":{
        "PinID":1782709029,
        "PinOwnerID":140919803
      },
      "ConnectionType":1,
      "ConnectedWireIndex":0,
      "ConnectedWireSegmentIndex":1,
      "Points":[{"x":0.02091,"y":-0.4375},{"x":0.0,"y":0.0}]
    },
    {
      "SourcePinAddress":{
        "PinID":0,
        "PinOwnerID":1019233984
      },
      "TargetPinAddress":{
        "PinID":1782709029,
        "PinOwnerID":1212079483
      },
      "ConnectionType":1,
      "ConnectedWireIndex":0,
      "ConnectedWireSegmentIndex":1,
      "Points":[{"x":0.02091,"y":-1.0625},{"x":0.0,"y":0.0}]
    },
    {
      "SourcePinAddress":{
        "PinID":0,
        "PinOwnerID":1019233984
      },
      "TargetPinAddress":{
        "PinID":1782709029,
        "PinOwnerID":1525956134
      },
      "ConnectionType":1,
      "ConnectedWireIndex":0,
      "ConnectedWireSegmentIndex":1,
      "Points":[{"x":0.02091,"y":-1.6875},{"x":0.0,"y":0.0}]
    },
    {
      "SourcePinAddress":{
        "PinID":0,
        "PinOwnerID":1019233984
      },
      "TargetPinAddress":{
        "PinID":1782709029,
        "PinOwnerID":2120383188
      },
      "ConnectionType":1,
      "ConnectedWireIndex":0,
      "ConnectedWireSegmentIndex":1,
      "Points":[{"x":0.02091,"y":-2.3125},{"x":0.0,"y":0.0}]
    },
    {
      "SourcePinAddress":{
        "PinID":8,
        "PinOwnerID":1309740237
      },
      "TargetPinAddress":{
        "PinID":0,
        "PinOwnerID":1961835975
      },
      "ConnectionType":0,
      "ConnectedWireIndex":-1,
      "ConnectedWireSegmentIndex":-1,
      "Points":[{"x":0.0,"y":0.0},{"x":0.0,"y":0.0}]
    },
    {
      "SourcePinAddress":{
        "PinID":774234844,
        "PinOwnerID":2120383188
      },
      "TargetPinAddress":{
        "PinID":7,
        "PinOwnerID":1309740237
      },
      "ConnectionType":0,
      "ConnectedWireIndex":-1,
      "ConnectedWireSegmentIndex":-1,
      "Points":[{"x":0.0,"y":0.0},{"x":0.0,"y":0.0}]
    },
    {
      "SourcePinAddress":{
        "PinID":774234844,
        "PinOwnerID":1525956134
      },
      "TargetPinAddress":{
        "PinID":6,
        "PinOwnerID":1309740237
      },
      "ConnectionType":0,
      "ConnectedWireIndex":-1,
      "ConnectedWireSegmentIndex":-1,
      "Points":[{"x":0.0,"y":0.0},{"x":0.0,"y":0.0}]
    },
    {
      "SourcePinAddress":{
        "PinID":774234844,
        "PinOwnerID":1212079483
      },
      "TargetPinAddress":{
        "PinID":5,
        "PinOwnerID":1309740237
      },
      "ConnectionType":0,
      "ConnectedWireIndex":-1,
      "ConnectedWireSegmentIndex":-1,
      "Points":[{"x":0.0,"y":0.0},{"x":0.0,"y":0.0}]
    },
    {
      "SourcePinAddress":{
        "PinID":774234844,
        "PinOwnerID":140919803
      },
      "TargetPinAddress":{
        "PinID":4,
        "PinOwnerID":1309740237
      },
      "ConnectionType":0,
      "ConnectedWireIndex":-1,
      "ConnectedWireSegmentIndex":-1,
      "Points":[{"x":0.0,"y":0.0},{"x":0.0,"y":0.0}]
    },
    {
      "SourcePinAddress":{
        "PinID":774234844,
        "PinOwnerID":672502235
      },
      "TargetPinAddress":{
        "PinID":3,
        "PinOwnerID":1309740237
      },
      "ConnectionType":0,
      "ConnectedWireIndex":-1,
      "ConnectedWireSegmentIndex":-1,
      "Points":[{"x":0.0,"y":0.0},{"x":0.0,"y":0.0}]
    },
    {
      "SourcePinAddress":{
        "PinID":774234844,
        "PinOwnerID":1287534922
      },
      "TargetPinAddress":{
        "PinID":2,
        "PinOwnerID":1309740237
      },
      "ConnectionType":0,
      "ConnectedWireIndex":-1,
      "ConnectedWireSegmentIndex":-1,
      "Points":[{"x":0.0,"y":0.0},{"x":0.0,"y":0.0}]
    },
    {
      "SourcePinAddress":{
        "PinID":774234844,
        "PinOwnerID":811523737
      },
      "TargetPinAddress":{
        "PinID":1,
        "PinOwnerID":1309740237
      },
      "ConnectionType":0,
      "ConnectedWireIndex":-1,
      "ConnectedWireSegmentIndex":-1,
      "Points":[{"x":0.0,"y":0.0},{"x":0.0,"y":0.0}]
    },
    {
      "SourcePinAddress":{
        "PinID":774234844,
        "PinOwnerID":1544803980
      },
      "TargetPinAddress":{
        "PinID":0,
        "PinOwnerID":1309740237
      },
      "ConnectionType":0,
      "ConnectedWireIndex":-1,
      "ConnectedWireSegmentIndex":-1,
      "Points":[{"x":0.0,"y":0.0},{"x":0.0,"y":0.0}]
    },
    {
      "SourcePinAddress":{
        "PinID":1,
        "PinOwnerID":871921452
      },
      "TargetPinAddress":{
        "PinID":311273003,
        "PinOwnerID":1544803980
      },
      "ConnectionType":0,
      "ConnectedWireIndex":-1,
      "ConnectedWireSegmentIndex":-1,
      "Points":[{"x":0.0,"y":0.0},{"x":0.0,"y":0.0}]
    },
    {
      "SourcePinAddress":{
        "PinID":2,
        "PinOwnerID":871921452
      },
      "TargetPinAddress":{
        "PinID":311273003,
        "PinOwnerID":811523737
      },
      "ConnectionType":0,
      "ConnectedWireIndex":-1,
      "ConnectedWireSegmentIndex":-1,
      "Points":[{"x":0.0,"y":0.0},{"x":0.0,"y":0.0}]
    },
    {
      "SourcePinAddress":{
        "PinID":3,
        "PinOwnerID":871921452
      },
      "TargetPinAddress":{
        "PinID":311273003,
        "PinOwnerID":1287534922
      },
      "ConnectionType":0,
      "ConnectedWireIndex":-1,
      "ConnectedWireSegmentIndex":-1,
      "Points":[{"x":0.0,"y":0.0},{"x":0.0,"y":0.0}]
    },
    {
      "SourcePinAddress":{
        "PinID":4,
        "PinOwnerID":871921452
      },
      "TargetPinAddress":{
        "PinID":311273003,
        "PinOwnerID":672502235
      },
      "ConnectionType":0,
      "ConnectedWireIndex":-1,
      "ConnectedWireSegmentIndex":-1,
      "Points":[{"x":0.0,"y":0.0},{"x":0.0,"y":0.0}]
    },
    {
      "SourcePinAddress":{
        "PinID":5,
        "PinOwnerID":871921452
      },
      "TargetPinAddress":{
        "PinID":311273003,
        "PinOwnerID":140919803
      },
      "ConnectionType":0,
      "ConnectedWireIndex":-1,
      "ConnectedWireSegmentIndex":-1,
      "Points":[{"x":0.0,"y":0.0},{"x":0.0,"y":0.0}]
    },
    {
      "SourcePinAddress":{
        "PinID":6,
        "PinOwnerID":871921452
      },
      "TargetPinAddress":{
        "PinID":311273003,
        "PinOwnerID":1212079483
      },
      "ConnectionType":0,
      "ConnectedWireIndex":-1,
      "ConnectedWireSegmentIndex":-1,
      "Points":[{"x":0.0,"y":0.0},{"x":0.0,"y":0.0}]
    },
    {
      "SourcePinAddress":{
        "PinID":7,
        "PinOwnerID":871921452
      },
      "TargetPinAddress":{
        "PinID":311273003,
        "PinOwnerID":1525956134
      },
      "ConnectionType":0,
      "ConnectedWireIndex":-1,
      "ConnectedWireSegmentIndex":-1,
      "Points":[{"x":0.0,"y":0.0},{"x":0.0,"y":0.0}]
    },
    {
      "SourcePinAddress":{
        "PinID":8,
        "PinOwnerID":871921452
      },
      "TargetPinAddress":{
        "PinID":311273003,
        "PinOwnerID":2120383188
      },
      "ConnectionType":0,
      "ConnectedWireIndex":-1,
      "ConnectedWireSegmentIndex":-1,
      "Points":[{"x":0.0,"y":0.0},{"x":0.0,"y":0.0}]
    },
    {
      "SourcePinAddress":{
        "PinID":0,
        "PinOwnerID":430708985
      },
      "TargetPinAddress":{
        "PinID":0,
        "PinOwnerID":871921452
      },
      "ConnectionType":0,
      "ConnectedWireIndex":-1,
      "ConnectedWireSegmentIndex":-1,
      "Points":[{"x":0.0,"y":0.0},{"x":0.0,"y":0.0}]
    }
  ],
  "Displays": null
}