{
  "DLSVersion": "2.1.6",
  "Name": "ALU ROM",
  "NameLocation": 0,
  "ChipType": 0,
  "Size": {
    "x": 1.025,
    "y": 2.5
  },
  "Colour": {
    "r": 0.302676231,
    "g": 0.161658,
    "b": 0.279142559,
    "a": 1
  },
  "InputPins":[
    {
      "Name":"ADD",
      "ID":1915565162,
      "Position":{
        "x":-3.625,
        "y":2.875
      },
      "BitCount":1,
      "Colour":0,
      "ValueDisplayMode":0
    },
    {
      "Name":"SUB",
      "ID":1857429683,
      "Position":{
        "x":-3.625,
        "y":2.375
      },
      "BitCount":1,
      "Colour":0,
      "ValueDisplayMode":0
    },
    {
      "Name":"AND",
      "ID":701170623,
      "Position":{
        "x":-3.625,
        "y":1.875
      },
      "BitCount":1,
      "Colour":0,
      "ValueDisplayMode":0
    },
    {
      "Name":"NAND",
      "ID":1401183531,
      "Position":{
        "x":-3.625,
        "y":1.375
      },
      "BitCount":1,
      "Colour":0,
      "ValueDisplayMode":0
    },
    {
      "Name":"OR",
      "ID":1126200609,
      "Position":{
        "x":-3.625,
        "y":0.875
      },
      "BitCount":1,
      "Colour":0,
      "ValueDisplayMode":0
    },
    {
      "Name":"NOR",
      "ID":785838478,
      "Position":{
        "x":-3.625,
        "y":0.375
      },
      "BitCount":1,
      "Colour":0,
      "ValueDisplayMode":0
    },
    {
      "Name":"XOR",
      "ID":1318338733,
      "Position":{
        "x":-3.625,
        "y":-0.125
      },
      "BitCount":1,
      "Colour":0,
      "ValueDisplayMode":0
    },
    {
      "Name":"XNOR",
      "ID":1946250101,
      "Position":{
        "x":-3.625,
        "y":-0.625
      },
      "BitCount":1,
      "Colour":0,
      "ValueDisplayMode":0
    },
    {
      "Name":"IMPLIES",
      "ID":630025101,
      "Position":{
        "x":-3.625,
        "y":-1.125
      },
      "BitCount":1,
      "Colour":0,
      "ValueDisplayMode":0
    },
    {
      "Name":"NIMPLIES",
      "ID":249581119,
      "Position":{
        "x":-3.625,
        "y":-1.625
      },
      "BitCount":1,
      "Colour":0,
      "ValueDisplayMode":0
    }
  ],
  "OutputPins":[
    {
      "Name":"!A",
      "ID":1327153872,
      "Position":{
        "x":9.75,
        "y":3.95544
      },
      "BitCount":1,
      "Colour":0,
      "ValueDisplayMode":0
    },
    {
      "Name":"!B",
      "ID":264470663,
      "Position":{
        "x":9.75,
        "y":2.68798
      },
      "BitCount":1,
      "Colour":0,
      "ValueDisplayMode":0
    },
    {
      "Name":"Cin",
      "ID":1516292304,
      "Position":{
        "x":9.75,
        "y":1.27334
      },
      "BitCount":1,
      "Colour":0,
      "ValueDisplayMode":0
    },
    {
      "Name":"FC",
      "ID":516719668,
      "Position":{
        "x":9.75,
        "y":-0.07822
      },
      "BitCount":1,
      "Colour":0,
      "ValueDisplayMode":0
    },
    {
      "Name":"XOR to OR",
      "ID":1239766044,
      "Position":{
        "x":9.75,
        "y":-1.60851
      },
      "BitCount":1,
      "Colour":0,
      "ValueDisplayMode":0
    }
  ],
  "SubChips":[
    {
      "Name":"OR",
      "ID":1756802263,
      "Label":"",
      "Position":{
        "x":6.97193,
        "y":2.52211
      },
      "OutputPinColourInfo":[{"PinColour":0,"PinID":1797483099}],
      "InternalData":null
    },
    {
      "Name":"OR",
      "ID":295170445,
      "Label":"",
      "Position":{
        "x":7.7225,
        "y":2.6875
      },
      "OutputPinColourInfo":[{"PinColour":0,"PinID":1797483099}],
      "InternalData":null
    },
    {
      "Name":"OR",
      "ID":1547545364,
      "Label":"",
      "Position":{
        "x":6.97111,
        "y":3.09941
      },
      "OutputPinColourInfo":[{"PinColour":0,"PinID":1797483099}],
      "InternalData":null
    },
    {
      "Name":"OR",
      "ID":1407362039,
      "Label":"",
      "Position":{
        "x":6.9725,
        "y":4.33549
      },
      "OutputPinColourInfo":[{"PinColour":0,"PinID":1797483099}],
      "InternalData":null
    },
    {
      "Name":"OR",
      "ID":1199898019,
      "Label":"",
      "Position":{
        "x":6.9725,
        "y":3.77299
      },
      "OutputPinColourInfo":[{"PinColour":0,"PinID":1797483099}],
      "InternalData":null
    },
    {
      "Name":"OR",
      "ID":169214948,
      "Label":"",
      "Position":{
        "x":7.7225,
        "y":3.96049
      },
      "OutputPinColourInfo":[{"PinColour":0,"PinID":1797483099}],
      "InternalData":null
    },
    {
      "Name":"OR",
      "ID":1874706469,
      "Label":"",
      "Position":{
        "x":7.8475,
        "y":-0.0625
      },
      "OutputPinColourInfo":[{"PinColour":0,"PinID":1797483099}],
      "InternalData":null
    },
    {
      "Name":"OR",
      "ID":638595448,
      "Label":"",
      "Position":{
        "x":7.0975,
        "y":-0.25
      },
      "OutputPinColourInfo":[{"PinColour":0,"PinID":1797483099}],
      "InternalData":null
    },
    {
      "Name":"OR",
      "ID":2105787133,
      "Label":"",
      "Position":{
        "x":7.0975,
        "y":0.3125
      },
      "OutputPinColourInfo":[{"PinColour":0,"PinID":1797483099}],
      "InternalData":null
    },
    {
      "Name":"OR",
      "ID":1632321891,
      "Label":"",
      "Position":{
        "x":6.35283,
        "y":-0.56355
      },
      "OutputPinColourInfo":[{"PinColour":0,"PinID":1797483099}],
      "InternalData":null
    },
    {
      "Name":"OR",
      "ID":1972849533,
      "Label":"",
      "Position":{
        "x":7.8475,
        "y":-1.625
      },
      "OutputPinColourInfo":[{"PinColour":0,"PinID":1797483099}],
      "InternalData":null
    },
    {
      "Name":"OR",
      "ID":94176927,
      "Label":"",
      "Position":{
        "x":7.0975,
        "y":-1.8125
      },
      "OutputPinColourInfo":[{"PinColour":0,"PinID":1797483099}],
      "InternalData":null
    },
    {
      "Name":"OR",
      "ID":1771092156,
      "Label":"",
      "Position":{
        "x":7.0975,
        "y":-1.25
      },
      "OutputPinColourInfo":[{"PinColour":0,"PinID":1797483099}],
      "InternalData":null
    },
    {
      "Name":"OR",
      "ID":2120624042,
      "Label":"",
      "Position":{
        "x":6.3475,
        "y":-2.24737
      },
      "OutputPinColourInfo":[{"PinColour":0,"PinID":1797483099}],
      "InternalData":null
    },
    {
      "Name":"OR",
      "ID":1480624724,
      "Label":"",
      "Position":{
        "x":6.3475,
        "y":-1.6875
      },
      "OutputPinColourInfo":[{"PinColour":0,"PinID":1797483099}],
      "InternalData":null
    }
  ],
  "Wires":[
    {
      "SourcePinAddress":{
        "PinID":1797483099,
        "PinOwnerID":295170445
      },
      "TargetPinAddress":{
        "PinID":0,
        "PinOwnerID":264470663
      },
      "ConnectionType":0,
      "ConnectedWireIndex":-1,
      "ConnectedWireSegmentIndex":-1,
      "Points":[{"x":0.0,"y":0.0},{"x":0.0,"y":0.0}]
    },
    {
      "SourcePinAddress":{
        "PinID":0,
        "PinOwnerID":1857429683
      },
      "TargetPinAddress":{
        "PinID":1101441429,
        "PinOwnerID":1756802263
      },
      "ConnectionType":0,
      "ConnectedWireIndex":-1,
      "ConnectedWireSegmentIndex":-1,
      "Points":[{"x":0.0,"y":0.0},{"x":0.0,"y":0.0}]
    },
    {
      "SourcePinAddress":{
        "PinID":1797483099,
        "PinOwnerID":1756802263
      },
      "TargetPinAddress":{
        "PinID":1101441429,
        "PinOwnerID":295170445
      },
      "ConnectionType":0,
      "ConnectedWireIndex":-1,
      "ConnectedWireSegmentIndex":-1,
      "Points":[{"x":0.0,"y":0.0},{"x":0.0,"y":0.0}]
    },
    {
      "SourcePinAddress":{
        "PinID":0,
        "PinOwnerID":1857429683
      },
      "TargetPinAddress":{
        "PinID":0,
        "PinOwnerID":1516292304
      },
      "ConnectionType":1,
      "ConnectedWireIndex":1,
      "ConnectedWireSegmentIndex":0,
      "Points":[{"x":-1.66026,"y":2.37779},{"x":-1.66016,"y":1.27334},{"x":0.0,"y":0.0}]
    },
    {
      "SourcePinAddress":{
        "PinID":1797483099,
        "PinOwnerID":1547545364
      },
      "TargetPinAddress":{
        "PinID":1660214207,
        "PinOwnerID":295170445
      },
      "ConnectionType":0,
      "ConnectedWireIndex":-1,
      "ConnectedWireSegmentIndex":-1,
      "Points":[{"x":0.0,"y":0.0},{"x":0.0,"y":0.0}]
    },
    {
      "SourcePinAddress":{
        "PinID":1797483099,
        "PinOwnerID":1199898019
      },
      "TargetPinAddress":{
        "PinID":1101441429,
        "PinOwnerID":169214948
      },
      "ConnectionType":0,
      "ConnectedWireIndex":-1,
      "ConnectedWireSegmentIndex":-1,
      "Points":[{"x":0.0,"y":0.0},{"x":0.0,"y":0.0}]
    },
    {
      "SourcePinAddress":{
        "PinID":1797483099,
        "PinOwnerID":1407362039
      },
      "TargetPinAddress":{
        "PinID":1660214207,
        "PinOwnerID":169214948
      },
      "ConnectionType":0,
      "ConnectedWireIndex":-1,
      "ConnectedWireSegmentIndex":-1,
      "Points":[{"x":0.0,"y":0.0},{"x":0.0,"y":0.0}]
    },
    {
      "SourcePinAddress":{
        "PinID":1797483099,
        "PinOwnerID":638595448
      },
      "TargetPinAddress":{
        "PinID":1101441429,
        "PinOwnerID":1874706469
      },
      "ConnectionType":0,
      "ConnectedWireIndex":-1,
      "ConnectedWireSegmentIndex":-1,
      "Points":[{"x":0.0,"y":0.0},{"x":0.0,"y":0.0}]
    },
    {
      "SourcePinAddress":{
        "PinID":1797483099,
        "PinOwnerID":2105787133
      },
      "TargetPinAddress":{
        "PinID":1660214207,
        "PinOwnerID":1874706469
      },
      "ConnectionType":0,
      "ConnectedWireIndex":-1,
      "ConnectedWireSegmentIndex":-1,
      "Points":[{"x":0.0,"y":0.0},{"x":0.0,"y":0.0}]
    },
    {
      "SourcePinAddress":{
        "PinID":1797483099,
        "PinOwnerID":1632321891
      },
      "TargetPinAddress":{
        "PinID":1101441429,
        "PinOwnerID":638595448
      },
      "ConnectionType":0,
      "ConnectedWireIndex":-1,
      "ConnectedWireSegmentIndex":-1,
      "Points":[{"x":0.0,"y":0.0},{"x":0.0,"y":0.0}]
    },
    {
      "SourcePinAddress":{
        "PinID":1797483099,
        "PinOwnerID":94176927
      },
      "TargetPinAddress":{
        "PinID":1101441429,
        "PinOwnerID":1972849533
      },
      "ConnectionType":0,
      "ConnectedWireIndex":-1,
      "ConnectedWireSegmentIndex":-1,
      "Points":[{"x":0.0,"y":0.0},{"x":0.0,"y":0.0}]
    },
    {
      "SourcePinAddress":{
        "PinID":1797483099,
        "PinOwnerID":1771092156
      },
      "TargetPinAddress":{
        "PinID":1660214207,
        "PinOwnerID":1972849533
      },
      "ConnectionType":0,
      "ConnectedWireIndex":-1,
      "ConnectedWireSegmentIndex":-1,
      "Points":[{"x":0.0,"y":0.0},{"x":0.0,"y":0.0}]
    },
    {
      "SourcePinAddress":{
        "PinID":1797483099,
        "PinOwnerID":2120624042
      },
      "TargetPinAddress":{
        "PinID":1101441429,
        "PinOwnerID":94176927
      },
      "ConnectionType":0,
      "ConnectedWireIndex":-1,
      "ConnectedWireSegmentIndex":-1,
      "Points":[{"x":0.0,"y":0.0},{"x":0.0,"y":0.0}]
    },
    {
      "SourcePinAddress":{
        "PinID":1797483099,
        "PinOwnerID":1480624724
      },
      "TargetPinAddress":{
        "PinID":1660214207,
        "PinOwnerID":94176927
      },
      "ConnectionType":0,
      "ConnectedWireIndex":-1,
      "ConnectedWireSegmentIndex":-1,
      "Points":[{"x":0.0,"y":0.0},{"x":0.0,"y":0.0}]
    },
    {
      "SourcePinAddress":{
        "PinID":0,
        "PinOwnerID":701170623
      },
      "TargetPinAddress":{
        "PinID":1660214207,
        "PinOwnerID":1407362039
      },
      "ConnectionType":0,
      "ConnectedWireIndex":-1,
      "ConnectedWireSegmentIndex":-1,
      "Points":[{"x":0.0,"y":0.0},{"x":-1.48295,"y":1.875},{"x":-1.48295,"y":4.4779},{"x":0.0,"y":0.0}]
    },
    {
      "SourcePinAddress":{
        "PinID":0,
        "PinOwnerID":701170623
      },
      "TargetPinAddress":{
        "PinID":1660214207,
        "PinOwnerID":1547545364
      },
      "ConnectionType":1,
      "ConnectedWireIndex":14,
      "ConnectedWireSegmentIndex":1,
      "Points":[{"x":-1.48295,"y":3.22441},{"x":0.0,"y":0.0}]
    },
    {
      "SourcePinAddress":{
        "PinID":0,
        "PinOwnerID":701170623
      },
      "TargetPinAddress":{
        "PinID":1660214207,
        "PinOwnerID":2105787133
      },
      "ConnectionType":1,
      "ConnectedWireIndex":14,
      "ConnectedWireSegmentIndex":1,
      "Points":[{"x":-1.48295,"y":1.87936},{"x":-1.48295,"y":0.72657},{"x":-1.48295,"y":0.55134},{"x":-1.48295,"y":0.45912},{"x":0.0,"y":0.0}]
    },
    {
      "SourcePinAddress":{
        "PinID":0,
        "PinOwnerID":701170623
      },
      "TargetPinAddress":{
        "PinID":1660214207,
        "PinOwnerID":1771092156
      },
      "ConnectionType":1,
      "ConnectedWireIndex":16,
      "ConnectedWireSegmentIndex":2,
      "Points":[{"x":-1.48295,"y":0.45912},{"x":-1.48295,"y":-0.84382},{"x":-1.48295,"y":-1.00131},{"x":-1.48295,"y":-1.1588},{"x":0.0,"y":0.0}]
    },
    {
      "SourcePinAddress":{
        "PinID":1797483099,
        "PinOwnerID":1874706469
      },
      "TargetPinAddress":{
        "PinID":0,
        "PinOwnerID":516719668
      },
      "ConnectionType":0,
      "ConnectedWireIndex":-1,
      "ConnectedWireSegmentIndex":-1,
      "Points":[{"x":0.0,"y":0.0},{"x":0.0,"y":0.0}]
    },
    {
      "SourcePinAddress":{
        "PinID":1797483099,
        "PinOwnerID":1972849533
      },
      "TargetPinAddress":{
        "PinID":0,
        "PinOwnerID":1239766044
      },
      "ConnectionType":0,
      "ConnectedWireIndex":-1,
      "ConnectedWireSegmentIndex":-1,
      "Points":[{"x":0.0,"y":0.0},{"x":0.0,"y":0.0}]
    },
    {
      "SourcePinAddress":{
        "PinID":1797483099,
        "PinOwnerID":169214948
      },
      "TargetPinAddress":{
        "PinID":0,
        "PinOwnerID":1327153872
      },
      "ConnectionType":0,
      "ConnectedWireIndex":-1,
      "ConnectedWireSegmentIndex":-1,
      "Points":[{"x":0.0,"y":0.0},{"x":0.0,"y":0.0}]
    },
    {
      "SourcePinAddress":{
        "PinID":0,
        "PinOwnerID":1401183531
      },
      "TargetPinAddress":{
        "PinID":1101441429,
        "PinOwnerID":1407362039
      },
      "ConnectionType":0,
      "ConnectedWireIndex":-1,
      "ConnectedWireSegmentIndex":-1,
      "Points":[{"x":0.0,"y":0.0},{"x":-1.33148,"y":1.375},{"x":-1.33148,"y":4.19145},{"x":0.0,"y":0.0}]
    },
    {
      "SourcePinAddress":{
        "PinID":0,
        "PinOwnerID":1401183531
      },
      "TargetPinAddress":{
        "PinID":1101441429,
        "PinOwnerID":1547545364
      },
      "ConnectionType":1,
      "ConnectedWireIndex":21,
      "ConnectedWireSegmentIndex":1,
      "Points":[{"x":-1.33148,"y":2.97441},{"x":0.0,"y":0.0}]
    },
    {
      "SourcePinAddress":{
        "PinID":0,
        "PinOwnerID":1401183531
      },
      "TargetPinAddress":{
        "PinID":1101441429,
        "PinOwnerID":1771092156
      },
      "ConnectionType":1,
      "ConnectedWireIndex":21,
      "ConnectedWireSegmentIndex":0,
      "Points":[{"x":-1.33148,"y":1.375},{"x":-1.31947,"y":-1.375},{"x":-1.26028,"y":-1.375},{"x":0.0,"y":0.0}]
    },
    {
      "SourcePinAddress":{
        "PinID":0,
        "PinOwnerID":1126200609
      },
      "TargetPinAddress":{
        "PinID":1660214207,
        "PinOwnerID":1480624724
      },
      "ConnectionType":0,
      "ConnectedWireIndex":-1,
      "ConnectedWireSegmentIndex":-1,
      "Points":[{"x":0.0,"y":0.0},{"x":-1.1896,"y":0.875},{"x":-1.1896,"y":-1.53826},{"x":0.0,"y":0.0}]
    },
    {
      "SourcePinAddress":{
        "PinID":0,
        "PinOwnerID":785838478
      },
      "TargetPinAddress":{
        "PinID":1101441429,
        "PinOwnerID":1480624724
      },
      "ConnectionType":0,
      "ConnectedWireIndex":-1,
      "ConnectedWireSegmentIndex":-1,
      "Points":[{"x":0.0,"y":0.0},{"x":-1.09151,"y":0.375},{"x":-1.09151,"y":-1.74162},{"x":-1.09151,"y":-1.81371},{"x":0.0,"y":0.0}]
    },
    {
      "SourcePinAddress":{
        "PinID":0,
        "PinOwnerID":785838478
      },
      "TargetPinAddress":{
        "PinID":1101441429,
        "PinOwnerID":2105787133
      },
      "ConnectionType":1,
      "ConnectedWireIndex":25,
      "ConnectedWireSegmentIndex":1,
      "Points":[{"x":-1.09151,"y":0.1875},{"x":0.0,"y":0.0}]
    },
    {
      "SourcePinAddress":{
        "PinID":0,
        "PinOwnerID":1318338733
      },
      "TargetPinAddress":{
        "PinID":1660214207,
        "PinOwnerID":1756802263
      },
      "ConnectionType":0,
      "ConnectedWireIndex":-1,
      "ConnectedWireSegmentIndex":-1,
      "Points":[{"x":0.0,"y":0.0},{"x":-0.98708,"y":-0.125},{"x":-0.98708,"y":2.67995},{"x":0.0,"y":0.0}]
    },
    {
      "SourcePinAddress":{
        "PinID":0,
        "PinOwnerID":1318338733
      },
      "TargetPinAddress":{
        "PinID":1660214207,
        "PinOwnerID":638595448
      },
      "ConnectionType":1,
      "ConnectedWireIndex":27,
      "ConnectedWireSegmentIndex":0,
      "Points":[{"x":-0.98708,"y":-0.125},{"x":0.0,"y":0.0}]
    },
    {
      "SourcePinAddress":{
        "PinID":0,
        "PinOwnerID":1946250101
      },
      "TargetPinAddress":{
        "PinID":1660214207,
        "PinOwnerID":1632321891
      },
      "ConnectionType":0,
      "ConnectedWireIndex":-1,
      "ConnectedWireSegmentIndex":-1,
      "Points":[{"x":0.0,"y":0.0},{"x":-0.87843,"y":-0.64982},{"x":-0.87843,"y":-0.43855},{"x":0.0,"y":0.0}]
    },
    {
      "SourcePinAddress":{
        "PinID":0,
        "PinOwnerID":630025101
      },
      "TargetPinAddress":{
        "PinID":1660214207,
        "PinOwnerID":1199898019
      },
      "ConnectionType":0,
      "ConnectedWireIndex":-1,
      "ConnectedWireSegmentIndex":-1,
      "Points":[{"x":0.0,"y":0.0},{"x":-0.76918,"y":-1.125},{"x":-0.76918,"y":3.88809},{"x":0.0,"y":0.0}]
    },
    {
      "SourcePinAddress":{
        "PinID":0,
        "PinOwnerID":630025101
      },
      "TargetPinAddress":{
        "PinID":1660214207,
        "PinOwnerID":2120624042
      },
      "ConnectionType":1,
      "ConnectedWireIndex":30,
      "ConnectedWireSegmentIndex":1,
      "Points":[{"x":-0.76918,"y":-1.10132},{"x":-0.77679,"y":-2.12237},{"x":-0.75841,"y":-2.12237},{"x":-0.74463,"y":-2.12237},{"x":0.0,"y":0.0}]
    },
    {
      "SourcePinAddress":{
        "PinID":0,
        "PinOwnerID":249581119
      },
      "TargetPinAddress":{
        "PinID":1101441429,
        "PinOwnerID":1199898019
      },
      "ConnectionType":0,
      "ConnectedWireIndex":-1,
      "ConnectedWireSegmentIndex":-1,
      "Points":[{"x":0.0,"y":0.0},{"x":-0.60346,"y":-1.625},{"x":-0.60346,"y":3.61901},{"x":0.0,"y":0.0}]
    },
    {
      "SourcePinAddress":{
        "PinID":0,
        "PinOwnerID":249581119
      },
      "TargetPinAddress":{
        "PinID":1101441429,
        "PinOwnerID":2120624042
      },
      "ConnectionType":1,
      "ConnectedWireIndex":32,
      "ConnectedWireSegmentIndex":0,
      "Points":[{"x":-0.60346,"y":-1.625},{"x":-0.60346,"y":-2.30287},{"x":-0.60346,"y":-2.39467},{"x":0.0,"y":0.0}]
    },
    {
      "SourcePinAddress":{
        "PinID":0,
        "PinOwnerID":249581119
      },
      "TargetPinAddress":{
        "PinID":1101441429,
        "PinOwnerID":1632321891
      },
      "ConnectionType":1,
      "ConnectedWireIndex":32,
      "ConnectedWireSegmentIndex":1,
      "Points":[{"x":-0.60346,"y":-0.68855},{"x":0.0,"y":0.0}]
    }
  ],
  "Displays": null
}