{
  "DLSVersion": "2.1.6",
  "Name": "ALU",
  "NameLocation": 0,
  "ChipType": 0,
  "Size": {
    "x": 3.29518,
    "y": 6.75
  },
  "Colour": {
    "r": 0.8412194,
    "g": 0.377333164,
    "b": 0.07093539,
    "a": 1
  },
  "InputPins":[
    {
      "Name":"A",
      "ID":851250238,
      "Position":{
        "x":10.625,
        "y":-5.9375
      },
      "BitCount":1,
      "Colour":0,
      "ValueDisplayMode":0
    },
    {
      "Name":"A",
      "ID":135495624,
      "Position":{
        "x":10.625,
        "y":-6.4375
      },
      "BitCount":1,
      "Colour":0,
      "ValueDisplayMode":0
    },
    {
      "Name":"A",
      "ID":668800817,
      "Position":{
        "x":10.625,
        "y":-6.9375
      },
      "BitCount":1,
      "Colour":0,
      "ValueDisplayMode":0
    },
    {
      "Name":"A",
      "ID":1248706239,
      "Position":{
        "x":10.625,
        "y":-7.4375
      },
      "BitCount":1,
      "Colour":0,
      "ValueDisplayMode":0
    },
    {
      "Name":"A",
      "ID":1995282984,
      "Position":{
        "x":10.625,
        "y":-7.9375
      },
      "BitCount":1,
      "Colour":0,
      "ValueDisplayMode":0
    },
    {
      "Name":"A",
      "ID":641864603,
      "Position":{
        "x":10.625,
        "y":-8.4375
      },
      "BitCount":1,
      "Colour":0,
      "ValueDisplayMode":0
    },
    {
      "Name":"A",
      "ID":565895635,
      "Position":{
        "x":10.625,
        "y":-8.9375
      },
      "BitCount":1,
      "Colour":0,
      "ValueDisplayMode":0
    },
    {
      "Name":"A",
      "ID":1718411652,
      "Position":{
        "x":10.625,
        "y":-9.4375
      },
      "BitCount":1,
      "Colour":0,
      "ValueDisplayMode":0
    },
    {
      "Name":"B",
      "ID":8243490,
      "Position":{
        "x":10.625,
        "y":-10.6875
      },
      "BitCount":1,
      "Colour":0,
      "ValueDisplayMode":0
    },
    {
      "Name":"B",
      "ID":624833215,
      "Position":{
        "x":10.625,
        "y":-11.1875
      },
      "BitCount":1,
      "Colour":0,
      "ValueDisplayMode":0
    },
    {
      "Name":"B",
      "ID":1764582560,
      "Position":{
        "x":10.625,
        "y":-11.6875
      },
      "BitCount":1,
      "Colour":0,
      "ValueDisplayMode":0
    },
    {
      "Name":"B",
      "ID":521719607,
      "Position":{
        "x":10.625,
        "y":-12.1875
      },
      "BitCount":1,
      "Colour":0,
      "ValueDisplayMode":0
    },
    {
      "Name":"B",
      "ID":716345893,
      "Position":{
        "x":10.625,
        "y":-12.6875
      },
      "BitCount":1,
      "Colour":0,
      "ValueDisplayMode":0
    },
    {
      "Name":"B",
      "ID":1138407015,
      "Position":{
        "x":10.625,
        "y":-13.1875
      },
      "BitCount":1,
      "Colour":0,
      "ValueDisplayMode":0
    },
    {
      "Name":"B",
      "ID":1929085004,
      "Position":{
        "x":10.625,
        "y":-13.6875
      },
      "BitCount":1,
      "Colour":0,
      "ValueDisplayMode":0
    },
    {
      "Name":"B",
      "ID":1122093120,
      "Position":{
        "x":10.625,
        "y":-14.1875
      },
      "BitCount":1,
      "Colour":0,
      "ValueDisplayMode":0
    },
    {
      "Name":"!A",
      "ID":1965816106,
      "Position":{
        "x":10.625,
        "y":-17.75
      },
      "BitCount":1,
      "Colour":0,
      "ValueDisplayMode":0
    },
    {
      "Name":"!B",
      "ID":272138488,
      "Position":{
        "x":10.625,
        "y":-18.25
      },
      "BitCount":1,
      "Colour":0,
      "ValueDisplayMode":0
    },
    {
      "Name":"Cin",
      "ID":86320792,
      "Position":{
        "x":10.625,
        "y":-18.75
      },
      "BitCount":1,
      "Colour":0,
      "ValueDisplayMode":0
    },
    {
      "Name":"FC",
      "ID":1921048275,
      "Position":{
        "x":10.625,
        "y":-19.25
      },
      "BitCount":1,
      "Colour":0,
      "ValueDisplayMode":0
    },
    {
      "Name":"XOR to OR",
      "ID":243163505,
      "Position":{
        "x":10.625,
        "y":-19.75
      },
      "BitCount":1,
      "Colour":0,
      "ValueDisplayMode":0
    },
    {
      "Name":"RShift",
      "ID":517246017,
      "Position":{
        "x":10.625,
        "y":-20.25
      },
      "BitCount":1,
      "Colour":0,
      "ValueDisplayMode":0
    }
  ],
  "OutputPins":[
    {
      "Name":"Carry Flag",
      "ID":1457797590,
      "Position":{
        "x":28.81006,
        "y":-5.3354799999999996
      },
      "BitCount":1,
      "Colour":0,
      "ValueDisplayMode":0
    },
    {
      "Name":"Zero Flag",
      "ID":2066815931,
      "Position":{
        "x":28.83604,
        "y":-5.96537
      },
      "BitCount":1,
      "Colour":0,
      "ValueDisplayMode":0
    },
    {
      "Name":"OUT",
      "ID":1947102655,
      "Position":{
        "x":21.625,
        "y":-7.0625
      },
      "BitCount":1,
      "Colour":0,
      "ValueDisplayMode":0
    },
    {
      "Name":"OUT",
      "ID":2100133005,
      "Position":{
        "x":21.625,
        "y":-7.5625
      },
      "BitCount":1,
      "Colour":0,
      "ValueDisplayMode":0
    },
    {
      "Name":"OUT",
      "ID":405946869,
      "Position":{
        "x":21.625,
        "y":-8.0625
      },
      "BitCount":1,
      "Colour":0,
      "ValueDisplayMode":0
    },
    {
      "Name":"OUT",
      "ID":170725222,
      "Position":{
        "x":21.625,
        "y":-8.5625
      },
      "BitCount":1,
      "Colour":0,
      "ValueDisplayMode":0
    },
    {
      "Name":"OUT",
      "ID":677935410,
      "Position":{
        "x":21.625,
        "y":-9.0625
      },
      "BitCount":1,
      "Colour":0,
      "ValueDisplayMode":0
    },
    {
      "Name":"OUT",
      "ID":757073311,
      "Position":{
        "x":21.625,
        "y":-9.5625
      },
      "BitCount":1,
      "Colour":0,
      "ValueDisplayMode":0
    },
    {
      "Name":"OUT",
      "ID":511887115,
      "Position":{
        "x":21.625,
        "y":-10.0625
      },
      "BitCount":1,
      "Colour":0,
      "ValueDisplayMode":0
    },
    {
      "Name":"OUT",
      "ID":695660422,
      "Position":{
        "x":21.625,
        "y":-10.5625
      },
      "BitCount":1,
      "Colour":0,
      "ValueDisplayMode":0
    }
  ],
  "SubChips":[
    {
      "Name":"ALU Operations",
      "ID":411983100,
      "Label":"",
      "Position":{
        "x":17.73124,
        "y":-10.75
      },
      "OutputPinColourInfo":[{"PinColour":0,"PinID":19946653},{"PinColour":0,"PinID":542467474},{"PinColour":0,"PinID":1969900464},{"PinColour":0,"PinID":442747321},{"PinColour":0,"PinID":326904166},{"PinColour":0,"PinID":1479854295},{"PinColour":0,"PinID":1044915011},{"PinColour":0,"PinID":926751571},{"PinColour":0,"PinID":1649312880}],
      "InternalData":null
    },
    {
      "Name":"OR",
      "ID":2076150816,
      "Label":"",
      "Position":{
        "x":22.16992,
        "y":-4.57929
      },
      "OutputPinColourInfo":[{"PinColour":0,"PinID":1797483099}],
      "InternalData":null
    },
    {
      "Name":"OR",
      "ID":1006374435,
      "Label":"",
      "Position":{
        "x":22.16992,
        "y":-5.20929
      },
      "OutputPinColourInfo":[{"PinColour":0,"PinID":1797483099}],
      "InternalData":null
    },
    {
      "Name":"OR",
      "ID":576852553,
      "Label":"",
      "Position":{
        "x":22.16992,
        "y":-5.83929
      },
      "OutputPinColourInfo":[{"PinColour":0,"PinID":1797483099}],
      "InternalData":null
    },
    {
      "Name":"OR",
      "ID":649393918,
      "Label":"",
      "Position":{
        "x":22.16992,
        "y":-6.46929
      },
      "OutputPinColourInfo":[{"PinColour":0,"PinID":1797483099}],
      "InternalData":null
    },
    {
      "Name":"OR",
      "ID":1259045105,
      "Label":"",
      "Position":{
        "x":23.05001,
        "y":-5.83795
      },
      "OutputPinColourInfo":[{"PinColour":0,"PinID":1797483099}],
      "InternalData":null
    },
    {
      "Name":"OR",
      "ID":94230819,
      "Label":"",
      "Position":{
        "x":23.05001,
        "y":-5.20795
      },
      "OutputPinColourInfo":[{"PinColour":0,"PinID":1797483099}],
      "InternalData":null
    },
    {
      "Name":"OR",
      "ID":1061898106,
      "Label":"",
      "Position":{
        "x":23.84713,
        "y":-5.5582
      },
      "OutputPinColourInfo":[{"PinColour":0,"PinID":1797483099}],
      "InternalData":null
    },
    {
      "Name":"NOT",
      "ID":1770668349,
      "Label":"",
      "Position":{
        "x":24.77711,
        "y":-5.98092
      },
      "OutputPinColourInfo":[{"PinColour":0,"PinID":14895395}],
      "InternalData":null
    }
  ],
  "Wires":[
    {
      "SourcePinAddress":{
        "PinID":0,
        "PinOwnerID":851250238
      },
      "TargetPinAddress":{
        "PinID":287080880,
        "PinOwnerID":411983100
      },
      "ConnectionType":0,
      "ConnectedWireIndex":-1,
      "ConnectedWireSegmentIndex":-1,
      "Points":[{"x":0.0,"y":0.0},{"x":0.0,"y":0.0}]
    },
    {
      "SourcePinAddress":{
        "PinID":0,
        "PinOwnerID":135495624
      },
      "TargetPinAddress":{
        "PinID":1954925298,
        "PinOwnerID":411983100
      },
      "ConnectionType":0,
      "ConnectedWireIndex":-1,
      "ConnectedWireSegmentIndex":-1,
      "Points":[{"x":0.0,"y":0.0},{"x":0.0,"y":0.0}]
    },
    {
      "SourcePinAddress":{
        "PinID":0,
        "PinOwnerID":668800817
      },
      "TargetPinAddress":{
        "PinID":2015603116,
        "PinOwnerID":411983100
      },
      "ConnectionType":0,
      "ConnectedWireIndex":-1,
      "ConnectedWireSegmentIndex":-1,
      "Points":[{"x":0.0,"y":0.0},{"x":0.0,"y":0.0}]
    },
    {
      "SourcePinAddress":{
        "PinID":0,
        "PinOwnerID":1248706239
      },
      "TargetPinAddress":{
        "PinID":1895125039,
        "PinOwnerID":411983100
      },
      "ConnectionType":0,
      "ConnectedWireIndex":-1,
      "ConnectedWireSegmentIndex":-1,
      "Points":[{"x":0.0,"y":0.0},{"x":0.0,"y":0.0}]
    },
    {
      "SourcePinAddress":{
        "PinID":0,
        "PinOwnerID":1995282984
      },
      "TargetPinAddress":{
        "PinID":345361868,
        "PinOwnerID":411983100
      },
      "ConnectionType":0,
      "ConnectedWireIndex":-1,
      "ConnectedWireSegmentIndex":-1,
      "Points":[{"x":0.0,"y":0.0},{"x":0.0,"y":0.0}]
    },
    {
      "SourcePinAddress":{
        "PinID":0,
        "PinOwnerID":641864603
      },
      "TargetPinAddress":{
        "PinID":645643806,
        "PinOwnerID":411983100
      },
      "ConnectionType":0,
      "ConnectedWireIndex":-1,
      "ConnectedWireSegmentIndex":-1,
      "Points":[{"x":0.0,"y":0.0},{"x":0.0,"y":0.0}]
    },
    {
      "SourcePinAddress":{
        "PinID":0,
        "PinOwnerID":565895635
      },
      "TargetPinAddress":{
        "PinID":1651252123,
        "PinOwnerID":411983100
      },
      "ConnectionType":0,
      "ConnectedWireIndex":-1,
      "ConnectedWireSegmentIndex":-1,
      "Points":[{"x":0.0,"y":0.0},{"x":0.0,"y":0.0}]
    },
    {
      "SourcePinAddress":{
        "PinID":0,
        "PinOwnerID":1718411652
      },
      "TargetPinAddress":{
        "PinID":172410977,
        "PinOwnerID":411983100
      },
      "ConnectionType":0,
      "ConnectedWireIndex":-1,
      "ConnectedWireSegmentIndex":-1,
      "Points":[{"x":0.0,"y":0.0},{"x":0.0,"y":0.0}]
    },
    {
      "SourcePinAddress":{
        "PinID":0,
        "PinOwnerID":8243490
      },
      "TargetPinAddress":{
        "PinID":322410730,
        "PinOwnerID":411983100
      },
      "ConnectionType":0,
      "ConnectedWireIndex":-1,
      "ConnectedWireSegmentIndex":-1,
      "Points":[{"x":0.0,"y":0.0},{"x":0.0,"y":0.0}]
    },
    {
      "SourcePinAddress":{
        "PinID":0,
        "PinOwnerID":624833215
      },
      "TargetPinAddress":{
        "PinID":377859401,
        "PinOwnerID":411983100
      },
      "ConnectionType":0,
      "ConnectedWireIndex":-1,
      "ConnectedWireSegmentIndex":-1,
      "Points":[{"x":0.0,"y":0.0},{"x":0.0,"y":0.0}]
    },
    {
      "SourcePinAddress":{
        "PinID":0,
        "PinOwnerID":1764582560
      },
      "TargetPinAddress":{
        "PinID":1230410013,
        "PinOwnerID":411983100
      },
      "ConnectionType":0,
      "ConnectedWireIndex":-1,
      "ConnectedWireSegmentIndex":-1,
      "Points":[{"x":0.0,"y":0.0},{"x":0.0,"y":0.0}]
    },
    {
      "SourcePinAddress":{
        "PinID":0,
        "PinOwnerID":521719607
      },
      "TargetPinAddress":{
        "PinID":1299681870,
        "PinOwnerID":411983100
      },
      "ConnectionType":0,
      "ConnectedWireIndex":-1,
      "ConnectedWireSegmentIndex":-1,
      "Points":[{"x":0.0,"y":0.0},{"x":0.0,"y":0.0}]
    },
    {
      "SourcePinAddress":{
        "PinID":0,
        "PinOwnerID":716345893
      },
      "TargetPinAddress":{
        "PinID":862103881,
        "PinOwnerID":411983100
      },
      "ConnectionType":0,
      "ConnectedWireIndex":-1,
      "ConnectedWireSegmentIndex":-1,
      "Points":[{"x":0.0,"y":0.0},{"x":0.0,"y":0.0}]
    },
    {
      "SourcePinAddress":{
        "PinID":0,
        "PinOwnerID":1138407015
      },
      "TargetPinAddress":{
        "PinID":460186456,
        "PinOwnerID":411983100
      },
      "ConnectionType":0,
      "ConnectedWireIndex":-1,
      "ConnectedWireSegmentIndex":-1,
      "Points":[{"x":0.0,"y":0.0},{"x":0.0,"y":0.0}]
    },
    {
      "SourcePinAddress":{
        "PinID":0,
        "PinOwnerID":1929085004
      },
      "TargetPinAddress":{
        "PinID":2060099911,
        "PinOwnerID":411983100
      },
      "ConnectionType":0,
      "ConnectedWireIndex":-1,
      "ConnectedWireSegmentIndex":-1,
      "Points":[{"x":0.0,"y":0.0},{"x":0.0,"y":0.0}]
    },
    {
      "SourcePinAddress":{
        "PinID":0,
        "PinOwnerID":1122093120
      },
      "TargetPinAddress":{
        "PinID":1060503093,
        "PinOwnerID":411983100
      },
      "ConnectionType":0,
      "ConnectedWireIndex":-1,
      "ConnectedWireSegmentIndex":-1,
      "Points":[{"x":0.0,"y":0.0},{"x":0.0,"y":0.0}]
    },
    {
      "SourcePinAddress":{
        "PinID":542467474,
        "PinOwnerID":411983100
      },
      "TargetPinAddress":{
        "PinID":0,
        "PinOwnerID":1947102655
      },
      "ConnectionType":0,
      "ConnectedWireIndex":-1,
      "ConnectedWireSegmentIndex":-1,
      "Points":[{"x":0.0,"y":0.0},{"x":0.0,"y":0.0}]
    },
    {
      "SourcePinAddress":{
        "PinID":1969900464,
        "PinOwnerID":411983100
      },
      "TargetPinAddress":{
        "PinID":0,
        "PinOwnerID":2100133005
      },
      "ConnectionType":0,
      "ConnectedWireIndex":-1,
      "ConnectedWireSegmentIndex":-1,
      "Points":[{"x":0.0,"y":0.0},{"x":0.0,"y":0.0}]
    },
    {
      "SourcePinAddress":{
        "PinID":442747321,
        "PinOwnerID":411983100
      },
      "TargetPinAddress":{
        "PinID":0,
        "PinOwnerID":405946869
      },
      "ConnectionType":0,
      "ConnectedWireIndex":-1,
      "ConnectedWireSegmentIndex":-1,
      "Points":[{"x":0.0,"y":0.0},{"x":0.0,"y":0.0}]
    },
    {
      "SourcePinAddress":{
        "PinID":326904166,
        "PinOwnerID":411983100
      },
      "TargetPinAddress":{
        "PinID":0,
        "PinOwnerID":170725222
      },
      "ConnectionType":0,
      "ConnectedWireIndex":-1,
      "ConnectedWireSegmentIndex":-1,
      "Points":[{"x":0.0,"y":0.0},{"x":0.0,"y":0.0}]
    },
    {
      "SourcePinAddress":{
        "PinID":1479854295,
        "PinOwnerID":411983100
      },
      "TargetPinAddress":{
        "PinID":0,
        "PinOwnerID":677935410
      },
      "ConnectionType":0,
      "ConnectedWireIndex":-1,
      "ConnectedWireSegmentIndex":-1,
      "Points":[{"x":0.0,"y":0.0},{"x":0.0,"y":0.0}]
    },
    {
      "SourcePinAddress":{
        "PinID":1044915011,
        "PinOwnerID":411983100
      },
      "TargetPinAddress":{
        "PinID":0,
        "PinOwnerID":757073311
      },
      "ConnectionType":0,
      "ConnectedWireIndex":-1,
      "ConnectedWireSegmentIndex":-1,
      "Points":[{"x":0.0,"y":0.0},{"x":0.0,"y":0.0}]
    },
    {
      "SourcePinAddress":{
        "PinID":926751571,
        "PinOwnerID":411983100
      },
      "TargetPinAddress":{
        "PinID":0,
        "PinOwnerID":511887115
      },
      "ConnectionType":0,
      "ConnectedWireIndex":-1,
      "ConnectedWireSegmentIndex":-1,
      "Points":[{"x":0.0,"y":0.0},{"x":0.0,"y":0.0}]
    },
    {
      "SourcePinAddress":{
        "PinID":1649312880,
        "PinOwnerID":411983100
      },
      "TargetPinAddress":{
        "PinID":0,
        "PinOwnerID":695660422
      },
      "ConnectionType":0,
      "ConnectedWireIndex":-1,
      "ConnectedWireSegmentIndex":-1,
      "Points":[{"x":0.0,"y":0.0},{"x":0.0,"y":0.0}]
    },
    {
      "SourcePinAddress":{
        "PinID":0,
        "PinOwnerID":517246017
      },
      "TargetPinAddress":{
        "PinID":920584029,
        "PinOwnerID":411983100
      },
      "ConnectionType":0,
      "ConnectedWireIndex":-1,
      "ConnectedWireSegmentIndex":-1,
      "Points":[{"x":0.0,"y":0.0},{"x":15.5986,"y":-20.25},{"x":15.70528,"y":-20.25},{"x":15.70528,"y":-15.63888},{"x":0.0,"y":0.0}]
    },
    {
      "SourcePinAddress":{
        "PinID":0,
        "PinOwnerID":1965816106
      },
      "TargetPinAddress":{
        "PinID":1374707682,
        "PinOwnerID":411983100
      },
      "ConnectionType":0,
      "ConnectedWireIndex":-1,
      "ConnectedWireSegmentIndex":-1,
      "Points":[{"x":0.0,"y":0.0},{"x":0.0,"y":0.0}]
    },
    {
      "SourcePinAddress":{
        "PinID":0,
        "PinOwnerID":272138488
      },
      "TargetPinAddress":{
        "PinID":629540074,
        "PinOwnerID":411983100
      },
      "ConnectionType":0,
      "ConnectedWireIndex":-1,
      "ConnectedWireSegmentIndex":-1,
      "Points":[{"x":0.0,"y":0.0},{"x":0.0,"y":0.0}]
    },
    {
      "SourcePinAddress":{
        "PinID":0,
        "PinOwnerID":86320792
      },
      "TargetPinAddress":{
        "PinID":1676412954,
        "PinOwnerID":411983100
      },
      "ConnectionType":0,
      "ConnectedWireIndex":-1,
      "ConnectedWireSegmentIndex":-1,
      "Points":[{"x":0.0,"y":0.0},{"x":0.0,"y":0.0}]
    },
    {
      "SourcePinAddress":{
        "PinID":0,
        "PinOwnerID":1921048275
      },
      "TargetPinAddress":{
        "PinID":816246589,
        "PinOwnerID":411983100
      },
      "ConnectionType":0,
      "ConnectedWireIndex":-1,
      "ConnectedWireSegmentIndex":-1,
      "Points":[{"x":0.0,"y":0.0},{"x":0.0,"y":0.0}]
    },
    {
      "SourcePinAddress":{
        "PinID":0,
        "PinOwnerID":243163505
      },
      "TargetPinAddress":{
        "PinID":1523227700,
        "PinOwnerID":411983100
      },
      "ConnectionType":0,
      "ConnectedWireIndex":-1,
      "ConnectedWireSegmentIndex":-1,
      "Points":[{"x":0.0,"y":0.0},{"x":0.0,"y":0.0}]
    },
    {
      "SourcePinAddress":{
        "PinID":542467474,
        "PinOwnerID":411983100
      },
      "TargetPinAddress":{
        "PinID":1660214207,
        "PinOwnerID":2076150816
      },
      "ConnectionType":1,
      "ConnectedWireIndex":16,
      "ConnectedWireSegmentIndex":0,
      "Points":[{"x":20.16982,"y":-7.07962},{"x":20.16982,"y":-4.46239},{"x":0.0,"y":0.0}]
    },
    {
      "SourcePinAddress":{
        "PinID":1969900464,
        "PinOwnerID":411983100
      },
      "TargetPinAddress":{
        "PinID":1101441429,
        "PinOwnerID":2076150816
      },
      "ConnectionType":1,
      "ConnectedWireIndex":17,
      "ConnectedWireSegmentIndex":0,
      "Points":[{"x":20.2716,"y":-7.91399},{"x":20.2716,"y":-4.72217},{"x":0.0,"y":0.0}]
    },
    {
      "SourcePinAddress":{
        "PinID":442747321,
        "PinOwnerID":411983100
      },
      "TargetPinAddress":{
        "PinID":1660214207,
        "PinOwnerID":1006374435
      },
      "ConnectionType":1,
      "ConnectedWireIndex":18,
      "ConnectedWireSegmentIndex":0,
      "Points":[{"x":20.38723,"y":-8.61892},{"x":20.38723,"y":-5.0716},{"x":0.0,"y":0.0}]
    },
    {
      "SourcePinAddress":{
        "PinID":326904166,
        "PinOwnerID":411983100
      },
      "TargetPinAddress":{
        "PinID":1101441429,
        "PinOwnerID":1006374435
      },
      "ConnectionType":1,
      "ConnectedWireIndex":19,
      "ConnectedWireSegmentIndex":0,
      "Points":[{"x":20.49064,"y":-9.21553},{"x":20.49064,"y":-5.35288},{"x":0.0,"y":0.0}]
    },
    {
      "SourcePinAddress":{
        "PinID":1479854295,
        "PinOwnerID":411983100
      },
      "TargetPinAddress":{
        "PinID":1660214207,
        "PinOwnerID":576852553
      },
      "ConnectionType":1,
      "ConnectedWireIndex":20,
      "ConnectedWireSegmentIndex":0,
      "Points":[{"x":20.57978,"y":-9.72887},{"x":20.59826,"y":-5.71429},{"x":0.0,"y":0.0}]
    },
    {
      "SourcePinAddress":{
        "PinID":1044915011,
        "PinOwnerID":411983100
      },
      "TargetPinAddress":{
        "PinID":1101441429,
        "PinOwnerID":576852553
      },
      "ConnectionType":1,
      "ConnectedWireIndex":21,
      "ConnectedWireSegmentIndex":0,
      "Points":[{"x":20.69938,"y":-10.05696},{"x":20.6828,"y":-5.96429},{"x":20.70695,"y":-5.96429},{"x":0.0,"y":0.0}]
    },
    {
      "SourcePinAddress":{
        "PinID":926751571,
        "PinOwnerID":411983100
      },
      "TargetPinAddress":{
        "PinID":1660214207,
        "PinOwnerID":649393918
      },
      "ConnectionType":1,
      "ConnectedWireIndex":22,
      "ConnectedWireSegmentIndex":0,
      "Points":[{"x":20.75985,"y":-10.450989999999999},{"x":20.75526,"y":-6.34429},{"x":0.0,"y":0.0}]
    },
    {
      "SourcePinAddress":{
        "PinID":1649312880,
        "PinOwnerID":411983100
      },
      "TargetPinAddress":{
        "PinID":1101441429,
        "PinOwnerID":649393918
      },
      "ConnectionType":1,
      "ConnectedWireIndex":23,
      "ConnectedWireSegmentIndex":0,
      "Points":[{"x":20.79161,"y":-10.89039},{"x":20.81565,"y":-6.59429},{"x":0.0,"y":0.0}]
    },
    {
      "SourcePinAddress":{
        "PinID":1797483099,
        "PinOwnerID":2076150816
      },
      "TargetPinAddress":{
        "PinID":1660214207,
        "PinOwnerID":94230819
      },
      "ConnectionType":0,
      "ConnectedWireIndex":-1,
      "ConnectedWireSegmentIndex":-1,
      "Points":[{"x":0.0,"y":0.0},{"x":0.0,"y":0.0}]
    },
    {
      "SourcePinAddress":{
        "PinID":1797483099,
        "PinOwnerID":1006374435
      },
      "TargetPinAddress":{
        "PinID":1101441429,
        "PinOwnerID":94230819
      },
      "ConnectionType":0,
      "ConnectedWireIndex":-1,
      "ConnectedWireSegmentIndex":-1,
      "Points":[{"x":0.0,"y":0.0},{"x":0.0,"y":0.0}]
    },
    {
      "SourcePinAddress":{
        "PinID":1797483099,
        "PinOwnerID":576852553
      },
      "TargetPinAddress":{
        "PinID":1660214207,
        "PinOwnerID":1259045105
      },
      "ConnectionType":0,
      "ConnectedWireIndex":-1,
      "ConnectedWireSegmentIndex":-1,
      "Points":[{"x":0.0,"y":0.0},{"x":0.0,"y":0.0}]
    },
    {
      "SourcePinAddress":{
        "PinID":1797483099,
        "PinOwnerID":649393918
      },
      "TargetPinAddress":{
        "PinID":1101441429,
        "PinOwnerID":1259045105
      },
      "ConnectionType":0,
      "ConnectedWireIndex":-1,
      "ConnectedWireSegmentIndex":-1,
      "Points":[{"x":0.0,"y":0.0},{"x":0.0,"y":0.0}]
    },
    {
      "SourcePinAddress":{
        "PinID":1797483099,
        "PinOwnerID":94230819
      },
      "TargetPinAddress":{
        "PinID":1660214207,
        "PinOwnerID":1061898106
      },
      "ConnectionType":0,
      "ConnectedWireIndex":-1,
      "ConnectedWireSegmentIndex":-1,
      "Points":[{"x":0.0,"y":0.0},{"x":0.0,"y":0.0}]
    },
    {
      "SourcePinAddress":{
        "PinID":1797483099,
        "PinOwnerID":1259045105
      },
      "TargetPinAddress":{
        "PinID":1101441429,
        "PinOwnerID":1061898106
      },
      "ConnectionType":0,
      "ConnectedWireIndex":-1,
      "ConnectedWireSegmentIndex":-1,
      "Points":[{"x":0.0,"y":0.0},{"x":0.0,"y":0.0}]
    },
    {
      "SourcePinAddress":{
        "PinID":1797483099,
        "PinOwnerID":1061898106
      },
      "TargetPinAddress":{
        "PinID":2030901329,
        "PinOwnerID":1770668349
      },
      "ConnectionType":0,
      "ConnectedWireIndex":-1,
      "ConnectedWireSegmentIndex":-1,
      "Points":[{"x":0.0,"y":0.0},{"x":0.0,"y":0.0}]
    },
    {
      "SourcePinAddress":{
        "PinID":14895395,
        "PinOwnerID":1770668349
      },
      "TargetPinAddress":{
        "PinID":0,
        "PinOwnerID":2066815931
      },
      "ConnectionType":0,
      "ConnectedWireIndex":-1,
      "ConnectedWireSegmentIndex":-1,
      "Points":[{"x":0.0,"y":0.0},{"x":0.0,"y":0.0}]
    },
    {
      "SourcePinAddress":{
        "PinID":19946653,
        "PinOwnerID":411983100
      },
      "TargetPinAddress":{
        "PinID":0,
        "PinOwnerID":1457797590
      },
      "ConnectionType":0,
      "ConnectedWireIndex":-1,
      "ConnectedWireSegmentIndex":-1,
      "Points":[{"x":0.0,"y":0.0},{"x":24.15605,"y":-5.875},{"x":24.15605,"y":-5.33334},{"x":0.0,"y":0.0}]
    }
  ],
  "Displays":[]
}