{
  "DLSVersion": "2.1.6",
  "Name": "AND",
  "NameLocation": 0,
  "ChipType": 0,
  "Size": {
    "x": 0.575,
    "y": 0.5
  },
  "Colour": {
    "r": 0.864976346,
    "g": 0.9035079,
    "b": 0.104507864,
    "a": 1
  },
  "InputPins":[
    {
      "Name":"IN",
      "ID":1116648463,
      "Position":{
        "x":-2.97174,
        "y":-1.79449
      },
      "BitCount":1,
      "Colour":0,
      "ValueDisplayMode":0
    },
    {
      "Name":"IN",
      "ID":707504547,
      "Position":{
        "x":-2.97174,
        "y":-2.30949
      },
      "BitCount":1,
      "Colour":0,
      "ValueDisplayMode":0
    }
  ],
  "OutputPins":[
    {
      "Name":"OUT",
      "ID":1931642737,
      "Position":{
        "x":1.625,
        "y":-2.0625
      },
      "BitCount":1,
      "Colour":0,
      "ValueDisplayMode":0
    }
  ],
  "SubChips":[
    {
      "Name":"NAND",
      "ID":1078428862,
      "Label":"",
      "Position":{
        "x":-1.0163,
        "y":-2.05477
      },
      "OutputPinColourInfo":[{"PinColour":0,"PinID":2}],
      "InternalData":null
    },
    {
      "Name":"NOT",
      "ID":1789212667,
      "Label":"",
      "Position":{
        "x":0.185,
        "y":-2.06144
      },
      "OutputPinColourInfo":[{"PinColour":0,"PinID":14895395}],
      "InternalData":null
    }
  ],
  "Wires":[
    {
      "SourcePinAddress":{
        "PinID":14895395,
        "PinOwnerID":1789212667
      },
      "TargetPinAddress":{
        "PinID":0,
        "PinOwnerID":1931642737
      },
      "ConnectionType":0,
      "ConnectedWireIndex":-1,
      "ConnectedWireSegmentIndex":-1,
      "Points":[{"x":0.0,"y":0.0},{"x":0.0,"y":0.0}]
    },
    {
      "SourcePinAddress":{
        "PinID":2,
        "PinOwnerID":1078428862
      },
      "TargetPinAddress":{
        "PinID":2030901329,
        "PinOwnerID":1789212667
      },
      "ConnectionType":0,
      "ConnectedWireIndex":-1,
      "ConnectedWireSegmentIndex":-1,
      "Points":[{"x":0.0,"y":0.0},{"x":0.0,"y":0.0}]
    },
    {
      "SourcePinAddress":{
        "PinID":0,
        "PinOwnerID":1116648463
      },
      "TargetPinAddress":{
        "PinID":0,
        "PinOwnerID":1078428862
      },
      "ConnectionType":0,
      "ConnectedWireIndex":-1,
      "ConnectedWireSegmentIndex":-1,
      "Points":[{"x":0.0,"y":0.0},{"x":0.0,"y":0.0}]
    },
    {
      "SourcePinAddress":{
        "PinID":0,
        "PinOwnerID":707504547
      },
      "TargetPinAddress":{
        "PinID":1,
        "PinOwnerID":1078428862
      },
      "ConnectionType":0,
      "ConnectedWireIndex":-1,
      "ConnectedWireSegmentIndex":-1,
      "Points":[{"x":0.0,"y":0.0},{"x":0.0,"y":0.0}]
    }
  ],
  "Displays": null
}