{
  "DLSVersion": "2.1.6",
  "Name": "BCD to 7SegDis",
  "NameLocation": 0,
  "ChipType": 0,
  "Size": {
    "x": 1.25,
    "y": 1.75
  },
  "Colour": {
    "r": 0.314747721,
    "g": 0.3948722,
    "b": 0.547707736,
    "a": 1
  },
  "InputPins":[
    {
      "Name":"IN",
      "ID":696182640,
      "Position":{
        "x":0.85018,
        "y":5.4375
      },
      "BitCount":1,
      "Colour":0,
      "ValueDisplayMode":0
    },
    {
      "Name":"IN",
      "ID":1325852371,
      "Position":{
        "x":0.85018,
        "y":4.9375
      },
      "BitCount":1,
      "Colour":0,
      "ValueDisplayMode":0
    },
    {
      "Name":"IN",
      "ID":1138259833,
      "Position":{
        "x":0.85018,
        "y":4.4375
      },
      "BitCount":1,
      "Colour":0,
      "ValueDisplayMode":0
    },
    {
      "Name":"IN",
      "ID":921331946,
      "Position":{
        "x":0.87435,
        "y":3.88916
      },
      "BitCount":1,
      "Colour":0,
      "ValueDisplayMode":0
    }
  ],
  "OutputPins":[
    {
      "Name":"OUT",
      "ID":965281170,
      "Position":{
        "x":20.75,
        "y":0.0
      },
      "BitCount":1,
      "Colour":0,
      "ValueDisplayMode":0
    },
    {
      "Name":"OUT",
      "ID":588793998,
      "Position":{
        "x":20.75,
        "y":-0.5
      },
      "BitCount":1,
      "Colour":0,
      "ValueDisplayMode":0
    },
    {
      "Name":"OUT",
      "ID":1328485871,
      "Position":{
        "x":20.75,
        "y":-1.0
      },
      "BitCount":1,
      "Colour":0,
      "ValueDisplayMode":0
    },
    {
      "Name":"OUT",
      "ID":1868796165,
      "Position":{
        "x":20.75,
        "y":-1.5
      },
      "BitCount":1,
      "Colour":0,
      "ValueDisplayMode":0
    },
    {
      "Name":"OUT",
      "ID":1110988285,
      "Position":{
        "x":20.75,
        "y":-2.0
      },
      "BitCount":1,
      "Colour":0,
      "ValueDisplayMode":0
    },
    {
      "Name":"OUT",
      "ID":1167685808,
      "Position":{
        "x":20.75,
        "y":-2.5
      },
      "BitCount":1,
      "Colour":0,
      "ValueDisplayMode":0
    },
    {
      "Name":"OUT",
      "ID":1532370275,
      "Position":{
        "x":20.75,
        "y":-3.0
      },
      "BitCount":1,
      "Colour":0,
      "ValueDisplayMode":0
    }
  ],
  "SubChips":[
    {
      "Name":"7-SEGMENT",
      "ID":712924115,
      "Label":"",
      "Position":{
        "x":20.20362,
        "y":3.84313
      },
      "OutputPinColourInfo":[],
      "InternalData":null
    },
    {
      "Name":"4OR",
      "ID":1704619191,
      "Label":"",
      "Position":{
        "x":15.9225,
        "y":5.1875
      },
      "OutputPinColourInfo":[{"PinColour":0,"PinID":1949838215}],
      "InternalData":null
    },
    {
      "Name":"4OR",
      "ID":1701668346,
      "Label":"",
      "Position":{
        "x":15.94004,
        "y":2.9634
      },
      "OutputPinColourInfo":[{"PinColour":0,"PinID":1949838215}],
      "InternalData":null
    },
    {
      "Name":"4OR",
      "ID":1730562476,
      "Label":"",
      "Position":{
        "x":15.9225,
        "y":-1.625
      },
      "OutputPinColourInfo":[{"PinColour":0,"PinID":1949838215}],
      "InternalData":null
    },
    {
      "Name":"4OR",
      "ID":1214141376,
      "Label":"",
      "Position":{
        "x":15.9225,
        "y":0.625
      },
      "OutputPinColourInfo":[{"PinColour":0,"PinID":1949838215}],
      "InternalData":null
    },
    {
      "Name":"4OR",
      "ID":686804340,
      "Label":"",
      "Position":{
        "x":15.9225,
        "y":-4.14062
      },
      "OutputPinColourInfo":[{"PinColour":0,"PinID":1949838215}],
      "InternalData":null
    },
    {
      "Name":"4OR",
      "ID":1457895527,
      "Label":"",
      "Position":{
        "x":15.9225,
        "y":-8.75
      },
      "OutputPinColourInfo":[{"PinColour":0,"PinID":1949838215}],
      "InternalData":null
    },
    {
      "Name":"4OR",
      "ID":1841786828,
      "Label":"",
      "Position":{
        "x":15.9225,
        "y":-6.5
      },
      "OutputPinColourInfo":[{"PinColour":0,"PinID":1949838215}],
      "InternalData":null
    },
    {
      "Name":"4B Decoder",
      "ID":1981933006,
      "Label":"",
      "Position":{
        "x":3.5663,
        "y":4.7627
      },
      "OutputPinColourInfo":[{"PinColour":0,"PinID":1404769235},{"PinColour":0,"PinID":433954246},{"PinColour":0,"PinID":1436785699},{"PinColour":0,"PinID":2103781888},{"PinColour":0,"PinID":1209982256},{"PinColour":0,"PinID":1543097180},{"PinColour":0,"PinID":1465865019},{"PinColour":0,"PinID":1715469414},{"PinColour":0,"PinID":99834322},{"PinColour":0,"PinID":968512665},{"PinColour":0,"PinID":1130521592},{"PinColour":0,"PinID":1579930571},{"PinColour":0,"PinID":776340343},{"PinColour":0,"PinID":1866607612},{"PinColour":0,"PinID":409777183},{"PinColour":0,"PinID":198933704}],
      "InternalData":null
    },
    {
      "Name":"4OR",
      "ID":1466033596,
      "Label":"",
      "Position":{
        "x":15.07483,
        "y":3.75871
      },
      "OutputPinColourInfo":[{"PinColour":0,"PinID":1949838215}],
      "InternalData":null
    },
    {
      "Name":"4OR",
      "ID":250757437,
      "Label":"",
      "Position":{
        "x":15.00343,
        "y":1.46074
      },
      "OutputPinColourInfo":[{"PinColour":0,"PinID":1949838215}],
      "InternalData":null
    },
    {
      "Name":"4OR",
      "ID":1607275356,
      "Label":"",
      "Position":{
        "x":15.01844,
        "y":6.04964
      },
      "OutputPinColourInfo":[{"PinColour":0,"PinID":1949838215}],
      "InternalData":null
    },
    {
      "Name":"4OR",
      "ID":1205175554,
      "Label":"",
      "Position":{
        "x":14.97909,
        "y":-0.8239
      },
      "OutputPinColourInfo":[{"PinColour":0,"PinID":1949838215}],
      "InternalData":null
    },
    {
      "Name":"4OR",
      "ID":1509086590,
      "Label":"",
      "Position":{
        "x":15.07389,
        "y":-7.87355
      },
      "OutputPinColourInfo":[{"PinColour":0,"PinID":1949838215}],
      "InternalData":null
    },
    {
      "Name":"4OR",
      "ID":863386463,
      "Label":"",
      "Position":{
        "x":14.95954,
        "y":-5.67765
      },
      "OutputPinColourInfo":[{"PinColour":0,"PinID":1949838215}],
      "InternalData":null
    },
    {
      "Name":"4OR",
      "ID":1609684626,
      "Label":"",
      "Position":{
        "x":14.05628,
        "y":2.24158
      },
      "OutputPinColourInfo":[{"PinColour":0,"PinID":1949838215}],
      "InternalData":null
    },
    {
      "Name":"4OR",
      "ID":2145954188,
      "Label":"",
      "Position":{
        "x":14.15917,
        "y":6.87213
      },
      "OutputPinColourInfo":[{"PinColour":0,"PinID":1949838215}],
      "InternalData":null
    },
    {
      "Name":"4OR",
      "ID":50059168,
      "Label":"",
      "Position":{
        "x":14.06231,
        "y":4.47201
      },
      "OutputPinColourInfo":[{"PinColour":0,"PinID":1949838215}],
      "InternalData":null
    },
    {
      "Name":"4OR",
      "ID":1811958784,
      "Label":"",
      "Position":{
        "x":14.96161,
        "y":-3.36291
      },
      "OutputPinColourInfo":[{"PinColour":0,"PinID":1949838215}],
      "InternalData":null
    }
  ],
  "Wires":[
    {
      "SourcePinAddress":{
        "PinID":1949838215,
        "PinOwnerID":1704619191
      },
      "TargetPinAddress":{
        "PinID":0,
        "PinOwnerID":712924115
      },
      "ConnectionType":0,
      "ConnectedWireIndex":-1,
      "ConnectedWireSegmentIndex":-1,
      "Points":[{"x":0.0,"y":0.0},{"x":0.0,"y":0.0}]
    },
    {
      "SourcePinAddress":{
        "PinID":1949838215,
        "PinOwnerID":1701668346
      },
      "TargetPinAddress":{
        "PinID":1,
        "PinOwnerID":712924115
      },
      "ConnectionType":0,
      "ConnectedWireIndex":-1,
      "ConnectedWireSegmentIndex":-1,
      "Points":[{"x":0.0,"y":0.0},{"x":0.0,"y":0.0}]
    },
    {
      "SourcePinAddress":{
        "PinID":1949838215,
        "PinOwnerID":1214141376
      },
      "TargetPinAddress":{
        "PinID":2,
        "PinOwnerID":712924115
      },
      "ConnectionType":0,
      "ConnectedWireIndex":-1,
      "ConnectedWireSegmentIndex":-1,
      "Points":[{"x":0.0,"y":0.0},{"x":0.0,"y":0.0}]
    },
    {
      "SourcePinAddress":{
        "PinID":1949838215,
        "PinOwnerID":1730562476
      },
      "TargetPinAddress":{
        "PinID":3,
        "PinOwnerID":712924115
      },
      "ConnectionType":0,
      "ConnectedWireIndex":-1,
      "ConnectedWireSegmentIndex":-1,
      "Points":[{"x":0.0,"y":0.0},{"x":0.0,"y":0.0}]
    },
    {
      "SourcePinAddress":{
        "PinID":1949838215,
        "PinOwnerID":686804340
      },
      "TargetPinAddress":{
        "PinID":4,
        "PinOwnerID":712924115
      },
      "ConnectionType":0,
      "ConnectedWireIndex":-1,
      "ConnectedWireSegmentIndex":-1,
      "Points":[{"x":0.0,"y":0.0},{"x":0.0,"y":0.0}]
    },
    {
      "SourcePinAddress":{
        "PinID":1949838215,
        "PinOwnerID":1841786828
      },
      "TargetPinAddress":{
        "PinID":5,
        "PinOwnerID":712924115
      },
      "ConnectionType":0,
      "ConnectedWireIndex":-1,
      "ConnectedWireSegmentIndex":-1,
      "Points":[{"x":0.0,"y":0.0},{"x":0.0,"y":0.0}]
    },
    {
      "SourcePinAddress":{
        "PinID":1949838215,
        "PinOwnerID":1457895527
      },
      "TargetPinAddress":{
        "PinID":6,
        "PinOwnerID":712924115
      },
      "ConnectionType":0,
      "ConnectedWireIndex":-1,
      "ConnectedWireSegmentIndex":-1,
      "Points":[{"x":0.0,"y":0.0},{"x":0.0,"y":0.0}]
    },
    {
      "SourcePinAddress":{
        "PinID":0,
        "PinOwnerID":696182640
      },
      "TargetPinAddress":{
        "PinID":1320436228,
        "PinOwnerID":1981933006
      },
      "ConnectionType":0,
      "ConnectedWireIndex":-1,
      "ConnectedWireSegmentIndex":-1,
      "Points":[{"x":0.0,"y":0.0},{"x":0.0,"y":0.0}]
    },
    {
      "SourcePinAddress":{
        "PinID":0,
        "PinOwnerID":1325852371
      },
      "TargetPinAddress":{
        "PinID":1918171363,
        "PinOwnerID":1981933006
      },
      "ConnectionType":0,
      "ConnectedWireIndex":-1,
      "ConnectedWireSegmentIndex":-1,
      "Points":[{"x":0.0,"y":0.0},{"x":0.0,"y":0.0}]
    },
    {
      "SourcePinAddress":{
        "PinID":0,
        "PinOwnerID":1138259833
      },
      "TargetPinAddress":{
        "PinID":530670645,
        "PinOwnerID":1981933006
      },
      "ConnectionType":0,
      "ConnectedWireIndex":-1,
      "ConnectedWireSegmentIndex":-1,
      "Points":[{"x":0.0,"y":0.0},{"x":0.0,"y":0.0}]
    },
    {
      "SourcePinAddress":{
        "PinID":0,
        "PinOwnerID":921331946
      },
      "TargetPinAddress":{
        "PinID":507415663,
        "PinOwnerID":1981933006
      },
      "ConnectionType":0,
      "ConnectedWireIndex":-1,
      "ConnectedWireSegmentIndex":-1,
      "Points":[{"x":0.0,"y":0.0},{"x":0.0,"y":0.0}]
    },
    {
      "SourcePinAddress":{
        "PinID":198933704,
        "PinOwnerID":1981933006
      },
      "TargetPinAddress":{
        "PinID":930515347,
        "PinOwnerID":1730562476
      },
      "ConnectionType":0,
      "ConnectedWireIndex":-1,
      "ConnectedWireSegmentIndex":-1,
      "Points":[{"x":0.0,"y":0.0},{"x":4.74715,"y":2.91554},{"x":4.74715,"y":-2.0},{"x":0.0,"y":0.0}]
    },
    {
      "SourcePinAddress":{
        "PinID":198933704,
        "PinOwnerID":1981933006
      },
      "TargetPinAddress":{
        "PinID":1678651094,
        "PinOwnerID":1841786828
      },
      "ConnectionType":1,
      "ConnectedWireIndex":11,
      "ConnectedWireSegmentIndex":1,
      "Points":[{"x":4.74715,"y":-1.9907},{"x":4.74715,"y":-6.62427},{"x":0.0,"y":0.0}]
    },
    {
      "SourcePinAddress":{
        "PinID":198933704,
        "PinOwnerID":1981933006
      },
      "TargetPinAddress":{
        "PinID":930515347,
        "PinOwnerID":686804340
      },
      "ConnectionType":1,
      "ConnectedWireIndex":12,
      "ConnectedWireSegmentIndex":0,
      "Points":[{"x":4.74715,"y":-4.5625},{"x":0.0,"y":0.0}]
    },
    {
      "SourcePinAddress":{
        "PinID":198933704,
        "PinOwnerID":1981933006
      },
      "TargetPinAddress":{
        "PinID":930515347,
        "PinOwnerID":1214141376
      },
      "ConnectionType":1,
      "ConnectedWireIndex":11,
      "ConnectedWireSegmentIndex":1,
      "Points":[{"x":4.74715,"y":0.25},{"x":0.0,"y":0.0}]
    },
    {
      "SourcePinAddress":{
        "PinID":198933704,
        "PinOwnerID":1981933006
      },
      "TargetPinAddress":{
        "PinID":930515347,
        "PinOwnerID":1704619191
      },
      "ConnectionType":1,
      "ConnectedWireIndex":11,
      "ConnectedWireSegmentIndex":0,
      "Points":[{"x":4.73428,"y":2.91488},{"x":4.73428,"y":4.53477},{"x":4.73428,"y":4.80494},{"x":0.0,"y":0.0}]
    },
    {
      "SourcePinAddress":{
        "PinID":198933704,
        "PinOwnerID":1981933006
      },
      "TargetPinAddress":{
        "PinID":930515347,
        "PinOwnerID":1701668346
      },
      "ConnectionType":1,
      "ConnectedWireIndex":11,
      "ConnectedWireSegmentIndex":1,
      "Points":[{"x":4.74715,"y":2.5884},{"x":0.0,"y":0.0}]
    },
    {
      "SourcePinAddress":{
        "PinID":409777183,
        "PinOwnerID":1981933006
      },
      "TargetPinAddress":{
        "PinID":1678651094,
        "PinOwnerID":1214141376
      },
      "ConnectionType":0,
      "ConnectedWireIndex":-1,
      "ConnectedWireSegmentIndex":-1,
      "Points":[{"x":0.0,"y":0.0},{"x":4.80355,"y":3.1377},{"x":4.89404,"y":3.1377},{"x":4.89404,"y":0.56526},{"x":4.89404,"y":0.52001},{"x":0.0,"y":0.0}]
    },
    {
      "SourcePinAddress":{
        "PinID":409777183,
        "PinOwnerID":1981933006
      },
      "TargetPinAddress":{
        "PinID":1678651094,
        "PinOwnerID":1701668346
      },
      "ConnectionType":1,
      "ConnectedWireIndex":17,
      "ConnectedWireSegmentIndex":2,
      "Points":[{"x":4.89404,"y":2.8384},{"x":0.0,"y":0.0}]
    },
    {
      "SourcePinAddress":{
        "PinID":1866607612,
        "PinOwnerID":1981933006
      },
      "TargetPinAddress":{
        "PinID":930515347,
        "PinOwnerID":1457895527
      },
      "ConnectionType":0,
      "ConnectedWireIndex":-1,
      "ConnectedWireSegmentIndex":-1,
      "Points":[{"x":0.0,"y":0.0},{"x":5.02582,"y":3.3877},{"x":5.02582,"y":-9.16016},{"x":0.0,"y":0.0}]
    },
    {
      "SourcePinAddress":{
        "PinID":1866607612,
        "PinOwnerID":1981933006
      },
      "TargetPinAddress":{
        "PinID":1678651094,
        "PinOwnerID":686804340
      },
      "ConnectionType":1,
      "ConnectedWireIndex":19,
      "ConnectedWireSegmentIndex":1,
      "Points":[{"x":5.02582,"y":-4.3125},{"x":0.0,"y":0.0}]
    },
    {
      "SourcePinAddress":{
        "PinID":1866607612,
        "PinOwnerID":1981933006
      },
      "TargetPinAddress":{
        "PinID":1678651094,
        "PinOwnerID":1730562476
      },
      "ConnectionType":1,
      "ConnectedWireIndex":19,
      "ConnectedWireSegmentIndex":1,
      "Points":[{"x":5.02582,"y":-1.75},{"x":0.0,"y":0.0}]
    },
    {
      "SourcePinAddress":{
        "PinID":1866607612,
        "PinOwnerID":1981933006
      },
      "TargetPinAddress":{
        "PinID":143336155,
        "PinOwnerID":1701668346
      },
      "ConnectionType":1,
      "ConnectedWireIndex":19,
      "ConnectedWireSegmentIndex":1,
      "Points":[{"x":5.02582,"y":3.0884},{"x":0.0,"y":0.0}]
    },
    {
      "SourcePinAddress":{
        "PinID":1866607612,
        "PinOwnerID":1981933006
      },
      "TargetPinAddress":{
        "PinID":1678651094,
        "PinOwnerID":1704619191
      },
      "ConnectionType":1,
      "ConnectedWireIndex":19,
      "ConnectedWireSegmentIndex":0,
      "Points":[{"x":5.01281,"y":3.3877},{"x":5.01281,"y":5.05667},{"x":0.0,"y":0.0}]
    },
    {
      "SourcePinAddress":{
        "PinID":776340343,
        "PinOwnerID":1981933006
      },
      "TargetPinAddress":{
        "PinID":1678651094,
        "PinOwnerID":1457895527
      },
      "ConnectionType":0,
      "ConnectedWireIndex":-1,
      "ConnectedWireSegmentIndex":-1,
      "Points":[{"x":0.0,"y":0.0},{"x":5.19006,"y":3.6377},{"x":5.19006,"y":-8.8804},{"x":0.0,"y":0.0}]
    },
    {
      "SourcePinAddress":{
        "PinID":776340343,
        "PinOwnerID":1981933006
      },
      "TargetPinAddress":{
        "PinID":143336155,
        "PinOwnerID":1730562476
      },
      "ConnectionType":1,
      "ConnectedWireIndex":24,
      "ConnectedWireSegmentIndex":1,
      "Points":[{"x":5.19006,"y":-1.5},{"x":0.0,"y":0.0}]
    },
    {
      "SourcePinAddress":{
        "PinID":776340343,
        "PinOwnerID":1981933006
      },
      "TargetPinAddress":{
        "PinID":143336155,
        "PinOwnerID":1214141376
      },
      "ConnectionType":1,
      "ConnectedWireIndex":24,
      "ConnectedWireSegmentIndex":1,
      "Points":[{"x":5.19006,"y":0.75},{"x":0.0,"y":0.0}]
    },
    {
      "SourcePinAddress":{
        "PinID":1949838215,
        "PinOwnerID":1466033596
      },
      "TargetPinAddress":{
        "PinID":1048891278,
        "PinOwnerID":1701668346
      },
      "ConnectionType":0,
      "ConnectedWireIndex":-1,
      "ConnectedWireSegmentIndex":-1,
      "Points":[{"x":0.0,"y":0.0},{"x":0.0,"y":0.0}]
    },
    {
      "SourcePinAddress":{
        "PinID":776340343,
        "PinOwnerID":1981933006
      },
      "TargetPinAddress":{
        "PinID":930515347,
        "PinOwnerID":1466033596
      },
      "ConnectionType":1,
      "ConnectedWireIndex":24,
      "ConnectedWireSegmentIndex":1,
      "Points":[{"x":5.19006,"y":3.38371},{"x":0.0,"y":0.0}]
    },
    {
      "SourcePinAddress":{
        "PinID":776340343,
        "PinOwnerID":1981933006
      },
      "TargetPinAddress":{
        "PinID":143336155,
        "PinOwnerID":1704619191
      },
      "ConnectionType":1,
      "ConnectedWireIndex":24,
      "ConnectedWireSegmentIndex":0,
      "Points":[{"x":5.19006,"y":3.6377},{"x":5.19006,"y":5.302},{"x":0.0,"y":0.0}]
    },
    {
      "SourcePinAddress":{
        "PinID":1579930571,
        "PinOwnerID":1981933006
      },
      "TargetPinAddress":{
        "PinID":1678651094,
        "PinOwnerID":1466033596
      },
      "ConnectionType":0,
      "ConnectedWireIndex":-1,
      "ConnectedWireSegmentIndex":-1,
      "Points":[{"x":0.0,"y":0.0},{"x":5.36584,"y":3.8877},{"x":5.36584,"y":3.58245},{"x":0.0,"y":0.0}]
    },
    {
      "SourcePinAddress":{
        "PinID":1949838215,
        "PinOwnerID":250757437
      },
      "TargetPinAddress":{
        "PinID":1048891278,
        "PinOwnerID":1214141376
      },
      "ConnectionType":0,
      "ConnectedWireIndex":-1,
      "ConnectedWireSegmentIndex":-1,
      "Points":[{"x":0.0,"y":0.0},{"x":0.0,"y":0.0}]
    },
    {
      "SourcePinAddress":{
        "PinID":1579930571,
        "PinOwnerID":1981933006
      },
      "TargetPinAddress":{
        "PinID":930515347,
        "PinOwnerID":250757437
      },
      "ConnectionType":1,
      "ConnectedWireIndex":30,
      "ConnectedWireSegmentIndex":1,
      "Points":[{"x":5.36584,"y":3.58245},{"x":5.35386,"y":1.08574},{"x":5.41379,"y":1.08574},{"x":0.0,"y":0.0}]
    },
    {
      "SourcePinAddress":{
        "PinID":1579930571,
        "PinOwnerID":1981933006
      },
      "TargetPinAddress":{
        "PinID":143336155,
        "PinOwnerID":1457895527
      },
      "ConnectionType":1,
      "ConnectedWireIndex":32,
      "ConnectedWireSegmentIndex":1,
      "Points":[{"x":5.35386,"y":1.08574},{"x":5.35386,"y":-8.59776},{"x":0.0,"y":0.0}]
    },
    {
      "SourcePinAddress":{
        "PinID":1579930571,
        "PinOwnerID":1981933006
      },
      "TargetPinAddress":{
        "PinID":143336155,
        "PinOwnerID":1841786828
      },
      "ConnectionType":1,
      "ConnectedWireIndex":33,
      "ConnectedWireSegmentIndex":0,
      "Points":[{"x":5.35386,"y":-6.375},{"x":0.0,"y":0.0}]
    },
    {
      "SourcePinAddress":{
        "PinID":1949838215,
        "PinOwnerID":1607275356
      },
      "TargetPinAddress":{
        "PinID":1048891278,
        "PinOwnerID":1704619191
      },
      "ConnectionType":0,
      "ConnectedWireIndex":-1,
      "ConnectedWireSegmentIndex":-1,
      "Points":[{"x":0.0,"y":0.0},{"x":0.0,"y":0.0}]
    },
    {
      "SourcePinAddress":{
        "PinID":1130521592,
        "PinOwnerID":1981933006
      },
      "TargetPinAddress":{
        "PinID":930515347,
        "PinOwnerID":1607275356
      },
      "ConnectionType":0,
      "ConnectedWireIndex":-1,
      "ConnectedWireSegmentIndex":-1,
      "Points":[{"x":0.0,"y":0.0},{"x":5.45582,"y":4.1377},{"x":5.45582,"y":5.55118},{"x":5.45582,"y":5.73483},{"x":0.0,"y":0.0}]
    },
    {
      "SourcePinAddress":{
        "PinID":1130521592,
        "PinOwnerID":1981933006
      },
      "TargetPinAddress":{
        "PinID":1678651094,
        "PinOwnerID":250757437
      },
      "ConnectionType":1,
      "ConnectedWireIndex":36,
      "ConnectedWireSegmentIndex":1,
      "Points":[{"x":5.45582,"y":4.14761},{"x":5.45582,"y":1.3536},{"x":0.0,"y":0.0}]
    },
    {
      "SourcePinAddress":{
        "PinID":1949838215,
        "PinOwnerID":1205175554
      },
      "TargetPinAddress":{
        "PinID":1048891278,
        "PinOwnerID":1730562476
      },
      "ConnectionType":0,
      "ConnectedWireIndex":-1,
      "ConnectedWireSegmentIndex":-1,
      "Points":[{"x":0.0,"y":0.0},{"x":0.0,"y":0.0}]
    },
    {
      "SourcePinAddress":{
        "PinID":1130521592,
        "PinOwnerID":1981933006
      },
      "TargetPinAddress":{
        "PinID":930515347,
        "PinOwnerID":1205175554
      },
      "ConnectionType":1,
      "ConnectedWireIndex":37,
      "ConnectedWireSegmentIndex":1,
      "Points":[{"x":5.4559,"y":1.3536},{"x":5.45582,"y":-1.1989},{"x":5.53453,"y":-1.1989},{"x":0.0,"y":0.0}]
    },
    {
      "SourcePinAddress":{
        "PinID":1130521592,
        "PinOwnerID":1981933006
      },
      "TargetPinAddress":{
        "PinID":930515347,
        "PinOwnerID":1841786828
      },
      "ConnectionType":1,
      "ConnectedWireIndex":39,
      "ConnectedWireSegmentIndex":1,
      "Points":[{"x":5.51484,"y":-1.1989},{"x":5.51484,"y":-6.875},{"x":0.0,"y":0.0}]
    },
    {
      "SourcePinAddress":{
        "PinID":1949838215,
        "PinOwnerID":1509086590
      },
      "TargetPinAddress":{
        "PinID":1048891278,
        "PinOwnerID":1457895527
      },
      "ConnectionType":0,
      "ConnectedWireIndex":-1,
      "ConnectedWireSegmentIndex":-1,
      "Points":[{"x":0.0,"y":0.0},{"x":0.0,"y":0.0}]
    },
    {
      "SourcePinAddress":{
        "PinID":1130521592,
        "PinOwnerID":1981933006
      },
      "TargetPinAddress":{
        "PinID":930515347,
        "PinOwnerID":1509086590
      },
      "ConnectionType":1,
      "ConnectedWireIndex":40,
      "ConnectedWireSegmentIndex":1,
      "Points":[{"x":5.53105,"y":-6.875},{"x":5.53105,"y":-8.24855},{"x":0.0,"y":0.0}]
    },
    {
      "SourcePinAddress":{
        "PinID":968512665,
        "PinOwnerID":1981933006
      },
      "TargetPinAddress":{
        "PinID":143336155,
        "PinOwnerID":250757437
      },
      "ConnectionType":0,
      "ConnectedWireIndex":-1,
      "ConnectedWireSegmentIndex":-1,
      "Points":[{"x":0.0,"y":0.0},{"x":5.58698,"y":4.3877},{"x":5.58698,"y":1.60594},{"x":0.0,"y":0.0}]
    },
    {
      "SourcePinAddress":{
        "PinID":968512665,
        "PinOwnerID":1981933006
      },
      "TargetPinAddress":{
        "PinID":1678651094,
        "PinOwnerID":1205175554
      },
      "ConnectionType":1,
      "ConnectedWireIndex":43,
      "ConnectedWireSegmentIndex":1,
      "Points":[{"x":5.58698,"y":1.63991},{"x":5.61453,"y":-0.9489},{"x":0.0,"y":0.0}]
    },
    {
      "SourcePinAddress":{
        "PinID":1949838215,
        "PinOwnerID":863386463
      },
      "TargetPinAddress":{
        "PinID":1048891278,
        "PinOwnerID":1841786828
      },
      "ConnectionType":0,
      "ConnectedWireIndex":-1,
      "ConnectedWireSegmentIndex":-1,
      "Points":[{"x":0.0,"y":0.0},{"x":0.0,"y":0.0}]
    },
    {
      "SourcePinAddress":{
        "PinID":968512665,
        "PinOwnerID":1981933006
      },
      "TargetPinAddress":{
        "PinID":930515347,
        "PinOwnerID":863386463
      },
      "ConnectionType":1,
      "ConnectedWireIndex":44,
      "ConnectedWireSegmentIndex":0,
      "Points":[{"x":5.6143,"y":-0.92772},{"x":5.60557,"y":-6.05265},{"x":5.69299,"y":-6.05265},{"x":0.0,"y":0.0}]
    },
    {
      "SourcePinAddress":{
        "PinID":968512665,
        "PinOwnerID":1981933006
      },
      "TargetPinAddress":{
        "PinID":143336155,
        "PinOwnerID":686804340
      },
      "ConnectionType":1,
      "ConnectedWireIndex":46,
      "ConnectedWireSegmentIndex":0,
      "Points":[{"x":5.60896,"y":-4.06248},{"x":0.0,"y":0.0}]
    },
    {
      "SourcePinAddress":{
        "PinID":968512665,
        "PinOwnerID":1981933006
      },
      "TargetPinAddress":{
        "PinID":1678651094,
        "PinOwnerID":1509086590
      },
      "ConnectionType":1,
      "ConnectedWireIndex":46,
      "ConnectedWireSegmentIndex":1,
      "Points":[{"x":5.63383,"y":-6.05265},{"x":5.63383,"y":-7.99855},{"x":0.0,"y":0.0}]
    },
    {
      "SourcePinAddress":{
        "PinID":968512665,
        "PinOwnerID":1981933006
      },
      "TargetPinAddress":{
        "PinID":1678651094,
        "PinOwnerID":1607275356
      },
      "ConnectionType":1,
      "ConnectedWireIndex":43,
      "ConnectedWireSegmentIndex":1,
      "Points":[{"x":5.58698,"y":4.38321},{"x":5.61693,"y":5.92464},{"x":0.0,"y":0.0}]
    },
    {
      "SourcePinAddress":{
        "PinID":99834322,
        "PinOwnerID":1981933006
      },
      "TargetPinAddress":{
        "PinID":143336155,
        "PinOwnerID":1607275356
      },
      "ConnectionType":0,
      "ConnectedWireIndex":-1,
      "ConnectedWireSegmentIndex":-1,
      "Points":[{"x":0.0,"y":0.0},{"x":5.72465,"y":4.6377},{"x":5.72465,"y":6.13733},{"x":0.0,"y":0.0}]
    },
    {
      "SourcePinAddress":{
        "PinID":99834322,
        "PinOwnerID":1981933006
      },
      "TargetPinAddress":{
        "PinID":143336155,
        "PinOwnerID":1466033596
      },
      "ConnectionType":1,
      "ConnectedWireIndex":50,
      "ConnectedWireSegmentIndex":0,
      "Points":[{"x":5.72465,"y":4.6377},{"x":5.72465,"y":3.83511},{"x":0.0,"y":0.0}]
    },
    {
      "SourcePinAddress":{
        "PinID":1949838215,
        "PinOwnerID":1609684626
      },
      "TargetPinAddress":{
        "PinID":1048891278,
        "PinOwnerID":250757437
      },
      "ConnectionType":0,
      "ConnectedWireIndex":-1,
      "ConnectedWireSegmentIndex":-1,
      "Points":[{"x":0.0,"y":0.0},{"x":0.0,"y":0.0}]
    },
    {
      "SourcePinAddress":{
        "PinID":99834322,
        "PinOwnerID":1981933006
      },
      "TargetPinAddress":{
        "PinID":930515347,
        "PinOwnerID":1609684626
      },
      "ConnectionType":1,
      "ConnectedWireIndex":51,
      "ConnectedWireSegmentIndex":1,
      "Points":[{"x":5.75373,"y":3.83527},{"x":5.75373,"y":1.86658},{"x":0.0,"y":0.0}]
    },
    {
      "SourcePinAddress":{
        "PinID":1949838215,
        "PinOwnerID":2145954188
      },
      "TargetPinAddress":{
        "PinID":1048891278,
        "PinOwnerID":1607275356
      },
      "ConnectionType":0,
      "ConnectedWireIndex":-1,
      "ConnectedWireSegmentIndex":-1,
      "Points":[{"x":0.0,"y":0.0},{"x":0.0,"y":0.0}]
    },
    {
      "SourcePinAddress":{
        "PinID":1715469414,
        "PinOwnerID":1981933006
      },
      "TargetPinAddress":{
        "PinID":930515347,
        "PinOwnerID":2145954188
      },
      "ConnectionType":0,
      "ConnectedWireIndex":-1,
      "ConnectedWireSegmentIndex":-1,
      "Points":[{"x":0.0,"y":0.0},{"x":5.86098,"y":4.8877},{"x":5.86098,"y":6.40933},{"x":5.86098,"y":6.48467},{"x":0.0,"y":0.0}]
    },
    {
      "SourcePinAddress":{
        "PinID":1949838215,
        "PinOwnerID":50059168
      },
      "TargetPinAddress":{
        "PinID":1048891278,
        "PinOwnerID":1466033596
      },
      "ConnectionType":0,
      "ConnectedWireIndex":-1,
      "ConnectedWireSegmentIndex":-1,
      "Points":[{"x":0.0,"y":0.0},{"x":0.0,"y":0.0}]
    },
    {
      "SourcePinAddress":{
        "PinID":1715469414,
        "PinOwnerID":1981933006
      },
      "TargetPinAddress":{
        "PinID":930515347,
        "PinOwnerID":50059168
      },
      "ConnectionType":1,
      "ConnectedWireIndex":55,
      "ConnectedWireSegmentIndex":0,
      "Points":[{"x":5.85775,"y":4.8877},{"x":5.85775,"y":4.09701},{"x":0.0,"y":0.0}]
    },
    {
      "SourcePinAddress":{
        "PinID":1715469414,
        "PinOwnerID":1981933006
      },
      "TargetPinAddress":{
        "PinID":1678651094,
        "PinOwnerID":1609684626
      },
      "ConnectionType":1,
      "ConnectedWireIndex":57,
      "ConnectedWireSegmentIndex":1,
      "Points":[{"x":5.86628,"y":4.09701},{"x":5.86628,"y":2.08726},{"x":0.0,"y":0.0}]
    },
    {
      "SourcePinAddress":{
        "PinID":1715469414,
        "PinOwnerID":1981933006
      },
      "TargetPinAddress":{
        "PinID":143336155,
        "PinOwnerID":1205175554
      },
      "ConnectionType":1,
      "ConnectedWireIndex":58,
      "ConnectedWireSegmentIndex":0,
      "Points":[{"x":5.86628,"y":2.12242},{"x":5.86628,"y":-0.73745},{"x":0.0,"y":0.0}]
    },
    {
      "SourcePinAddress":{
        "PinID":1949838215,
        "PinOwnerID":1811958784
      },
      "TargetPinAddress":{
        "PinID":1048891278,
        "PinOwnerID":686804340
      },
      "ConnectionType":0,
      "ConnectedWireIndex":-1,
      "ConnectedWireSegmentIndex":-1,
      "Points":[{"x":0.0,"y":0.0},{"x":0.0,"y":0.0}]
    },
    {
      "SourcePinAddress":{
        "PinID":1715469414,
        "PinOwnerID":1981933006
      },
      "TargetPinAddress":{
        "PinID":930515347,
        "PinOwnerID":1811958784
      },
      "ConnectionType":1,
      "ConnectedWireIndex":59,
      "ConnectedWireSegmentIndex":0,
      "Points":[{"x":5.86628,"y":-0.70229},{"x":5.81939,"y":-3.73791},{"x":0.0,"y":0.0}]
    },
    {
      "SourcePinAddress":{
        "PinID":1715469414,
        "PinOwnerID":1981933006
      },
      "TargetPinAddress":{
        "PinID":1678651094,
        "PinOwnerID":863386463
      },
      "ConnectionType":1,
      "ConnectedWireIndex":61,
      "ConnectedWireSegmentIndex":0,
      "Points":[{"x":5.81939,"y":-3.73791},{"x":5.81939,"y":-5.80083},{"x":0.0,"y":0.0}]
    },
    {
      "SourcePinAddress":{
        "PinID":1715469414,
        "PinOwnerID":1981933006
      },
      "TargetPinAddress":{
        "PinID":143336155,
        "PinOwnerID":1509086590
      },
      "ConnectionType":1,
      "ConnectedWireIndex":62,
      "ConnectedWireSegmentIndex":0,
      "Points":[{"x":5.81939,"y":-5.80083},{"x":5.81939,"y":-7.7582},{"x":0.0,"y":0.0}]
    },
    {
      "SourcePinAddress":{
        "PinID":1465865019,
        "PinOwnerID":1981933006
      },
      "TargetPinAddress":{
        "PinID":1678651094,
        "PinOwnerID":2145954188
      },
      "ConnectionType":0,
      "ConnectedWireIndex":-1,
      "ConnectedWireSegmentIndex":-1,
      "Points":[{"x":0.0,"y":0.0},{"x":6.03809,"y":5.1377},{"x":6.03809,"y":6.70146},{"x":0.0,"y":0.0}]
    },
    {
      "SourcePinAddress":{
        "PinID":1465865019,
        "PinOwnerID":1981933006
      },
      "TargetPinAddress":{
        "PinID":1678651094,
        "PinOwnerID":50059168
      },
      "ConnectionType":1,
      "ConnectedWireIndex":64,
      "ConnectedWireSegmentIndex":0,
      "Points":[{"x":6.03809,"y":5.1377},{"x":6.03809,"y":4.30975},{"x":0.0,"y":0.0}]
    },
    {
      "SourcePinAddress":{
        "PinID":1465865019,
        "PinOwnerID":1981933006
      },
      "TargetPinAddress":{
        "PinID":143336155,
        "PinOwnerID":1609684626
      },
      "ConnectionType":1,
      "ConnectedWireIndex":65,
      "ConnectedWireSegmentIndex":0,
      "Points":[{"x":6.03809,"y":4.31747},{"x":6.03809,"y":2.33119},{"x":0.0,"y":0.0}]
    },
    {
      "SourcePinAddress":{
        "PinID":1465865019,
        "PinOwnerID":1981933006
      },
      "TargetPinAddress":{
        "PinID":143336155,
        "PinOwnerID":863386463
      },
      "ConnectionType":1,
      "ConnectedWireIndex":66,
      "ConnectedWireSegmentIndex":0,
      "Points":[{"x":6.03809,"y":2.33119},{"x":6.03809,"y":-3.48832},{"x":6.03809,"y":-5.5999},{"x":0.0,"y":0.0}]
    },
    {
      "SourcePinAddress":{
        "PinID":1465865019,
        "PinOwnerID":1981933006
      },
      "TargetPinAddress":{
        "PinID":1048891278,
        "PinOwnerID":1509086590
      },
      "ConnectionType":1,
      "ConnectedWireIndex":67,
      "ConnectedWireSegmentIndex":2,
      "Points":[{"x":6.05127,"y":-5.59983},{"x":6.05129,"y":-7.49855},{"x":0.0,"y":0.0}]
    },
    {
      "SourcePinAddress":{
        "PinID":1949838215,
        "PinOwnerID":1704619191
      },
      "TargetPinAddress":{
        "PinID":0,
        "PinOwnerID":965281170
      },
      "ConnectionType":1,
      "ConnectedWireIndex":0,
      "ConnectedWireSegmentIndex":0,
      "Points":[{"x":17.96524,"y":4.94287},{"x":0.0,"y":0.0}]
    },
    {
      "SourcePinAddress":{
        "PinID":1949838215,
        "PinOwnerID":1701668346
      },
      "TargetPinAddress":{
        "PinID":0,
        "PinOwnerID":588793998
      },
      "ConnectionType":1,
      "ConnectedWireIndex":1,
      "ConnectedWireSegmentIndex":0,
      "Points":[{"x":17.4771,"y":3.52334},{"x":0.0,"y":0.0}]
    },
    {
      "SourcePinAddress":{
        "PinID":1949838215,
        "PinOwnerID":1214141376
      },
      "TargetPinAddress":{
        "PinID":0,
        "PinOwnerID":1328485871
      },
      "ConnectionType":1,
      "ConnectedWireIndex":2,
      "ConnectedWireSegmentIndex":0,
      "Points":[{"x":17.7437,"y":2.25995},{"x":0.0,"y":0.0}]
    },
    {
      "SourcePinAddress":{
        "PinID":1949838215,
        "PinOwnerID":1730562476
      },
      "TargetPinAddress":{
        "PinID":0,
        "PinOwnerID":1868796165
      },
      "ConnectionType":1,
      "ConnectedWireIndex":3,
      "ConnectedWireSegmentIndex":0,
      "Points":[{"x":17.55194,"y":0.59971},{"x":0.0,"y":0.0}]
    },
    {
      "SourcePinAddress":{
        "PinID":1949838215,
        "PinOwnerID":686804340
      },
      "TargetPinAddress":{
        "PinID":0,
        "PinOwnerID":1110988285
      },
      "ConnectionType":1,
      "ConnectedWireIndex":4,
      "ConnectedWireSegmentIndex":0,
      "Points":[{"x":17.68904,"y":-0.69299},{"x":0.0,"y":0.0}]
    },
    {
      "SourcePinAddress":{
        "PinID":1949838215,
        "PinOwnerID":1841786828
      },
      "TargetPinAddress":{
        "PinID":0,
        "PinOwnerID":1167685808
      },
      "ConnectionType":1,
      "ConnectedWireIndex":5,
      "ConnectedWireSegmentIndex":0,
      "Points":[{"x":17.76955,"y":-1.88731},{"x":0.0,"y":0.0}]
    },
    {
      "SourcePinAddress":{
        "PinID":1949838215,
        "PinOwnerID":1457895527
      },
      "TargetPinAddress":{
        "PinID":0,
        "PinOwnerID":1532370275
      },
      "ConnectionType":1,
      "ConnectedWireIndex":6,
      "ConnectedWireSegmentIndex":0,
      "Points":[{"x":17.91783,"y":-2.68187},{"x":0.0,"y":0.0}]
    },
    {
      "SourcePinAddress":{
        "PinID":1465865019,
        "PinOwnerID":1981933006
      },
      "TargetPinAddress":{
        "PinID":1048891278,
        "PinOwnerID":1205175554
      },
      "ConnectionType":1,
      "ConnectedWireIndex":67,
      "ConnectedWireSegmentIndex":0,
      "Points":[{"x":6.03809,"y":-0.4489},{"x":0.0,"y":0.0}]
    }
  ],
  "Displays": null
}