{
  "DLSVersion": "2.1.6",
  "Name": "Binary to 7SegDis",
  "NameLocation": 0,
  "ChipType": 0,
  "Size": {
    "x": 1.55,
    "y": 2.5
  },
  "Colour": {
    "r": 0.4216172,
    "g": 0.3605827,
    "b": 0.5223522,
    "a": 1
  },
  "InputPins":[
    {
      "Name":"IN",
      "ID":575284115,
      "Position":{
        "x":11.77193,
        "y":-0.62264
      },
      "BitCount":1,
      "Colour":0,
      "ValueDisplayMode":0
    },
    {
      "Name":"IN",
      "ID":1039442956,
      "Position":{
        "x":11.74489,
        "y":-1.21005
      },
      "BitCount":1,
      "Colour":0,
      "ValueDisplayMode":0
    },
    {
      "Name":"IN",
      "ID":206062345,
      "Position":{
        "x":11.74933,
        "y":-1.78247
      },
      "BitCount":1,
      "Colour":0,
      "ValueDisplayMode":0
    },
    {
      "Name":"IN",
      "ID":1038616311,
      "Position":{
        "x":11.7223,
        "y":-2.36989
      },
      "BitCount":1,
      "Colour":0,
      "ValueDisplayMode":0
    },
    {
      "Name":"IN",
      "ID":1172481764,
      "Position":{
        "x":11.73319,
        "y":-2.95607
      },
      "BitCount":1,
      "Colour":0,
      "ValueDisplayMode":0
    },
    {
      "Name":"IN",
      "ID":1031931685,
      "Position":{
        "x":11.70616,
        "y":-3.54349
      },
      "BitCount":1,
      "Colour":0,
      "ValueDisplayMode":0
    },
    {
      "Name":"IN",
      "ID":2118057672,
      "Position":{
        "x":11.7106,
        "y":-4.11591
      },
      "BitCount":1,
      "Colour":0,
      "ValueDisplayMode":0
    },
    {
      "Name":"IN",
      "ID":1785728417,
      "Position":{
        "x":11.68356,
        "y":-4.70332
      },
      "BitCount":1,
      "Colour":0,
      "ValueDisplayMode":0
    },
    {
      "Name":"CLR",
      "ID":2121070757,
      "Position":{
        "x":15.75,
        "y":-5.4375
      },
      "BitCount":1,
      "Colour":0,
      "ValueDisplayMode":0
    },
    {
      "Name":"Signed",
      "ID":198537343,
      "Position":{
        "x":11.67148,
        "y":-6.00394
      },
      "BitCount":1,
      "Colour":0,
      "ValueDisplayMode":0
    }
  ],
  "OutputPins":[
    {
      "Name":"NEG SIGN",
      "ID":1801008145,
      "Position":{
        "x":29.11868,
        "y":-4.61646
      },
      "BitCount":8,
      "Colour":0,
      "ValueDisplayMode":0
    },
    {
      "Name":"Unit",
      "ID":1958153305,
      "Position":{
        "x":29.02488,
        "y":-5.14679
      },
      "BitCount":8,
      "Colour":0,
      "ValueDisplayMode":0
    },
    {
      "Name":"Tenth",
      "ID":1409483691,
      "Position":{
        "x":28.99775,
        "y":-5.72758
      },
      "BitCount":8,
      "Colour":0,
      "ValueDisplayMode":0
    },
    {
      "Name":"Hundreds",
      "ID":1257572929,
      "Position":{
        "x":29.01157,
        "y":-6.30258
      },
      "BitCount":8,
      "Colour":0,
      "ValueDisplayMode":0
    }
  ],
  "SubChips":[
    {
      "Name":"Double Dabble",
      "ID":950001321,
      "Label":"",
      "Position":{
        "x":19.56,
        "y":-2.3125
      },
      "OutputPinColourInfo":[{"PinColour":0,"PinID":1781360630},{"PinColour":0,"PinID":727950729},{"PinColour":0,"PinID":888812225}],
      "InternalData":null
    },
    {
      "Name":"BCD to 7SegDis",
      "ID":34853686,
      "Label":"",
      "Position":{
        "x":23.51,
        "y":-1.9375
      },
      "OutputPinColourInfo":[{"PinColour":0,"PinID":965281170},{"PinColour":0,"PinID":588793998},{"PinColour":0,"PinID":1328485871},{"PinColour":0,"PinID":1868796165},{"PinColour":0,"PinID":1110988285},{"PinColour":0,"PinID":1167685808},{"PinColour":0,"PinID":1532370275}],
      "InternalData":null
    },
    {
      "Name":"BCD to 7SegDis",
      "ID":1225759320,
      "Label":"",
      "Position":{
        "x":23.51,
        "y":-0.125
      },
      "OutputPinColourInfo":[{"PinColour":0,"PinID":965281170},{"PinColour":0,"PinID":588793998},{"PinColour":0,"PinID":1328485871},{"PinColour":0,"PinID":1868796165},{"PinColour":0,"PinID":1110988285},{"PinColour":0,"PinID":1167685808},{"PinColour":0,"PinID":1532370275}],
      "InternalData":null
    },
    {
      "Name":"BCD to 7SegDis",
      "ID":1314215046,
      "Label":"",
      "Position":{
        "x":23.51,
        "y":1.6875
      },
      "OutputPinColourInfo":[{"PinColour":0,"PinID":965281170},{"PinColour":0,"PinID":588793998},{"PinColour":0,"PinID":1328485871},{"PinColour":0,"PinID":1868796165},{"PinColour":0,"PinID":1110988285},{"PinColour":0,"PinID":1167685808},{"PinColour":0,"PinID":1532370275}],
      "InternalData":null
    },
    {
      "Name":"8-1BIT",
      "ID":1131518137,
      "Label":"",
      "Position":{
        "x":21.02528,
        "y":-2.56877
      },
      "OutputPinColourInfo":[{"PinColour":0,"PinID":1},{"PinColour":0,"PinID":2},{"PinColour":0,"PinID":3},{"PinColour":0,"PinID":4},{"PinColour":0,"PinID":5},{"PinColour":0,"PinID":6},{"PinColour":0,"PinID":7},{"PinColour":0,"PinID":8}],
      "InternalData":null
    },
    {
      "Name":"1-8BIT",
      "ID":1107337877,
      "Label":"",
      "Position":{
        "x":17.90456,
        "y":-2.40978
      },
      "OutputPinColourInfo":[{"PinColour":0,"PinID":8}],
      "InternalData":null
    },
    {
      "Name":"1-8BIT",
      "ID":272274040,
      "Label":"",
      "Position":{
        "x":25.22572,
        "y":-2.04576
      },
      "OutputPinColourInfo":[{"PinColour":0,"PinID":8}],
      "InternalData":null
    },
    {
      "Name":"1-8BIT",
      "ID":1552165352,
      "Label":"",
      "Position":{
        "x":25.1851,
        "y":0.02143
      },
      "OutputPinColourInfo":[{"PinColour":0,"PinID":8}],
      "InternalData":null
    },
    {
      "Name":"1-8BIT",
      "ID":1426611246,
      "Label":"",
      "Position":{
        "x":25.21066,
        "y":2.07301
      },
      "OutputPinColourInfo":[{"PinColour":0,"PinID":8}],
      "InternalData":null
    },
    {
      "Name":"8B Cancler",
      "ID":703849110,
      "Label":"",
      "Position":{
        "x":26.97074,
        "y":1.9405
      },
      "OutputPinColourInfo":[{"PinColour":0,"PinID":1164945729}],
      "InternalData":null
    },
    {
      "Name":"8B Cancler",
      "ID":662864947,
      "Label":"",
      "Position":{
        "x":26.94364,
        "y":-0.13273
      },
      "OutputPinColourInfo":[{"PinColour":0,"PinID":1164945729}],
      "InternalData":null
    },
    {
      "Name":"8B Cancler",
      "ID":2040144054,
      "Label":"",
      "Position":{
        "x":26.96397,
        "y":-2.17208
      },
      "OutputPinColourInfo":[{"PinColour":0,"PinID":1164945729}],
      "InternalData":null
    },
    {
      "Name":"8-1BIT",
      "ID":1536011597,
      "Label":"",
      "Position":{
        "x":28.54194,
        "y":-2.1937
      },
      "OutputPinColourInfo":[{"PinColour":0,"PinID":1},{"PinColour":0,"PinID":2},{"PinColour":0,"PinID":3},{"PinColour":0,"PinID":4},{"PinColour":0,"PinID":5},{"PinColour":0,"PinID":6},{"PinColour":0,"PinID":7},{"PinColour":0,"PinID":8}],
      "InternalData":null
    },
    {
      "Name":"8-1BIT",
      "ID":248860206,
      "Label":"",
      "Position":{
        "x":28.57939,
        "y":-0.08178
      },
      "OutputPinColourInfo":[{"PinColour":0,"PinID":1},{"PinColour":0,"PinID":2},{"PinColour":0,"PinID":3},{"PinColour":0,"PinID":4},{"PinColour":0,"PinID":5},{"PinColour":0,"PinID":6},{"PinColour":0,"PinID":7},{"PinColour":0,"PinID":8}],
      "InternalData":null
    },
    {
      "Name":"8-1BIT",
      "ID":98010342,
      "Label":"",
      "Position":{
        "x":28.62432,
        "y":2.00766
      },
      "OutputPinColourInfo":[{"PinColour":0,"PinID":1},{"PinColour":0,"PinID":2},{"PinColour":0,"PinID":3},{"PinColour":0,"PinID":4},{"PinColour":0,"PinID":5},{"PinColour":0,"PinID":6},{"PinColour":0,"PinID":7},{"PinColour":0,"PinID":8}],
      "InternalData":null
    },
    {
      "Name":"7-SEGMENT",
      "ID":3614963,
      "Label":"",
      "Position":{
        "x":35.10326,
        "y":-2.14954
      },
      "OutputPinColourInfo":[],
      "InternalData":null
    },
    {
      "Name":"7-SEGMENT",
      "ID":513300957,
      "Label":"",
      "Position":{
        "x":36.60239,
        "y":-2.1875
      },
      "OutputPinColourInfo":[],
      "InternalData":null
    },
    {
      "Name":"7-SEGMENT",
      "ID":974870122,
      "Label":"",
      "Position":{
        "x":33.60936,
        "y":-2.116
      },
      "OutputPinColourInfo":[],
      "InternalData":null
    },
    {
      "Name":"XOR",
      "ID":214864086,
      "Label":"",
      "Position":{
        "x":13.64818,
        "y":-4.84512
      },
      "OutputPinColourInfo":[{"PinColour":0,"PinID":477305350}],
      "InternalData":null
    },
    {
      "Name":"XOR",
      "ID":1536445318,
      "Label":"",
      "Position":{
        "x":13.67522,
        "y":-4.2577
      },
      "OutputPinColourInfo":[{"PinColour":0,"PinID":477305350}],
      "InternalData":null
    },
    {
      "Name":"XOR",
      "ID":1431179910,
      "Label":"",
      "Position":{
        "x":13.67078,
        "y":-3.68528
      },
      "OutputPinColourInfo":[{"PinColour":0,"PinID":477305350}],
      "InternalData":null
    },
    {
      "Name":"XOR",
      "ID":293060310,
      "Label":"",
      "Position":{
        "x":13.69781,
        "y":-3.09787
      },
      "OutputPinColourInfo":[{"PinColour":0,"PinID":477305350}],
      "InternalData":null
    },
    {
      "Name":"XOR",
      "ID":67922457,
      "Label":"",
      "Position":{
        "x":13.68692,
        "y":-2.51169
      },
      "OutputPinColourInfo":[{"PinColour":0,"PinID":477305350}],
      "InternalData":null
    },
    {
      "Name":"XOR",
      "ID":29994351,
      "Label":"",
      "Position":{
        "x":13.71395,
        "y":-1.92427
      },
      "OutputPinColourInfo":[{"PinColour":0,"PinID":477305350}],
      "InternalData":null
    },
    {
      "Name":"XOR",
      "ID":29100207,
      "Label":"",
      "Position":{
        "x":13.70951,
        "y":-1.35185
      },
      "OutputPinColourInfo":[{"PinColour":0,"PinID":477305350}],
      "InternalData":null
    },
    {
      "Name":"XOR",
      "ID":1957555488,
      "Label":"",
      "Position":{
        "x":13.73654,
        "y":-0.76443
      },
      "OutputPinColourInfo":[{"PinColour":0,"PinID":477305350}],
      "InternalData":null
    },
    {
      "Name":"8B Adder",
      "ID":1690241101,
      "Label":"",
      "Position":{
        "x":15.1064,
        "y":-2.78282
      },
      "OutputPinColourInfo":[{"PinColour":0,"PinID":2114547048},{"PinColour":0,"PinID":487694368},{"PinColour":0,"PinID":1037460116},{"PinColour":0,"PinID":168965031},{"PinColour":0,"PinID":1734400126},{"PinColour":0,"PinID":1159822455},{"PinColour":0,"PinID":256994951},{"PinColour":0,"PinID":1588873607},{"PinColour":0,"PinID":583348545}],
      "InternalData":null
    },
    {
      "Name":"7-SEGMENT",
      "ID":838714245,
      "Label":"",
      "Position":{
        "x":32.02097,
        "y":-2.15664
      },
      "OutputPinColourInfo":[],
      "InternalData":null
    },
    {
      "Name":"1-8BIT",
      "ID":1595077283,
      "Label":"",
      "Position":{
        "x":26.98317,
        "y":-4.60446
      },
      "OutputPinColourInfo":[{"PinColour":0,"PinID":8}],
      "InternalData":null
    },
    {
      "Name":"AND",
      "ID":534663922,
      "Label":"",
      "Position":{
        "x":16.49908,
        "y":-4.73422
      },
      "OutputPinColourInfo":[{"PinColour":0,"PinID":1931642737}],
      "InternalData":null
    },
    {
      "Name":"Cancler",
      "ID":1137103569,
      "Label":"",
      "Position":{
        "x":17.87399,
        "y":-4.7508
      },
      "OutputPinColourInfo":[{"PinColour":0,"PinID":1616067258}],
      "InternalData":null
    }
  ],
  "Wires":[
    {
      "SourcePinAddress":{
        "PinID":888812225,
        "PinOwnerID":950001321
      },
      "TargetPinAddress":{
        "PinID":0,
        "PinOwnerID":1131518137
      },
      "ConnectionType":0,
      "ConnectedWireIndex":-1,
      "ConnectedWireSegmentIndex":-1,
      "Points":[{"x":0.0,"y":0.0},{"x":0.0,"y":0.0}]
    },
    {
      "SourcePinAddress":{
        "PinID":8,
        "PinOwnerID":1131518137
      },
      "TargetPinAddress":{
        "PinID":921331946,
        "PinOwnerID":34853686
      },
      "ConnectionType":0,
      "ConnectedWireIndex":-1,
      "ConnectedWireSegmentIndex":-1,
      "Points":[{"x":0.0,"y":0.0},{"x":22.66411,"y":-3.44377},{"x":22.66411,"y":-2.70487},{"x":0.0,"y":0.0}]
    },
    {
      "SourcePinAddress":{
        "PinID":7,
        "PinOwnerID":1131518137
      },
      "TargetPinAddress":{
        "PinID":1138259833,
        "PinOwnerID":34853686
      },
      "ConnectionType":0,
      "ConnectedWireIndex":-1,
      "ConnectedWireSegmentIndex":-1,
      "Points":[{"x":0.0,"y":0.0},{"x":22.53756,"y":-3.19377},{"x":22.53756,"y":-2.17969},{"x":0.0,"y":0.0}]
    },
    {
      "SourcePinAddress":{
        "PinID":6,
        "PinOwnerID":1131518137
      },
      "TargetPinAddress":{
        "PinID":1325852371,
        "PinOwnerID":34853686
      },
      "ConnectionType":0,
      "ConnectedWireIndex":-1,
      "ConnectedWireSegmentIndex":-1,
      "Points":[{"x":0.0,"y":0.0},{"x":22.39202,"y":-2.94377},{"x":22.39202,"y":-1.70512},{"x":0.0,"y":0.0}]
    },
    {
      "SourcePinAddress":{
        "PinID":5,
        "PinOwnerID":1131518137
      },
      "TargetPinAddress":{
        "PinID":696182640,
        "PinOwnerID":34853686
      },
      "ConnectionType":0,
      "ConnectedWireIndex":-1,
      "ConnectedWireSegmentIndex":-1,
      "Points":[{"x":0.0,"y":0.0},{"x":22.26547,"y":-2.69377},{"x":22.26547,"y":-1.19892},{"x":0.0,"y":0.0}]
    },
    {
      "SourcePinAddress":{
        "PinID":4,
        "PinOwnerID":1131518137
      },
      "TargetPinAddress":{
        "PinID":921331946,
        "PinOwnerID":1225759320
      },
      "ConnectionType":0,
      "ConnectedWireIndex":-1,
      "ConnectedWireSegmentIndex":-1,
      "Points":[{"x":0.0,"y":0.0},{"x":22.12014,"y":-2.44377},{"x":22.12014,"y":-0.85401},{"x":0.0,"y":0.0}]
    },
    {
      "SourcePinAddress":{
        "PinID":3,
        "PinOwnerID":1131518137
      },
      "TargetPinAddress":{
        "PinID":1138259833,
        "PinOwnerID":1225759320
      },
      "ConnectionType":0,
      "ConnectedWireIndex":-1,
      "ConnectedWireSegmentIndex":-1,
      "Points":[{"x":0.0,"y":0.0},{"x":22.01724,"y":-2.19377},{"x":22.01724,"y":-0.39368},{"x":0.0,"y":0.0}]
    },
    {
      "SourcePinAddress":{
        "PinID":2,
        "PinOwnerID":1131518137
      },
      "TargetPinAddress":{
        "PinID":1325852371,
        "PinOwnerID":1225759320
      },
      "ConnectionType":0,
      "ConnectedWireIndex":-1,
      "ConnectedWireSegmentIndex":-1,
      "Points":[{"x":0.0,"y":0.0},{"x":21.92517,"y":-1.94377},{"x":21.92517,"y":0.1154},{"x":0.0,"y":0.0}]
    },
    {
      "SourcePinAddress":{
        "PinID":1,
        "PinOwnerID":1131518137
      },
      "TargetPinAddress":{
        "PinID":696182640,
        "PinOwnerID":1225759320
      },
      "ConnectionType":0,
      "ConnectedWireIndex":-1,
      "ConnectedWireSegmentIndex":-1,
      "Points":[{"x":0.0,"y":0.0},{"x":21.84394,"y":-1.69377},{"x":21.84394,"y":0.66239},{"x":0.0,"y":0.0}]
    },
    {
      "SourcePinAddress":{
        "PinID":727950729,
        "PinOwnerID":950001321
      },
      "TargetPinAddress":{
        "PinID":921331946,
        "PinOwnerID":1314215046
      },
      "ConnectionType":0,
      "ConnectedWireIndex":-1,
      "ConnectedWireSegmentIndex":-1,
      "Points":[{"x":0.0,"y":0.0},{"x":20.39849,"y":-2.1875},{"x":20.39849,"y":0.92661},{"x":0.0,"y":0.0}]
    },
    {
      "SourcePinAddress":{
        "PinID":1781360630,
        "PinOwnerID":950001321
      },
      "TargetPinAddress":{
        "PinID":1138259833,
        "PinOwnerID":1314215046
      },
      "ConnectionType":0,
      "ConnectedWireIndex":-1,
      "ConnectedWireSegmentIndex":-1,
      "Points":[{"x":0.0,"y":0.0},{"x":20.26291,"y":-1.9375},{"x":20.26291,"y":1.43328},{"x":0.0,"y":0.0}]
    },
    {
      "SourcePinAddress":{
        "PinID":8,
        "PinOwnerID":1107337877
      },
      "TargetPinAddress":{
        "PinID":268068168,
        "PinOwnerID":950001321
      },
      "ConnectionType":0,
      "ConnectedWireIndex":-1,
      "ConnectedWireSegmentIndex":-1,
      "Points":[{"x":0.0,"y":0.0},{"x":0.0,"y":0.0}]
    },
    {
      "SourcePinAddress":{
        "PinID":965281170,
        "PinOwnerID":34853686
      },
      "TargetPinAddress":{
        "PinID":0,
        "PinOwnerID":272274040
      },
      "ConnectionType":0,
      "ConnectedWireIndex":-1,
      "ConnectedWireSegmentIndex":-1,
      "Points":[{"x":0.0,"y":0.0},{"x":0.0,"y":0.0}]
    },
    {
      "SourcePinAddress":{
        "PinID":588793998,
        "PinOwnerID":34853686
      },
      "TargetPinAddress":{
        "PinID":1,
        "PinOwnerID":272274040
      },
      "ConnectionType":0,
      "ConnectedWireIndex":-1,
      "ConnectedWireSegmentIndex":-1,
      "Points":[{"x":0.0,"y":0.0},{"x":0.0,"y":0.0}]
    },
    {
      "SourcePinAddress":{
        "PinID":1328485871,
        "PinOwnerID":34853686
      },
      "TargetPinAddress":{
        "PinID":2,
        "PinOwnerID":272274040
      },
      "ConnectionType":0,
      "ConnectedWireIndex":-1,
      "ConnectedWireSegmentIndex":-1,
      "Points":[{"x":0.0,"y":0.0},{"x":0.0,"y":0.0}]
    },
    {
      "SourcePinAddress":{
        "PinID":1868796165,
        "PinOwnerID":34853686
      },
      "TargetPinAddress":{
        "PinID":3,
        "PinOwnerID":272274040
      },
      "ConnectionType":0,
      "ConnectedWireIndex":-1,
      "ConnectedWireSegmentIndex":-1,
      "Points":[{"x":0.0,"y":0.0},{"x":0.0,"y":0.0}]
    },
    {
      "SourcePinAddress":{
        "PinID":1110988285,
        "PinOwnerID":34853686
      },
      "TargetPinAddress":{
        "PinID":4,
        "PinOwnerID":272274040
      },
      "ConnectionType":0,
      "ConnectedWireIndex":-1,
      "ConnectedWireSegmentIndex":-1,
      "Points":[{"x":0.0,"y":0.0},{"x":0.0,"y":0.0}]
    },
    {
      "SourcePinAddress":{
        "PinID":1167685808,
        "PinOwnerID":34853686
      },
      "TargetPinAddress":{
        "PinID":5,
        "PinOwnerID":272274040
      },
      "ConnectionType":0,
      "ConnectedWireIndex":-1,
      "ConnectedWireSegmentIndex":-1,
      "Points":[{"x":0.0,"y":0.0},{"x":0.0,"y":0.0}]
    },
    {
      "SourcePinAddress":{
        "PinID":1532370275,
        "PinOwnerID":34853686
      },
      "TargetPinAddress":{
        "PinID":6,
        "PinOwnerID":272274040
      },
      "ConnectionType":0,
      "ConnectedWireIndex":-1,
      "ConnectedWireSegmentIndex":-1,
      "Points":[{"x":0.0,"y":0.0},{"x":0.0,"y":0.0}]
    },
    {
      "SourcePinAddress":{
        "PinID":1532370275,
        "PinOwnerID":1225759320
      },
      "TargetPinAddress":{
        "PinID":6,
        "PinOwnerID":1552165352
      },
      "ConnectionType":0,
      "ConnectedWireIndex":-1,
      "ConnectedWireSegmentIndex":-1,
      "Points":[{"x":0.0,"y":0.0},{"x":0.0,"y":0.0}]
    },
    {
      "SourcePinAddress":{
        "PinID":1167685808,
        "PinOwnerID":1225759320
      },
      "TargetPinAddress":{
        "PinID":5,
        "PinOwnerID":1552165352
      },
      "ConnectionType":0,
      "ConnectedWireIndex":-1,
      "ConnectedWireSegmentIndex":-1,
      "Points":[{"x":0.0,"y":0.0},{"x":0.0,"y":0.0}]
    },
    {
      "SourcePinAddress":{
        "PinID":1110988285,
        "PinOwnerID":1225759320
      },
      "TargetPinAddress":{
        "PinID":4,
        "PinOwnerID":1552165352
      },
      "ConnectionType":0,
      "ConnectedWireIndex":-1,
      "ConnectedWireSegmentIndex":-1,
      "Points":[{"x":0.0,"y":0.0},{"x":0.0,"y":0.0}]
    },
    {
      "SourcePinAddress":{
        "PinID":1868796165,
        "PinOwnerID":1225759320
      },
      "TargetPinAddress":{
        "PinID":3,
        "PinOwnerID":1552165352
      },
      "ConnectionType":0,
      "ConnectedWireIndex":-1,
      "ConnectedWireSegmentIndex":-1,
      "Points":[{"x":0.0,"y":0.0},{"x":0.0,"y":0.0}]
    },
    {
      "SourcePinAddress":{
        "PinID":1328485871,
        "PinOwnerID":1225759320
      },
      "TargetPinAddress":{
        "PinID":2,
        "PinOwnerID":1552165352
      },
      "ConnectionType":0,
      "ConnectedWireIndex":-1,
      "ConnectedWireSegmentIndex":-1,
      "Points":[{"x":0.0,"y":0.0},{"x":0.0,"y":0.0}]
    },
    {
      "SourcePinAddress":{
        "PinID":588793998,
        "PinOwnerID":1225759320
      },
      "TargetPinAddress":{
        "PinID":1,
        "PinOwnerID":1552165352
      },
      "ConnectionType":0,
      "ConnectedWireIndex":-1,
      "ConnectedWireSegmentIndex":-1,
      "Points":[{"x":0.0,"y":0.0},{"x":0.0,"y":0.0}]
    },
    {
      "SourcePinAddress":{
        "PinID":965281170,
        "PinOwnerID":1225759320
      },
      "TargetPinAddress":{
        "PinID":0,
        "PinOwnerID":1552165352
      },
      "ConnectionType":0,
      "ConnectedWireIndex":-1,
      "ConnectedWireSegmentIndex":-1,
      "Points":[{"x":0.0,"y":0.0},{"x":0.0,"y":0.0}]
    },
    {
      "SourcePinAddress":{
        "PinID":1532370275,
        "PinOwnerID":1314215046
      },
      "TargetPinAddress":{
        "PinID":6,
        "PinOwnerID":1426611246
      },
      "ConnectionType":0,
      "ConnectedWireIndex":-1,
      "ConnectedWireSegmentIndex":-1,
      "Points":[{"x":0.0,"y":0.0},{"x":0.0,"y":0.0}]
    },
    {
      "SourcePinAddress":{
        "PinID":1167685808,
        "PinOwnerID":1314215046
      },
      "TargetPinAddress":{
        "PinID":5,
        "PinOwnerID":1426611246
      },
      "ConnectionType":0,
      "ConnectedWireIndex":-1,
      "ConnectedWireSegmentIndex":-1,
      "Points":[{"x":0.0,"y":0.0},{"x":0.0,"y":0.0}]
    },
    {
      "SourcePinAddress":{
        "PinID":1110988285,
        "PinOwnerID":1314215046
      },
      "TargetPinAddress":{
        "PinID":4,
        "PinOwnerID":1426611246
      },
      "ConnectionType":0,
      "ConnectedWireIndex":-1,
      "ConnectedWireSegmentIndex":-1,
      "Points":[{"x":0.0,"y":0.0},{"x":0.0,"y":0.0}]
    },
    {
      "SourcePinAddress":{
        "PinID":1868796165,
        "PinOwnerID":1314215046
      },
      "TargetPinAddress":{
        "PinID":3,
        "PinOwnerID":1426611246
      },
      "ConnectionType":0,
      "ConnectedWireIndex":-1,
      "ConnectedWireSegmentIndex":-1,
      "Points":[{"x":0.0,"y":0.0},{"x":0.0,"y":0.0}]
    },
    {
      "SourcePinAddress":{
        "PinID":1328485871,
        "PinOwnerID":1314215046
      },
      "TargetPinAddress":{
        "PinID":2,
        "PinOwnerID":1426611246
      },
      "ConnectionType":0,
      "ConnectedWireIndex":-1,
      "ConnectedWireSegmentIndex":-1,
      "Points":[{"x":0.0,"y":0.0},{"x":0.0,"y":0.0}]
    },
    {
      "SourcePinAddress":{
        "PinID":588793998,
        "PinOwnerID":1314215046
      },
      "TargetPinAddress":{
        "PinID":1,
        "PinOwnerID":1426611246
      },
      "ConnectionType":0,
      "ConnectedWireIndex":-1,
      "ConnectedWireSegmentIndex":-1,
      "Points":[{"x":0.0,"y":0.0},{"x":24.48976,"y":2.59566},{"x":0.0,"y":0.0}]
    },
    {
      "SourcePinAddress":{
        "PinID":965281170,
        "PinOwnerID":1314215046
      },
      "TargetPinAddress":{
        "PinID":0,
        "PinOwnerID":1426611246
      },
      "ConnectionType":0,
      "ConnectedWireIndex":-1,
      "ConnectedWireSegmentIndex":-1,
      "Points":[{"x":0.0,"y":0.0},{"x":0.0,"y":0.0}]
    },
    {
      "SourcePinAddress":{
        "PinID":0,
        "PinOwnerID":2121070757
      },
      "TargetPinAddress":{
        "PinID":1009493463,
        "PinOwnerID":703849110
      },
      "ConnectionType":0,
      "ConnectedWireIndex":-1,
      "ConnectedWireSegmentIndex":-1,
      "Points":[{"x":0.0,"y":0.0},{"x":26.10805,"y":-5.4375},{"x":26.10805,"y":1.69813},{"x":0.0,"y":0.0}]
    },
    {
      "SourcePinAddress":{
        "PinID":0,
        "PinOwnerID":2121070757
      },
      "TargetPinAddress":{
        "PinID":1009493463,
        "PinOwnerID":662864947
      },
      "ConnectionType":1,
      "ConnectedWireIndex":33,
      "ConnectedWireSegmentIndex":1,
      "Points":[{"x":26.10805,"y":-0.38273},{"x":0.0,"y":0.0}]
    },
    {
      "SourcePinAddress":{
        "PinID":0,
        "PinOwnerID":2121070757
      },
      "TargetPinAddress":{
        "PinID":1009493463,
        "PinOwnerID":2040144054
      },
      "ConnectionType":1,
      "ConnectedWireIndex":33,
      "ConnectedWireSegmentIndex":1,
      "Points":[{"x":26.10805,"y":-2.42208},{"x":0.0,"y":0.0}]
    },
    {
      "SourcePinAddress":{
        "PinID":8,
        "PinOwnerID":272274040
      },
      "TargetPinAddress":{
        "PinID":1148695259,
        "PinOwnerID":2040144054
      },
      "ConnectionType":0,
      "ConnectedWireIndex":-1,
      "ConnectedWireSegmentIndex":-1,
      "Points":[{"x":0.0,"y":0.0},{"x":0.0,"y":0.0}]
    },
    {
      "SourcePinAddress":{
        "PinID":8,
        "PinOwnerID":1552165352
      },
      "TargetPinAddress":{
        "PinID":1148695259,
        "PinOwnerID":662864947
      },
      "ConnectionType":0,
      "ConnectedWireIndex":-1,
      "ConnectedWireSegmentIndex":-1,
      "Points":[{"x":0.0,"y":0.0},{"x":0.0,"y":0.0}]
    },
    {
      "SourcePinAddress":{
        "PinID":8,
        "PinOwnerID":1426611246
      },
      "TargetPinAddress":{
        "PinID":1148695259,
        "PinOwnerID":703849110
      },
      "ConnectionType":0,
      "ConnectedWireIndex":-1,
      "ConnectedWireSegmentIndex":-1,
      "Points":[{"x":0.0,"y":0.0},{"x":0.0,"y":0.0}]
    },
    {
      "SourcePinAddress":{
        "PinID":1164945729,
        "PinOwnerID":703849110
      },
      "TargetPinAddress":{
        "PinID":0,
        "PinOwnerID":98010342
      },
      "ConnectionType":0,
      "ConnectedWireIndex":-1,
      "ConnectedWireSegmentIndex":-1,
      "Points":[{"x":0.0,"y":0.0},{"x":0.0,"y":0.0}]
    },
    {
      "SourcePinAddress":{
        "PinID":1164945729,
        "PinOwnerID":662864947
      },
      "TargetPinAddress":{
        "PinID":0,
        "PinOwnerID":248860206
      },
      "ConnectionType":0,
      "ConnectedWireIndex":-1,
      "ConnectedWireSegmentIndex":-1,
      "Points":[{"x":0.0,"y":0.0},{"x":0.0,"y":0.0}]
    },
    {
      "SourcePinAddress":{
        "PinID":1164945729,
        "PinOwnerID":2040144054
      },
      "TargetPinAddress":{
        "PinID":0,
        "PinOwnerID":1536011597
      },
      "ConnectionType":0,
      "ConnectedWireIndex":-1,
      "ConnectedWireSegmentIndex":-1,
      "Points":[{"x":0.0,"y":0.0},{"x":0.0,"y":0.0}]
    },
    {
      "SourcePinAddress":{
        "PinID":7,
        "PinOwnerID":248860206
      },
      "TargetPinAddress":{
        "PinID":6,
        "PinOwnerID":3614963
      },
      "ConnectionType":0,
      "ConnectedWireIndex":-1,
      "ConnectedWireSegmentIndex":-1,
      "Points":[{"x":0.0,"y":0.0},{"x":0.0,"y":0.0}]
    },
    {
      "SourcePinAddress":{
        "PinID":6,
        "PinOwnerID":248860206
      },
      "TargetPinAddress":{
        "PinID":5,
        "PinOwnerID":3614963
      },
      "ConnectionType":0,
      "ConnectedWireIndex":-1,
      "ConnectedWireSegmentIndex":-1,
      "Points":[{"x":0.0,"y":0.0},{"x":0.0,"y":0.0}]
    },
    {
      "SourcePinAddress":{
        "PinID":5,
        "PinOwnerID":248860206
      },
      "TargetPinAddress":{
        "PinID":4,
        "PinOwnerID":3614963
      },
      "ConnectionType":0,
      "ConnectedWireIndex":-1,
      "ConnectedWireSegmentIndex":-1,
      "Points":[{"x":0.0,"y":0.0},{"x":0.0,"y":0.0}]
    },
    {
      "SourcePinAddress":{
        "PinID":4,
        "PinOwnerID":248860206
      },
      "TargetPinAddress":{
        "PinID":3,
        "PinOwnerID":3614963
      },
      "ConnectionType":0,
      "ConnectedWireIndex":-1,
      "ConnectedWireSegmentIndex":-1,
      "Points":[{"x":0.0,"y":0.0},{"x":0.0,"y":0.0}]
    },
    {
      "SourcePinAddress":{
        "PinID":3,
        "PinOwnerID":248860206
      },
      "TargetPinAddress":{
        "PinID":2,
        "PinOwnerID":3614963
      },
      "ConnectionType":0,
      "ConnectedWireIndex":-1,
      "ConnectedWireSegmentIndex":-1,
      "Points":[{"x":0.0,"y":0.0},{"x":0.0,"y":0.0}]
    },
    {
      "SourcePinAddress":{
        "PinID":2,
        "PinOwnerID":248860206
      },
      "TargetPinAddress":{
        "PinID":1,
        "PinOwnerID":3614963
      },
      "ConnectionType":0,
      "ConnectedWireIndex":-1,
      "ConnectedWireSegmentIndex":-1,
      "Points":[{"x":0.0,"y":0.0},{"x":0.0,"y":0.0}]
    },
    {
      "SourcePinAddress":{
        "PinID":1,
        "PinOwnerID":248860206
      },
      "TargetPinAddress":{
        "PinID":0,
        "PinOwnerID":3614963
      },
      "ConnectionType":0,
      "ConnectedWireIndex":-1,
      "ConnectedWireSegmentIndex":-1,
      "Points":[{"x":0.0,"y":0.0},{"x":0.0,"y":0.0}]
    },
    {
      "SourcePinAddress":{
        "PinID":1,
        "PinOwnerID":1536011597
      },
      "TargetPinAddress":{
        "PinID":0,
        "PinOwnerID":513300957
      },
      "ConnectionType":0,
      "ConnectedWireIndex":-1,
      "ConnectedWireSegmentIndex":-1,
      "Points":[{"x":0.0,"y":0.0},{"x":0.0,"y":0.0}]
    },
    {
      "SourcePinAddress":{
        "PinID":2,
        "PinOwnerID":1536011597
      },
      "TargetPinAddress":{
        "PinID":1,
        "PinOwnerID":513300957
      },
      "ConnectionType":0,
      "ConnectedWireIndex":-1,
      "ConnectedWireSegmentIndex":-1,
      "Points":[{"x":0.0,"y":0.0},{"x":0.0,"y":0.0}]
    },
    {
      "SourcePinAddress":{
        "PinID":3,
        "PinOwnerID":1536011597
      },
      "TargetPinAddress":{
        "PinID":2,
        "PinOwnerID":513300957
      },
      "ConnectionType":0,
      "ConnectedWireIndex":-1,
      "ConnectedWireSegmentIndex":-1,
      "Points":[{"x":0.0,"y":0.0},{"x":0.0,"y":0.0}]
    },
    {
      "SourcePinAddress":{
        "PinID":4,
        "PinOwnerID":1536011597
      },
      "TargetPinAddress":{
        "PinID":3,
        "PinOwnerID":513300957
      },
      "ConnectionType":0,
      "ConnectedWireIndex":-1,
      "ConnectedWireSegmentIndex":-1,
      "Points":[{"x":0.0,"y":0.0},{"x":0.0,"y":0.0}]
    },
    {
      "SourcePinAddress":{
        "PinID":5,
        "PinOwnerID":1536011597
      },
      "TargetPinAddress":{
        "PinID":4,
        "PinOwnerID":513300957
      },
      "ConnectionType":0,
      "ConnectedWireIndex":-1,
      "ConnectedWireSegmentIndex":-1,
      "Points":[{"x":0.0,"y":0.0},{"x":0.0,"y":0.0}]
    },
    {
      "SourcePinAddress":{
        "PinID":6,
        "PinOwnerID":1536011597
      },
      "TargetPinAddress":{
        "PinID":5,
        "PinOwnerID":513300957
      },
      "ConnectionType":0,
      "ConnectedWireIndex":-1,
      "ConnectedWireSegmentIndex":-1,
      "Points":[{"x":0.0,"y":0.0},{"x":0.0,"y":0.0}]
    },
    {
      "SourcePinAddress":{
        "PinID":7,
        "PinOwnerID":1536011597
      },
      "TargetPinAddress":{
        "PinID":6,
        "PinOwnerID":513300957
      },
      "ConnectionType":0,
      "ConnectedWireIndex":-1,
      "ConnectedWireSegmentIndex":-1,
      "Points":[{"x":0.0,"y":0.0},{"x":0.0,"y":0.0}]
    },
    {
      "SourcePinAddress":{
        "PinID":1,
        "PinOwnerID":98010342
      },
      "TargetPinAddress":{
        "PinID":0,
        "PinOwnerID":974870122
      },
      "ConnectionType":0,
      "ConnectedWireIndex":-1,
      "ConnectedWireSegmentIndex":-1,
      "Points":[{"x":0.0,"y":0.0},{"x":0.0,"y":0.0}]
    },
    {
      "SourcePinAddress":{
        "PinID":2,
        "PinOwnerID":98010342
      },
      "TargetPinAddress":{
        "PinID":1,
        "PinOwnerID":974870122
      },
      "ConnectionType":0,
      "ConnectedWireIndex":-1,
      "ConnectedWireSegmentIndex":-1,
      "Points":[{"x":0.0,"y":0.0},{"x":0.0,"y":0.0}]
    },
    {
      "SourcePinAddress":{
        "PinID":3,
        "PinOwnerID":98010342
      },
      "TargetPinAddress":{
        "PinID":2,
        "PinOwnerID":974870122
      },
      "ConnectionType":0,
      "ConnectedWireIndex":-1,
      "ConnectedWireSegmentIndex":-1,
      "Points":[{"x":0.0,"y":0.0},{"x":0.0,"y":0.0}]
    },
    {
      "SourcePinAddress":{
        "PinID":4,
        "PinOwnerID":98010342
      },
      "TargetPinAddress":{
        "PinID":3,
        "PinOwnerID":974870122
      },
      "ConnectionType":0,
      "ConnectedWireIndex":-1,
      "ConnectedWireSegmentIndex":-1,
      "Points":[{"x":0.0,"y":0.0},{"x":0.0,"y":0.0}]
    },
    {
      "SourcePinAddress":{
        "PinID":5,
        "PinOwnerID":98010342
      },
      "TargetPinAddress":{
        "PinID":4,
        "PinOwnerID":974870122
      },
      "ConnectionType":0,
      "ConnectedWireIndex":-1,
      "ConnectedWireSegmentIndex":-1,
      "Points":[{"x":0.0,"y":0.0},{"x":0.0,"y":0.0}]
    },
    {
      "SourcePinAddress":{
        "PinID":6,
        "PinOwnerID":98010342
      },
      "TargetPinAddress":{
        "PinID":5,
        "PinOwnerID":974870122
      },
      "ConnectionType":0,
      "ConnectedWireIndex":-1,
      "ConnectedWireSegmentIndex":-1,
      "Points":[{"x":0.0,"y":0.0},{"x":0.0,"y":0.0}]
    },
    {
      "SourcePinAddress":{
        "PinID":7,
        "PinOwnerID":98010342
      },
      "TargetPinAddress":{
        "PinID":6,
        "PinOwnerID":974870122
      },
      "ConnectionType":0,
      "ConnectedWireIndex":-1,
      "ConnectedWireSegmentIndex":-1,
      "Points":[{"x":0.0,"y":0.0},{"x":0.0,"y":0.0}]
    },
    {
      "SourcePinAddress":{
        "PinID":0,
        "PinOwnerID":1785728417
      },
      "TargetPinAddress":{
        "PinID":1352381057,
        "PinOwnerID":214864086
      },
      "ConnectionType":0,
      "ConnectedWireIndex":-1,
      "ConnectedWireSegmentIndex":-1,
      "Points":[{"x":0.0,"y":0.0},{"x":0.0,"y":0.0}]
    },
    {
      "SourcePinAddress":{
        "PinID":0,
        "PinOwnerID":2118057672
      },
      "TargetPinAddress":{
        "PinID":1352381057,
        "PinOwnerID":1536445318
      },
      "ConnectionType":0,
      "ConnectedWireIndex":-1,
      "ConnectedWireSegmentIndex":-1,
      "Points":[{"x":0.0,"y":0.0},{"x":0.0,"y":0.0}]
    },
    {
      "SourcePinAddress":{
        "PinID":0,
        "PinOwnerID":1031931685
      },
      "TargetPinAddress":{
        "PinID":1352381057,
        "PinOwnerID":1431179910
      },
      "ConnectionType":0,
      "ConnectedWireIndex":-1,
      "ConnectedWireSegmentIndex":-1,
      "Points":[{"x":0.0,"y":0.0},{"x":0.0,"y":0.0}]
    },
    {
      "SourcePinAddress":{
        "PinID":0,
        "PinOwnerID":1172481764
      },
      "TargetPinAddress":{
        "PinID":1352381057,
        "PinOwnerID":293060310
      },
      "ConnectionType":0,
      "ConnectedWireIndex":-1,
      "ConnectedWireSegmentIndex":-1,
      "Points":[{"x":0.0,"y":0.0},{"x":0.0,"y":0.0}]
    },
    {
      "SourcePinAddress":{
        "PinID":0,
        "PinOwnerID":1038616311
      },
      "TargetPinAddress":{
        "PinID":1352381057,
        "PinOwnerID":67922457
      },
      "ConnectionType":0,
      "ConnectedWireIndex":-1,
      "ConnectedWireSegmentIndex":-1,
      "Points":[{"x":0.0,"y":0.0},{"x":0.0,"y":0.0}]
    },
    {
      "SourcePinAddress":{
        "PinID":0,
        "PinOwnerID":206062345
      },
      "TargetPinAddress":{
        "PinID":1352381057,
        "PinOwnerID":29994351
      },
      "ConnectionType":0,
      "ConnectedWireIndex":-1,
      "ConnectedWireSegmentIndex":-1,
      "Points":[{"x":0.0,"y":0.0},{"x":0.0,"y":0.0}]
    },
    {
      "SourcePinAddress":{
        "PinID":0,
        "PinOwnerID":1039442956
      },
      "TargetPinAddress":{
        "PinID":1352381057,
        "PinOwnerID":29100207
      },
      "ConnectionType":0,
      "ConnectedWireIndex":-1,
      "ConnectedWireSegmentIndex":-1,
      "Points":[{"x":0.0,"y":0.0},{"x":0.0,"y":0.0}]
    },
    {
      "SourcePinAddress":{
        "PinID":0,
        "PinOwnerID":575284115
      },
      "TargetPinAddress":{
        "PinID":1352381057,
        "PinOwnerID":1957555488
      },
      "ConnectionType":0,
      "ConnectedWireIndex":-1,
      "ConnectedWireSegmentIndex":-1,
      "Points":[{"x":0.0,"y":0.0},{"x":0.0,"y":0.0}]
    },
    {
      "SourcePinAddress":{
        "PinID":477305350,
        "PinOwnerID":1957555488
      },
      "TargetPinAddress":{
        "PinID":898287532,
        "PinOwnerID":1690241101
      },
      "ConnectionType":0,
      "ConnectedWireIndex":-1,
      "ConnectedWireSegmentIndex":-1,
      "Points":[{"x":0.0,"y":0.0},{"x":0.0,"y":0.0}]
    },
    {
      "SourcePinAddress":{
        "PinID":477305350,
        "PinOwnerID":29100207
      },
      "TargetPinAddress":{
        "PinID":1679457542,
        "PinOwnerID":1690241101
      },
      "ConnectionType":0,
      "ConnectedWireIndex":-1,
      "ConnectedWireSegmentIndex":-1,
      "Points":[{"x":0.0,"y":0.0},{"x":14.46258,"y":-1.0586},{"x":0.0,"y":0.0}]
    },
    {
      "SourcePinAddress":{
        "PinID":477305350,
        "PinOwnerID":29994351
      },
      "TargetPinAddress":{
        "PinID":547622031,
        "PinOwnerID":1690241101
      },
      "ConnectionType":0,
      "ConnectedWireIndex":-1,
      "ConnectedWireSegmentIndex":-1,
      "Points":[{"x":0.0,"y":0.0},{"x":0.0,"y":0.0}]
    },
    {
      "SourcePinAddress":{
        "PinID":477305350,
        "PinOwnerID":67922457
      },
      "TargetPinAddress":{
        "PinID":905632089,
        "PinOwnerID":1690241101
      },
      "ConnectionType":0,
      "ConnectedWireIndex":-1,
      "ConnectedWireSegmentIndex":-1,
      "Points":[{"x":0.0,"y":0.0},{"x":0.0,"y":0.0}]
    },
    {
      "SourcePinAddress":{
        "PinID":477305350,
        "PinOwnerID":293060310
      },
      "TargetPinAddress":{
        "PinID":312640426,
        "PinOwnerID":1690241101
      },
      "ConnectionType":0,
      "ConnectedWireIndex":-1,
      "ConnectedWireSegmentIndex":-1,
      "Points":[{"x":0.0,"y":0.0},{"x":0.0,"y":0.0}]
    },
    {
      "SourcePinAddress":{
        "PinID":477305350,
        "PinOwnerID":1431179910
      },
      "TargetPinAddress":{
        "PinID":1250701257,
        "PinOwnerID":1690241101
      },
      "ConnectionType":0,
      "ConnectedWireIndex":-1,
      "ConnectedWireSegmentIndex":-1,
      "Points":[{"x":0.0,"y":0.0},{"x":0.0,"y":0.0}]
    },
    {
      "SourcePinAddress":{
        "PinID":477305350,
        "PinOwnerID":1536445318
      },
      "TargetPinAddress":{
        "PinID":1381236483,
        "PinOwnerID":1690241101
      },
      "ConnectionType":0,
      "ConnectedWireIndex":-1,
      "ConnectedWireSegmentIndex":-1,
      "Points":[{"x":0.0,"y":0.0},{"x":0.0,"y":0.0}]
    },
    {
      "SourcePinAddress":{
        "PinID":477305350,
        "PinOwnerID":214864086
      },
      "TargetPinAddress":{
        "PinID":889604457,
        "PinOwnerID":1690241101
      },
      "ConnectionType":0,
      "ConnectedWireIndex":-1,
      "ConnectedWireSegmentIndex":-1,
      "Points":[{"x":0.0,"y":0.0},{"x":0.0,"y":0.0}]
    },
    {
      "SourcePinAddress":{
        "PinID":0,
        "PinOwnerID":198537343
      },
      "TargetPinAddress":{
        "PinID":673892883,
        "PinOwnerID":1957555488
      },
      "ConnectionType":0,
      "ConnectedWireIndex":-1,
      "ConnectedWireSegmentIndex":-1,
      "Points":[{"x":0.0,"y":0.0},{"x":13.12418,"y":-6.00394},{"x":13.12418,"y":-0.89252},{"x":0.0,"y":0.0}]
    },
    {
      "SourcePinAddress":{
        "PinID":0,
        "PinOwnerID":198537343
      },
      "TargetPinAddress":{
        "PinID":673892883,
        "PinOwnerID":29100207
      },
      "ConnectionType":1,
      "ConnectedWireIndex":79,
      "ConnectedWireSegmentIndex":1,
      "Points":[{"x":13.12418,"y":-1.47685},{"x":0.0,"y":0.0}]
    },
    {
      "SourcePinAddress":{
        "PinID":0,
        "PinOwnerID":198537343
      },
      "TargetPinAddress":{
        "PinID":673892883,
        "PinOwnerID":29994351
      },
      "ConnectionType":1,
      "ConnectedWireIndex":79,
      "ConnectedWireSegmentIndex":1,
      "Points":[{"x":13.12418,"y":-2.04927},{"x":0.0,"y":0.0}]
    },
    {
      "SourcePinAddress":{
        "PinID":0,
        "PinOwnerID":198537343
      },
      "TargetPinAddress":{
        "PinID":673892883,
        "PinOwnerID":67922457
      },
      "ConnectionType":1,
      "ConnectedWireIndex":79,
      "ConnectedWireSegmentIndex":1,
      "Points":[{"x":13.12418,"y":-2.63669},{"x":0.0,"y":0.0}]
    },
    {
      "SourcePinAddress":{
        "PinID":0,
        "PinOwnerID":198537343
      },
      "TargetPinAddress":{
        "PinID":673892883,
        "PinOwnerID":293060310
      },
      "ConnectionType":1,
      "ConnectedWireIndex":79,
      "ConnectedWireSegmentIndex":1,
      "Points":[{"x":13.12418,"y":-3.22287},{"x":0.0,"y":0.0}]
    },
    {
      "SourcePinAddress":{
        "PinID":0,
        "PinOwnerID":198537343
      },
      "TargetPinAddress":{
        "PinID":673892883,
        "PinOwnerID":1431179910
      },
      "ConnectionType":1,
      "ConnectedWireIndex":79,
      "ConnectedWireSegmentIndex":1,
      "Points":[{"x":13.12418,"y":-3.81028},{"x":0.0,"y":0.0}]
    },
    {
      "SourcePinAddress":{
        "PinID":0,
        "PinOwnerID":198537343
      },
      "TargetPinAddress":{
        "PinID":673892883,
        "PinOwnerID":1536445318
      },
      "ConnectionType":1,
      "ConnectedWireIndex":79,
      "ConnectedWireSegmentIndex":1,
      "Points":[{"x":13.12418,"y":-4.3827},{"x":0.0,"y":0.0}]
    },
    {
      "SourcePinAddress":{
        "PinID":0,
        "PinOwnerID":198537343
      },
      "TargetPinAddress":{
        "PinID":673892883,
        "PinOwnerID":214864086
      },
      "ConnectionType":1,
      "ConnectedWireIndex":79,
      "ConnectedWireSegmentIndex":1,
      "Points":[{"x":13.12418,"y":-4.97012},{"x":0.0,"y":0.0}]
    },
    {
      "SourcePinAddress":{
        "PinID":0,
        "PinOwnerID":198537343
      },
      "TargetPinAddress":{
        "PinID":811507563,
        "PinOwnerID":1690241101
      },
      "ConnectionType":1,
      "ConnectedWireIndex":79,
      "ConnectedWireSegmentIndex":1,
      "Points":[{"x":13.12418,"y":-5.99803},{"x":14.25032,"y":-5.99803},{"x":14.25032,"y":-4.81235},{"x":0.0,"y":0.0}]
    },
    {
      "SourcePinAddress":{
        "PinID":487694368,
        "PinOwnerID":1690241101
      },
      "TargetPinAddress":{
        "PinID":0,
        "PinOwnerID":1107337877
      },
      "ConnectionType":0,
      "ConnectedWireIndex":-1,
      "ConnectedWireSegmentIndex":-1,
      "Points":[{"x":0.0,"y":0.0},{"x":0.0,"y":0.0}]
    },
    {
      "SourcePinAddress":{
        "PinID":1037460116,
        "PinOwnerID":1690241101
      },
      "TargetPinAddress":{
        "PinID":1,
        "PinOwnerID":1107337877
      },
      "ConnectionType":0,
      "ConnectedWireIndex":-1,
      "ConnectedWireSegmentIndex":-1,
      "Points":[{"x":0.0,"y":0.0},{"x":0.0,"y":0.0}]
    },
    {
      "SourcePinAddress":{
        "PinID":168965031,
        "PinOwnerID":1690241101
      },
      "TargetPinAddress":{
        "PinID":2,
        "PinOwnerID":1107337877
      },
      "ConnectionType":0,
      "ConnectedWireIndex":-1,
      "ConnectedWireSegmentIndex":-1,
      "Points":[{"x":0.0,"y":0.0},{"x":0.0,"y":0.0}]
    },
    {
      "SourcePinAddress":{
        "PinID":1734400126,
        "PinOwnerID":1690241101
      },
      "TargetPinAddress":{
        "PinID":3,
        "PinOwnerID":1107337877
      },
      "ConnectionType":0,
      "ConnectedWireIndex":-1,
      "ConnectedWireSegmentIndex":-1,
      "Points":[{"x":0.0,"y":0.0},{"x":0.0,"y":0.0}]
    },
    {
      "SourcePinAddress":{
        "PinID":1159822455,
        "PinOwnerID":1690241101
      },
      "TargetPinAddress":{
        "PinID":4,
        "PinOwnerID":1107337877
      },
      "ConnectionType":0,
      "ConnectedWireIndex":-1,
      "ConnectedWireSegmentIndex":-1,
      "Points":[{"x":0.0,"y":0.0},{"x":0.0,"y":0.0}]
    },
    {
      "SourcePinAddress":{
        "PinID":256994951,
        "PinOwnerID":1690241101
      },
      "TargetPinAddress":{
        "PinID":5,
        "PinOwnerID":1107337877
      },
      "ConnectionType":0,
      "ConnectedWireIndex":-1,
      "ConnectedWireSegmentIndex":-1,
      "Points":[{"x":0.0,"y":0.0},{"x":0.0,"y":0.0}]
    },
    {
      "SourcePinAddress":{
        "PinID":1588873607,
        "PinOwnerID":1690241101
      },
      "TargetPinAddress":{
        "PinID":6,
        "PinOwnerID":1107337877
      },
      "ConnectionType":0,
      "ConnectedWireIndex":-1,
      "ConnectedWireSegmentIndex":-1,
      "Points":[{"x":0.0,"y":0.0},{"x":0.0,"y":0.0}]
    },
    {
      "SourcePinAddress":{
        "PinID":583348545,
        "PinOwnerID":1690241101
      },
      "TargetPinAddress":{
        "PinID":7,
        "PinOwnerID":1107337877
      },
      "ConnectionType":0,
      "ConnectedWireIndex":-1,
      "ConnectedWireSegmentIndex":-1,
      "Points":[{"x":0.0,"y":0.0},{"x":0.0,"y":0.0}]
    },
    {
      "SourcePinAddress":{
        "PinID":8,
        "PinOwnerID":1595077283
      },
      "TargetPinAddress":{
        "PinID":0,
        "PinOwnerID":1801008145
      },
      "ConnectionType":0,
      "ConnectedWireIndex":-1,
      "ConnectedWireSegmentIndex":-1,
      "Points":[{"x":0.0,"y":0.0},{"x":0.0,"y":0.0}]
    },
    {
      "SourcePinAddress":{
        "PinID":1164945729,
        "PinOwnerID":2040144054
      },
      "TargetPinAddress":{
        "PinID":0,
        "PinOwnerID":1958153305
      },
      "ConnectionType":1,
      "ConnectedWireIndex":41,
      "ConnectedWireSegmentIndex":0,
      "Points":[{"x":27.82204,"y":-2.1851},{"x":27.82204,"y":-3.92352},{"x":30.43255,"y":-3.92352},{"x":30.43255,"y":-4.70986},{"x":0.0,"y":0.0}]
    },
    {
      "SourcePinAddress":{
        "PinID":1164945729,
        "PinOwnerID":662864947
      },
      "TargetPinAddress":{
        "PinID":0,
        "PinOwnerID":1409483691
      },
      "ConnectionType":1,
      "ConnectedWireIndex":40,
      "ConnectedWireSegmentIndex":0,
      "Points":[{"x":27.75823,"y":-0.11136},{"x":27.76247,"y":-4.08816},{"x":32.45691,"y":-4.08816},{"x":32.45691,"y":-4.6875},{"x":0.0,"y":0.0}]
    },
    {
      "SourcePinAddress":{
        "PinID":1164945729,
        "PinOwnerID":703849110
      },
      "TargetPinAddress":{
        "PinID":0,
        "PinOwnerID":1257572929
      },
      "ConnectionType":1,
      "ConnectedWireIndex":39,
      "ConnectedWireSegmentIndex":0,
      "Points":[{"x":27.82294,"y":1.9732},{"x":27.82294,"y":-3.50408},{"x":35.15894,"y":-3.50408},{"x":35.15894,"y":-4.64613},{"x":0.0,"y":0.0}]
    },
    {
      "SourcePinAddress":{
        "PinID":0,
        "PinOwnerID":198537343
      },
      "TargetPinAddress":{
        "PinID":707504547,
        "PinOwnerID":534663922
      },
      "ConnectionType":1,
      "ConnectedWireIndex":87,
      "ConnectedWireSegmentIndex":1,
      "Points":[{"x":14.25032,"y":-5.9231},{"x":15.88082,"y":-5.9231},{"x":15.88082,"y":-4.85922},{"x":0.0,"y":0.0}]
    },
    {
      "SourcePinAddress":{
        "PinID":1931642737,
        "PinOwnerID":534663922
      },
      "TargetPinAddress":{
        "PinID":211683454,
        "PinOwnerID":1137103569
      },
      "ConnectionType":0,
      "ConnectedWireIndex":-1,
      "ConnectedWireSegmentIndex":-1,
      "Points":[{"x":0.0,"y":0.0},{"x":17.07306,"y":-4.71802},{"x":0.0,"y":0.0}]
    },
    {
      "SourcePinAddress":{
        "PinID":0,
        "PinOwnerID":2121070757
      },
      "TargetPinAddress":{
        "PinID":101598402,
        "PinOwnerID":1137103569
      },
      "ConnectionType":1,
      "ConnectedWireIndex":33,
      "ConnectedWireSegmentIndex":0,
      "Points":[{"x":17.18564,"y":-5.4375},{"x":0.0,"y":0.0}]
    },
    {
      "SourcePinAddress":{
        "PinID":1616067258,
        "PinOwnerID":1137103569
      },
      "TargetPinAddress":{
        "PinID":6,
        "PinOwnerID":1595077283
      },
      "ConnectionType":0,
      "ConnectedWireIndex":-1,
      "ConnectedWireSegmentIndex":-1,
      "Points":[{"x":0.0,"y":0.0},{"x":18.76546,"y":-4.7508},{"x":18.76546,"y":-5.59376},{"x":26.18363,"y":-5.59376},{"x":0.0,"y":0.0}]
    },
    {
      "SourcePinAddress":{
        "PinID":1616067258,
        "PinOwnerID":1137103569
      },
      "TargetPinAddress":{
        "PinID":6,
        "PinOwnerID":838714245
      },
      "ConnectionType":1,
      "ConnectedWireIndex":103,
      "ConnectedWireSegmentIndex":2,
      "Points":[{"x":26.17324,"y":-5.59376},{"x":31.0249,"y":-5.59376},{"x":31.0249,"y":-2.75203},{"x":0.0,"y":0.0}]
    },
    {
      "SourcePinAddress":{
        "PinID":0,
        "PinOwnerID":575284115
      },
      "TargetPinAddress":{
        "PinID":1116648463,
        "PinOwnerID":534663922
      },
      "ConnectionType":1,
      "ConnectedWireIndex":70,
      "ConnectedWireSegmentIndex":0,
      "Points":[{"x":13.24961,"y":-0.63596},{"x":13.24961,"y":-4.63379},{"x":0.0,"y":0.0}]
    }
  ],
  "Displays": null
}