{
  "DLSVersion": "2.1.6",
  "Name": "Call Stack",
  "NameLocation": 0,
  "ChipType": 0,
  "Size": {
    "x": 4.281,
    "y": 8.125
  },
  "Colour": {
    "r": 0.2047682,
    "g": 0.467990726,
    "b": 0.161582366,
    "a": 1
  },
  "InputPins":[
    {
      "Name":"IN",
      "ID":1292358625,
      "Position":{
        "x":32.54785,
        "y":-13.25069
      },
      "BitCount":1,
      "Colour":0,
      "ValueDisplayMode":0
    },
    {
      "Name":"IN",
      "ID":858217972,
      "Position":{
        "x":32.58677,
        "y":-13.79545
      },
      "BitCount":1,
      "Colour":0,
      "ValueDisplayMode":0
    },
    {
      "Name":"IN",
      "ID":869498200,
      "Position":{
        "x":32.56731,
        "y":-14.34021
      },
      "BitCount":1,
      "Colour":0,
      "ValueDisplayMode":0
    },
    {
      "Name":"IN",
      "ID":412859174,
      "Position":{
        "x":32.60622,
        "y":-14.88497
      },
      "BitCount":1,
      "Colour":0,
      "ValueDisplayMode":0
    },
    {
      "Name":"IN",
      "ID":979453753,
      "Position":{
        "x":32.58676,
        "y":-15.42973
      },
      "BitCount":1,
      "Colour":0,
      "ValueDisplayMode":0
    },
    {
      "Name":"IN",
      "ID":334676242,
      "Position":{
        "x":32.62568,
        "y":-15.97449
      },
      "BitCount":1,
      "Colour":0,
      "ValueDisplayMode":0
    },
    {
      "Name":"IN",
      "ID":1096855892,
      "Position":{
        "x":32.60622,
        "y":-16.51925
      },
      "BitCount":1,
      "Colour":0,
      "ValueDisplayMode":0
    },
    {
      "Name":"IN",
      "ID":528143504,
      "Position":{
        "x":32.64513,
        "y":-17.06401
      },
      "BitCount":1,
      "Colour":0,
      "ValueDisplayMode":0
    },
    {
      "Name":"IN",
      "ID":910834545,
      "Position":{
        "x":32.66459,
        "y":-17.5504
      },
      "BitCount":1,
      "Colour":0,
      "ValueDisplayMode":0
    },
    {
      "Name":"IN",
      "ID":1706837114,
      "Position":{
        "x":32.7035,
        "y":-18.09516
      },
      "BitCount":1,
      "Colour":0,
      "ValueDisplayMode":0
    },
    {
      "Name":"CLK",
      "ID":246999034,
      "Position":{
        "x":31.71197,
        "y":-20.64386
      },
      "BitCount":1,
      "Colour":0,
      "ValueDisplayMode":0
    },
    {
      "Name":"PUSH EN",
      "ID":1248486315,
      "Position":{
        "x":31.84657,
        "y":-21.34905
      },
      "BitCount":1,
      "Colour":0,
      "ValueDisplayMode":0
    },
    {
      "Name":"EN",
      "ID":305242881,
      "Position":{
        "x":32.09069,
        "y":-22.35679
      },
      "BitCount":1,
      "Colour":0,
      "ValueDisplayMode":0
    }
  ],
  "OutputPins":[
    {
      "Name":"OUT",
      "ID":1758588643,
      "Position":{
        "x":43.00364,
        "y":-13.18276
      },
      "BitCount":1,
      "Colour":0,
      "ValueDisplayMode":0
    },
    {
      "Name":"OUT",
      "ID":1954749908,
      "Position":{
        "x":42.99037,
        "y":-13.97926
      },
      "BitCount":1,
      "Colour":0,
      "ValueDisplayMode":0
    },
    {
      "Name":"OUT",
      "ID":2106854486,
      "Position":{
        "x":42.97709,
        "y":-14.84213
      },
      "BitCount":1,
      "Colour":0,
      "ValueDisplayMode":0
    },
    {
      "Name":"OUT",
      "ID":304483799,
      "Position":{
        "x":42.96382,
        "y":-15.63863
      },
      "BitCount":1,
      "Colour":0,
      "ValueDisplayMode":0
    },
    {
      "Name":"OUT",
      "ID":386737511,
      "Position":{
        "x":42.96382,
        "y":-16.36876
      },
      "BitCount":1,
      "Colour":0,
      "ValueDisplayMode":0
    },
    {
      "Name":"OUT",
      "ID":1344437822,
      "Position":{
        "x":42.95054,
        "y":-17.16526
      },
      "BitCount":1,
      "Colour":0,
      "ValueDisplayMode":0
    },
    {
      "Name":"OUT",
      "ID":1607565134,
      "Position":{
        "x":42.93727,
        "y":-18.12106
      },
      "BitCount":1,
      "Colour":0,
      "ValueDisplayMode":0
    },
    {
      "Name":"OUT",
      "ID":1258149457,
      "Position":{
        "x":42.92399,
        "y":-18.91756
      },
      "BitCount":1,
      "Colour":0,
      "ValueDisplayMode":0
    },
    {
      "Name":"OUT",
      "ID":1652373909,
      "Position":{
        "x":42.92399,
        "y":-19.64768
      },
      "BitCount":1,
      "Colour":0,
      "ValueDisplayMode":0
    },
    {
      "Name":"OUT",
      "ID":129920947,
      "Position":{
        "x":42.91072,
        "y":-20.44418
      },
      "BitCount":1,
      "Colour":0,
      "ValueDisplayMode":0
    }
  ],
  "SubChips":[
    {
      "Name":"16B Length Stack",
      "ID":322827722,
      "Label":"",
      "Position":{
        "x":40.3123,
        "y":-13.1875
      },
      "OutputPinColourInfo":[{"PinColour":0,"PinID":1064334865}],
      "InternalData":null
    },
    {
      "Name":"16B Length Stack",
      "ID":2078345731,
      "Label":"",
      "Position":{
        "x":40.3123,
        "y":-14.0
      },
      "OutputPinColourInfo":[{"PinColour":0,"PinID":1064334865}],
      "InternalData":null
    },
    {
      "Name":"16B Length Stack",
      "ID":790666679,
      "Label":"",
      "Position":{
        "x":40.3123,
        "y":-14.8125
      },
      "OutputPinColourInfo":[{"PinColour":0,"PinID":1064334865}],
      "InternalData":null
    },
    {
      "Name":"16B Length Stack",
      "ID":2126592168,
      "Label":"",
      "Position":{
        "x":40.3123,
        "y":-15.625
      },
      "OutputPinColourInfo":[{"PinColour":0,"PinID":1064334865}],
      "InternalData":null
    },
    {
      "Name":"16B Length Stack",
      "ID":428874176,
      "Label":"",
      "Position":{
        "x":40.3123,
        "y":-16.4375
      },
      "OutputPinColourInfo":[{"PinColour":0,"PinID":1064334865}],
      "InternalData":null
    },
    {
      "Name":"16B Length Stack",
      "ID":768166816,
      "Label":"",
      "Position":{
        "x":40.3123,
        "y":-17.25
      },
      "OutputPinColourInfo":[{"PinColour":0,"PinID":1064334865}],
      "InternalData":null
    },
    {
      "Name":"16B Length Stack",
      "ID":1467859912,
      "Label":"",
      "Position":{
        "x":40.3123,
        "y":-18.0625
      },
      "OutputPinColourInfo":[{"PinColour":0,"PinID":1064334865}],
      "InternalData":null
    },
    {
      "Name":"16B Length Stack",
      "ID":641057992,
      "Label":"",
      "Position":{
        "x":40.3123,
        "y":-18.875
      },
      "OutputPinColourInfo":[{"PinColour":0,"PinID":1064334865}],
      "InternalData":null
    },
    {
      "Name":"16B Length Stack",
      "ID":1132492788,
      "Label":"",
      "Position":{
        "x":40.3123,
        "y":-20.5
      },
      "OutputPinColourInfo":[{"PinColour":0,"PinID":1064334865}],
      "InternalData":null
    },
    {
      "Name":"16B Length Stack",
      "ID":1008783430,
      "Label":"",
      "Position":{
        "x":40.3123,
        "y":-19.6875
      },
      "OutputPinColourInfo":[{"PinColour":0,"PinID":1064334865}],
      "InternalData":null
    },
    {
      "Name":"NOT",
      "ID":320909591,
      "Label":"",
      "Position":{
        "x":34.4445,
        "y":-22.3533
      },
      "OutputPinColourInfo":[{"PinColour":0,"PinID":14895395}],
      "InternalData":null
    },
    {
      "Name":"OR",
      "ID":1562967618,
      "Label":"",
      "Position":{
        "x":35.53651,
        "y":-20.73392
      },
      "OutputPinColourInfo":[{"PinColour":0,"PinID":1797483099}],
      "InternalData":null
    },
    {
      "Name":"Cancler",
      "ID":731835872,
      "Label":"",
      "Position":{
        "x":34.29401,
        "y":-20.67881
      },
      "OutputPinColourInfo":[{"PinColour":0,"PinID":1616067258}],
      "InternalData":null
    },
    {
      "Name":"NOT",
      "ID":1534902759,
      "Label":"",
      "Position":{
        "x":34.51772,
        "y":-21.36975
      },
      "OutputPinColourInfo":[{"PinColour":0,"PinID":14895395}],
      "InternalData":null
    }
  ],
  "Wires":[
    {
      "SourcePinAddress":{
        "PinID":0,
        "PinOwnerID":1292358625
      },
      "TargetPinAddress":{
        "PinID":738129374,
        "PinOwnerID":322827722
      },
      "ConnectionType":0,
      "ConnectedWireIndex":-1,
      "ConnectedWireSegmentIndex":-1,
      "Points":[{"x":0.0,"y":0.0},{"x":0.0,"y":0.0}]
    },
    {
      "SourcePinAddress":{
        "PinID":0,
        "PinOwnerID":858217972
      },
      "TargetPinAddress":{
        "PinID":738129374,
        "PinOwnerID":2078345731
      },
      "ConnectionType":0,
      "ConnectedWireIndex":-1,
      "ConnectedWireSegmentIndex":-1,
      "Points":[{"x":0.0,"y":0.0},{"x":0.0,"y":0.0}]
    },
    {
      "SourcePinAddress":{
        "PinID":0,
        "PinOwnerID":869498200
      },
      "TargetPinAddress":{
        "PinID":738129374,
        "PinOwnerID":790666679
      },
      "ConnectionType":0,
      "ConnectedWireIndex":-1,
      "ConnectedWireSegmentIndex":-1,
      "Points":[{"x":0.0,"y":0.0},{"x":0.0,"y":0.0}]
    },
    {
      "SourcePinAddress":{
        "PinID":0,
        "PinOwnerID":412859174
      },
      "TargetPinAddress":{
        "PinID":738129374,
        "PinOwnerID":2126592168
      },
      "ConnectionType":0,
      "ConnectedWireIndex":-1,
      "ConnectedWireSegmentIndex":-1,
      "Points":[{"x":0.0,"y":0.0},{"x":0.0,"y":0.0}]
    },
    {
      "SourcePinAddress":{
        "PinID":0,
        "PinOwnerID":979453753
      },
      "TargetPinAddress":{
        "PinID":738129374,
        "PinOwnerID":428874176
      },
      "ConnectionType":0,
      "ConnectedWireIndex":-1,
      "ConnectedWireSegmentIndex":-1,
      "Points":[{"x":0.0,"y":0.0},{"x":0.0,"y":0.0}]
    },
    {
      "SourcePinAddress":{
        "PinID":0,
        "PinOwnerID":334676242
      },
      "TargetPinAddress":{
        "PinID":738129374,
        "PinOwnerID":768166816
      },
      "ConnectionType":0,
      "ConnectedWireIndex":-1,
      "ConnectedWireSegmentIndex":-1,
      "Points":[{"x":0.0,"y":0.0},{"x":0.0,"y":0.0}]
    },
    {
      "SourcePinAddress":{
        "PinID":0,
        "PinOwnerID":1096855892
      },
      "TargetPinAddress":{
        "PinID":738129374,
        "PinOwnerID":1467859912
      },
      "ConnectionType":0,
      "ConnectedWireIndex":-1,
      "ConnectedWireSegmentIndex":-1,
      "Points":[{"x":0.0,"y":0.0},{"x":0.0,"y":0.0}]
    },
    {
      "SourcePinAddress":{
        "PinID":0,
        "PinOwnerID":528143504
      },
      "TargetPinAddress":{
        "PinID":738129374,
        "PinOwnerID":641057992
      },
      "ConnectionType":0,
      "ConnectedWireIndex":-1,
      "ConnectedWireSegmentIndex":-1,
      "Points":[{"x":0.0,"y":0.0},{"x":0.0,"y":0.0}]
    },
    {
      "SourcePinAddress":{
        "PinID":0,
        "PinOwnerID":910834545
      },
      "TargetPinAddress":{
        "PinID":738129374,
        "PinOwnerID":1008783430
      },
      "ConnectionType":0,
      "ConnectedWireIndex":-1,
      "ConnectedWireSegmentIndex":-1,
      "Points":[{"x":0.0,"y":0.0},{"x":0.0,"y":0.0}]
    },
    {
      "SourcePinAddress":{
        "PinID":0,
        "PinOwnerID":1706837114
      },
      "TargetPinAddress":{
        "PinID":738129374,
        "PinOwnerID":1132492788
      },
      "ConnectionType":0,
      "ConnectedWireIndex":-1,
      "ConnectedWireSegmentIndex":-1,
      "Points":[{"x":0.0,"y":0.0},{"x":0.0,"y":0.0}]
    },
    {
      "SourcePinAddress":{
        "PinID":1064334865,
        "PinOwnerID":1467859912
      },
      "TargetPinAddress":{
        "PinID":0,
        "PinOwnerID":1607565134
      },
      "ConnectionType":0,
      "ConnectedWireIndex":-1,
      "ConnectedWireSegmentIndex":-1,
      "Points":[{"x":0.0,"y":0.0},{"x":0.0,"y":0.0}]
    },
    {
      "SourcePinAddress":{
        "PinID":1064334865,
        "PinOwnerID":641057992
      },
      "TargetPinAddress":{
        "PinID":0,
        "PinOwnerID":1258149457
      },
      "ConnectionType":0,
      "ConnectedWireIndex":-1,
      "ConnectedWireSegmentIndex":-1,
      "Points":[{"x":0.0,"y":0.0},{"x":0.0,"y":0.0}]
    },
    {
      "SourcePinAddress":{
        "PinID":1064334865,
        "PinOwnerID":1008783430
      },
      "TargetPinAddress":{
        "PinID":0,
        "PinOwnerID":1652373909
      },
      "ConnectionType":0,
      "ConnectedWireIndex":-1,
      "ConnectedWireSegmentIndex":-1,
      "Points":[{"x":0.0,"y":0.0},{"x":0.0,"y":0.0}]
    },
    {
      "SourcePinAddress":{
        "PinID":1064334865,
        "PinOwnerID":1132492788
      },
      "TargetPinAddress":{
        "PinID":0,
        "PinOwnerID":129920947
      },
      "ConnectionType":0,
      "ConnectedWireIndex":-1,
      "ConnectedWireSegmentIndex":-1,
      "Points":[{"x":0.0,"y":0.0},{"x":0.0,"y":0.0}]
    },
    {
      "SourcePinAddress":{
        "PinID":1064334865,
        "PinOwnerID":768166816
      },
      "TargetPinAddress":{
        "PinID":0,
        "PinOwnerID":1344437822
      },
      "ConnectionType":0,
      "ConnectedWireIndex":-1,
      "ConnectedWireSegmentIndex":-1,
      "Points":[{"x":0.0,"y":0.0},{"x":0.0,"y":0.0}]
    },
    {
      "SourcePinAddress":{
        "PinID":1064334865,
        "PinOwnerID":428874176
      },
      "TargetPinAddress":{
        "PinID":0,
        "PinOwnerID":386737511
      },
      "ConnectionType":0,
      "ConnectedWireIndex":-1,
      "ConnectedWireSegmentIndex":-1,
      "Points":[{"x":0.0,"y":0.0},{"x":0.0,"y":0.0}]
    },
    {
      "SourcePinAddress":{
        "PinID":1064334865,
        "PinOwnerID":2126592168
      },
      "TargetPinAddress":{
        "PinID":0,
        "PinOwnerID":304483799
      },
      "ConnectionType":0,
      "ConnectedWireIndex":-1,
      "ConnectedWireSegmentIndex":-1,
      "Points":[{"x":0.0,"y":0.0},{"x":0.0,"y":0.0}]
    },
    {
      "SourcePinAddress":{
        "PinID":1064334865,
        "PinOwnerID":790666679
      },
      "TargetPinAddress":{
        "PinID":0,
        "PinOwnerID":2106854486
      },
      "ConnectionType":0,
      "ConnectedWireIndex":-1,
      "ConnectedWireSegmentIndex":-1,
      "Points":[{"x":0.0,"y":0.0},{"x":0.0,"y":0.0}]
    },
    {
      "SourcePinAddress":{
        "PinID":1064334865,
        "PinOwnerID":2078345731
      },
      "TargetPinAddress":{
        "PinID":0,
        "PinOwnerID":1954749908
      },
      "ConnectionType":0,
      "ConnectedWireIndex":-1,
      "ConnectedWireSegmentIndex":-1,
      "Points":[{"x":0.0,"y":0.0},{"x":0.0,"y":0.0}]
    },
    {
      "SourcePinAddress":{
        "PinID":1064334865,
        "PinOwnerID":322827722
      },
      "TargetPinAddress":{
        "PinID":0,
        "PinOwnerID":1758588643
      },
      "ConnectionType":0,
      "ConnectedWireIndex":-1,
      "ConnectedWireSegmentIndex":-1,
      "Points":[{"x":0.0,"y":0.0},{"x":0.0,"y":0.0}]
    },
    {
      "SourcePinAddress":{
        "PinID":0,
        "PinOwnerID":246999034
      },
      "TargetPinAddress":{
        "PinID":211683454,
        "PinOwnerID":731835872
      },
      "ConnectionType":0,
      "ConnectedWireIndex":-1,
      "ConnectedWireSegmentIndex":-1,
      "Points":[{"x":0.0,"y":0.0},{"x":0.0,"y":0.0}]
    },
    {
      "SourcePinAddress":{
        "PinID":0,
        "PinOwnerID":305242881
      },
      "TargetPinAddress":{
        "PinID":2030901329,
        "PinOwnerID":320909591
      },
      "ConnectionType":0,
      "ConnectedWireIndex":-1,
      "ConnectedWireSegmentIndex":-1,
      "Points":[{"x":0.0,"y":0.0},{"x":0.0,"y":0.0}]
    },
    {
      "SourcePinAddress":{
        "PinID":1616067258,
        "PinOwnerID":731835872
      },
      "TargetPinAddress":{
        "PinID":1660214207,
        "PinOwnerID":1562967618
      },
      "ConnectionType":0,
      "ConnectedWireIndex":-1,
      "ConnectedWireSegmentIndex":-1,
      "Points":[{"x":0.0,"y":0.0},{"x":0.0,"y":0.0}]
    },
    {
      "SourcePinAddress":{
        "PinID":1797483099,
        "PinOwnerID":1562967618
      },
      "TargetPinAddress":{
        "PinID":1572788086,
        "PinOwnerID":1132492788
      },
      "ConnectionType":0,
      "ConnectedWireIndex":-1,
      "ConnectedWireSegmentIndex":-1,
      "Points":[{"x":0.0,"y":0.0},{"x":35.94117,"y":-20.73392},{"x":0.0,"y":0.0}]
    },
    {
      "SourcePinAddress":{
        "PinID":1797483099,
        "PinOwnerID":1562967618
      },
      "TargetPinAddress":{
        "PinID":1572788086,
        "PinOwnerID":322827722
      },
      "ConnectionType":1,
      "ConnectedWireIndex":23,
      "ConnectedWireSegmentIndex":1,
      "Points":[{"x":35.99619,"y":-20.73417},{"x":35.99619,"y":-13.40621},{"x":0.0,"y":0.0}]
    },
    {
      "SourcePinAddress":{
        "PinID":1797483099,
        "PinOwnerID":1562967618
      },
      "TargetPinAddress":{
        "PinID":1572788086,
        "PinOwnerID":2078345731
      },
      "ConnectionType":1,
      "ConnectedWireIndex":24,
      "ConnectedWireSegmentIndex":0,
      "Points":[{"x":35.99619,"y":-14.25},{"x":0.0,"y":0.0}]
    },
    {
      "SourcePinAddress":{
        "PinID":1797483099,
        "PinOwnerID":1562967618
      },
      "TargetPinAddress":{
        "PinID":1572788086,
        "PinOwnerID":790666679
      },
      "ConnectionType":1,
      "ConnectedWireIndex":24,
      "ConnectedWireSegmentIndex":0,
      "Points":[{"x":35.99619,"y":-15.0625},{"x":0.0,"y":0.0}]
    },
    {
      "SourcePinAddress":{
        "PinID":1797483099,
        "PinOwnerID":1562967618
      },
      "TargetPinAddress":{
        "PinID":1572788086,
        "PinOwnerID":2126592168
      },
      "ConnectionType":1,
      "ConnectedWireIndex":24,
      "ConnectedWireSegmentIndex":0,
      "Points":[{"x":35.99619,"y":-15.875},{"x":0.0,"y":0.0}]
    },
    {
      "SourcePinAddress":{
        "PinID":1797483099,
        "PinOwnerID":1562967618
      },
      "TargetPinAddress":{
        "PinID":1572788086,
        "PinOwnerID":428874176
      },
      "ConnectionType":1,
      "ConnectedWireIndex":24,
      "ConnectedWireSegmentIndex":0,
      "Points":[{"x":35.99619,"y":-16.6875},{"x":0.0,"y":0.0}]
    },
    {
      "SourcePinAddress":{
        "PinID":1797483099,
        "PinOwnerID":1562967618
      },
      "TargetPinAddress":{
        "PinID":1572788086,
        "PinOwnerID":768166816
      },
      "ConnectionType":1,
      "ConnectedWireIndex":24,
      "ConnectedWireSegmentIndex":0,
      "Points":[{"x":35.99619,"y":-17.5},{"x":0.0,"y":0.0}]
    },
    {
      "SourcePinAddress":{
        "PinID":1797483099,
        "PinOwnerID":1562967618
      },
      "TargetPinAddress":{
        "PinID":1572788086,
        "PinOwnerID":1467859912
      },
      "ConnectionType":1,
      "ConnectedWireIndex":24,
      "ConnectedWireSegmentIndex":0,
      "Points":[{"x":35.99619,"y":-18.3125},{"x":0.0,"y":0.0}]
    },
    {
      "SourcePinAddress":{
        "PinID":1797483099,
        "PinOwnerID":1562967618
      },
      "TargetPinAddress":{
        "PinID":1572788086,
        "PinOwnerID":641057992
      },
      "ConnectionType":1,
      "ConnectedWireIndex":24,
      "ConnectedWireSegmentIndex":0,
      "Points":[{"x":35.99619,"y":-19.125},{"x":0.0,"y":0.0}]
    },
    {
      "SourcePinAddress":{
        "PinID":1797483099,
        "PinOwnerID":1562967618
      },
      "TargetPinAddress":{
        "PinID":1572788086,
        "PinOwnerID":1008783430
      },
      "ConnectionType":1,
      "ConnectedWireIndex":24,
      "ConnectedWireSegmentIndex":0,
      "Points":[{"x":35.99619,"y":-19.9375},{"x":0.0,"y":0.0}]
    },
    {
      "SourcePinAddress":{
        "PinID":0,
        "PinOwnerID":1248486315
      },
      "TargetPinAddress":{
        "PinID":2030901329,
        "PinOwnerID":1534902759
      },
      "ConnectionType":0,
      "ConnectedWireIndex":-1,
      "ConnectedWireSegmentIndex":-1,
      "Points":[{"x":0.0,"y":0.0},{"x":0.0,"y":0.0}]
    },
    {
      "SourcePinAddress":{
        "PinID":14895395,
        "PinOwnerID":320909591
      },
      "TargetPinAddress":{
        "PinID":101598402,
        "PinOwnerID":731835872
      },
      "ConnectionType":0,
      "ConnectedWireIndex":-1,
      "ConnectedWireSegmentIndex":-1,
      "Points":[{"x":0.0,"y":0.0},{"x":35.10868,"y":-22.38655},{"x":35.10868,"y":-21.89118},{"x":33.47485,"y":-21.89118},{"x":33.47485,"y":-20.80381},{"x":0.0,"y":0.0}]
    },
    {
      "SourcePinAddress":{
        "PinID":14895395,
        "PinOwnerID":1534902759
      },
      "TargetPinAddress":{
        "PinID":365805830,
        "PinOwnerID":322827722
      },
      "ConnectionType":0,
      "ConnectedWireIndex":-1,
      "ConnectedWireSegmentIndex":-1,
      "Points":[{"x":0.0,"y":0.0},{"x":39.0892,"y":-21.36975},{"x":39.0892,"y":-12.92343},{"x":0.0,"y":0.0}]
    },
    {
      "SourcePinAddress":{
        "PinID":14895395,
        "PinOwnerID":1534902759
      },
      "TargetPinAddress":{
        "PinID":365805830,
        "PinOwnerID":2078345731
      },
      "ConnectionType":1,
      "ConnectedWireIndex":35,
      "ConnectedWireSegmentIndex":1,
      "Points":[{"x":39.0892,"y":-13.75},{"x":0.0,"y":0.0}]
    },
    {
      "SourcePinAddress":{
        "PinID":14895395,
        "PinOwnerID":1534902759
      },
      "TargetPinAddress":{
        "PinID":365805830,
        "PinOwnerID":790666679
      },
      "ConnectionType":1,
      "ConnectedWireIndex":35,
      "ConnectedWireSegmentIndex":1,
      "Points":[{"x":39.0892,"y":-14.5625},{"x":0.0,"y":0.0}]
    },
    {
      "SourcePinAddress":{
        "PinID":14895395,
        "PinOwnerID":1534902759
      },
      "TargetPinAddress":{
        "PinID":365805830,
        "PinOwnerID":2126592168
      },
      "ConnectionType":1,
      "ConnectedWireIndex":35,
      "ConnectedWireSegmentIndex":1,
      "Points":[{"x":39.0892,"y":-15.375},{"x":0.0,"y":0.0}]
    },
    {
      "SourcePinAddress":{
        "PinID":14895395,
        "PinOwnerID":1534902759
      },
      "TargetPinAddress":{
        "PinID":365805830,
        "PinOwnerID":428874176
      },
      "ConnectionType":1,
      "ConnectedWireIndex":35,
      "ConnectedWireSegmentIndex":1,
      "Points":[{"x":39.0892,"y":-16.1875},{"x":0.0,"y":0.0}]
    },
    {
      "SourcePinAddress":{
        "PinID":14895395,
        "PinOwnerID":1534902759
      },
      "TargetPinAddress":{
        "PinID":365805830,
        "PinOwnerID":768166816
      },
      "ConnectionType":1,
      "ConnectedWireIndex":35,
      "ConnectedWireSegmentIndex":1,
      "Points":[{"x":39.0892,"y":-17.0},{"x":0.0,"y":0.0}]
    },
    {
      "SourcePinAddress":{
        "PinID":14895395,
        "PinOwnerID":1534902759
      },
      "TargetPinAddress":{
        "PinID":365805830,
        "PinOwnerID":1467859912
      },
      "ConnectionType":1,
      "ConnectedWireIndex":35,
      "ConnectedWireSegmentIndex":1,
      "Points":[{"x":39.0892,"y":-17.8125},{"x":0.0,"y":0.0}]
    },
    {
      "SourcePinAddress":{
        "PinID":14895395,
        "PinOwnerID":1534902759
      },
      "TargetPinAddress":{
        "PinID":365805830,
        "PinOwnerID":641057992
      },
      "ConnectionType":1,
      "ConnectedWireIndex":35,
      "ConnectedWireSegmentIndex":1,
      "Points":[{"x":39.0892,"y":-18.625},{"x":0.0,"y":0.0}]
    },
    {
      "SourcePinAddress":{
        "PinID":14895395,
        "PinOwnerID":1534902759
      },
      "TargetPinAddress":{
        "PinID":365805830,
        "PinOwnerID":1008783430
      },
      "ConnectionType":1,
      "ConnectedWireIndex":35,
      "ConnectedWireSegmentIndex":1,
      "Points":[{"x":39.0892,"y":-19.4375},{"x":0.0,"y":0.0}]
    },
    {
      "SourcePinAddress":{
        "PinID":14895395,
        "PinOwnerID":1534902759
      },
      "TargetPinAddress":{
        "PinID":365805830,
        "PinOwnerID":1132492788
      },
      "ConnectionType":1,
      "ConnectedWireIndex":35,
      "ConnectedWireSegmentIndex":1,
      "Points":[{"x":39.0892,"y":-20.25},{"x":0.0,"y":0.0}]
    }
  ],
  "Displays":[]
}