{
  "DLSVersion": "2.1.6",
  "Name": "Cancler",
  "NameLocation": 0,
  "ChipType": 0,
  "Size": {
    "x": 1.175,
    "y": 0.5
  },
  "Colour": {
    "r": 0.97377944,
    "g": 0.82158494,
    "b": 0.7130743,
    "a": 1
  },
  "InputPins":[
    {
      "Name":"IN",
      "ID":211683454,
      "Position":{
        "x":9.83954,
        "y":-26.43737
      },
      "BitCount":1,
      "Colour":0,
      "ValueDisplayMode":0
    },
    {
      "Name":"Cancle",
      "ID":101598402,
      "Position":{
        "x":9.83954,
        "y":-26.95237
      },
      "BitCount":1,
      "Colour":0,
      "ValueDisplayMode":0
    }
  ],
  "OutputPins":[
    {
      "Name":"OUT",
      "ID":1616067258,
      "Position":{
        "x":14.16186,
        "y":-26.82253
      },
      "BitCount":1,
      "Colour":0,
      "ValueDisplayMode":0
    }
  ],
  "SubChips":[
    {
      "Name":"NOT",
      "ID":620399839,
      "Label":"",
      "Position":{
        "x":11.47009,
        "y":-26.94396
      },
      "OutputPinColourInfo":[{"PinColour":0,"PinID":14895395}],
      "InternalData":null
    },
    {
      "Name":"AND",
      "ID":1919725466,
      "Label":"",
      "Position":{
        "x":12.4661,
        "y":-26.80648
      },
      "OutputPinColourInfo":[{"PinColour":0,"PinID":1931642737}],
      "InternalData":null
    }
  ],
  "Wires":[
    {
      "SourcePinAddress":{
        "PinID":1931642737,
        "PinOwnerID":1919725466
      },
      "TargetPinAddress":{
        "PinID":0,
        "PinOwnerID":1616067258
      },
      "ConnectionType":0,
      "ConnectedWireIndex":-1,
      "ConnectedWireSegmentIndex":-1,
      "Points":[{"x":0.0,"y":0.0},{"x":0.0,"y":0.0}]
    },
    {
      "SourcePinAddress":{
        "PinID":14895395,
        "PinOwnerID":620399839
      },
      "TargetPinAddress":{
        "PinID":707504547,
        "PinOwnerID":1919725466
      },
      "ConnectionType":0,
      "ConnectedWireIndex":-1,
      "ConnectedWireSegmentIndex":-1,
      "Points":[{"x":0.0,"y":0.0},{"x":0.0,"y":0.0}]
    },
    {
      "SourcePinAddress":{
        "PinID":0,
        "PinOwnerID":101598402
      },
      "TargetPinAddress":{
        "PinID":2030901329,
        "PinOwnerID":620399839
      },
      "ConnectionType":0,
      "ConnectedWireIndex":-1,
      "ConnectedWireSegmentIndex":-1,
      "Points":[{"x":0.0,"y":0.0},{"x":0.0,"y":0.0}]
    },
    {
      "SourcePinAddress":{
        "PinID":0,
        "PinOwnerID":211683454
      },
      "TargetPinAddress":{
        "PinID":1116648463,
        "PinOwnerID":1919725466
      },
      "ConnectionType":0,
      "ConnectedWireIndex":-1,
      "ConnectedWireSegmentIndex":-1,
      "Points":[{"x":0.0,"y":0.0},{"x":0.0,"y":0.0}]
    }
  ],
  "Displays": null
}