{
  "DLSVersion": "2.1.6",
  "Name": "CONDITIONAL ADDER",
  "NameLocation": 0,
  "ChipType": 0,
  "Size": {
    "x": 1.85,
    "y": 1.0
  },
  "Colour": {
    "r": 0.2883933,
    "g": 0.2088788,
    "b": 0.267302,
    "a": 1
  },
  "InputPins":[
    {
      "Name":"IN",
      "ID":328191454,
      "Position":{
        "x":-3.75,
        "y":1.5
      },
      "BitCount":1,
      "Colour":0,
      "ValueDisplayMode":0
    },
    {
      "Name":"IN",
      "ID":1919772520,
      "Position":{
        "x":-3.75,
        "y":0.37953
      },
      "BitCount":1,
      "Colour":0,
      "ValueDisplayMode":0
    },
    {
      "Name":"IN",
      "ID":1732276006,
      "Position":{
        "x":-3.75,
        "y":-0.83696
      },
      "BitCount":1,
      "Colour":0,
      "ValueDisplayMode":0
    },
    {
      "Name":"IN",
      "ID":1494779506,
      "Position":{
        "x":-3.75,
        "y":-2.11994
      },
      "BitCount":1,
      "Colour":0,
      "ValueDisplayMode":0
    }
  ],
  "OutputPins":[
    {
      "Name":"OUT",
      "ID":273698853,
      "Position":{
        "x":8.83002,
        "y":1.05233
      },
      "BitCount":1,
      "Colour":0,
      "ValueDisplayMode":0
    },
    {
      "Name":"OUT",
      "ID":1652320972,
      "Position":{
        "x":8.83002,
        "y":0.02106
      },
      "BitCount":1,
      "Colour":0,
      "ValueDisplayMode":0
    },
    {
      "Name":"OUT",
      "ID":782894864,
      "Position":{
        "x":8.86787,
        "y":-1.00075
      },
      "BitCount":1,
      "Colour":0,
      "ValueDisplayMode":0
    },
    {
      "Name":"OUT",
      "ID":747777801,
      "Position":{
        "x":8.86787,
        "y":-2.03202
      },
      "BitCount":1,
      "Colour":0,
      "ValueDisplayMode":0
    }
  ],
  "SubChips":[
    {
      "Name":"OR",
      "ID":1906618639,
      "Label":"",
      "Position":{
        "x":-1.63999,
        "y":-1.81901
      },
      "OutputPinColourInfo":[{"PinColour":0,"PinID":1797483099}],
      "InternalData":null
    },
    {
      "Name":"AND",
      "ID":800111599,
      "Label":"",
      "Position":{
        "x":-0.67324,
        "y":-1.63947
      },
      "OutputPinColourInfo":[{"PinColour":0,"PinID":1931642737}],
      "InternalData":null
    },
    {
      "Name":"NOT",
      "ID":448740300,
      "Label":"",
      "Position":{
        "x":2.47965,
        "y":-0.34901
      },
      "OutputPinColourInfo":[{"PinColour":0,"PinID":14895395}],
      "InternalData":null
    },
    {
      "Name":"OR",
      "ID":269460660,
      "Label":"",
      "Position":{
        "x":0.30097,
        "y":-1.43392
      },
      "OutputPinColourInfo":[{"PinColour":0,"PinID":1797483099}],
      "InternalData":null
    },
    {
      "Name":"XOR",
      "ID":270990748,
      "Label":"",
      "Position":{
        "x":1.34807,
        "y":-1.9485
      },
      "OutputPinColourInfo":[{"PinColour":0,"PinID":477305350}],
      "InternalData":null
    },
    {
      "Name":"AND",
      "ID":1735911492,
      "Label":"",
      "Position":{
        "x":2.35928,
        "y":-1.43392
      },
      "OutputPinColourInfo":[{"PinColour":0,"PinID":1931642737}],
      "InternalData":null
    },
    {
      "Name":"XOR",
      "ID":2068337477,
      "Label":"",
      "Position":{
        "x":3.42434,
        "y":-1.17663
      },
      "OutputPinColourInfo":[{"PinColour":0,"PinID":477305350}],
      "InternalData":null
    },
    {
      "Name":"AND",
      "ID":1201763077,
      "Label":"",
      "Position":{
        "x":3.43032,
        "y":-0.5364
      },
      "OutputPinColourInfo":[{"PinColour":0,"PinID":1931642737}],
      "InternalData":null
    },
    {
      "Name":"XOR",
      "ID":426522350,
      "Label":"",
      "Position":{
        "x":4.64496,
        "y":-0.321
      },
      "OutputPinColourInfo":[{"PinColour":0,"PinID":477305350}],
      "InternalData":null
    },
    {
      "Name":"XOR",
      "ID":449263247,
      "Label":"",
      "Position":{
        "x":5.84764,
        "y":-0.03379
      },
      "OutputPinColourInfo":[{"PinColour":0,"PinID":477305350}],
      "InternalData":null
    },
    {
      "Name":"AND",
      "ID":744865268,
      "Label":"",
      "Position":{
        "x":5.86559,
        "y":0.52267
      },
      "OutputPinColourInfo":[{"PinColour":0,"PinID":1931642737}],
      "InternalData":null
    },
    {
      "Name":"XOR",
      "ID":1435753976,
      "Label":"",
      "Position":{
        "x":7.10895,
        "y":1.07555
      },
      "OutputPinColourInfo":[{"PinColour":0,"PinID":477305350}],
      "InternalData":null
    }
  ],
  "Wires":[
    {
      "SourcePinAddress":{
        "PinID":477305350,
        "PinOwnerID":1435753976
      },
      "TargetPinAddress":{
        "PinID":0,
        "PinOwnerID":273698853
      },
      "ConnectionType":0,
      "ConnectedWireIndex":-1,
      "ConnectedWireSegmentIndex":-1,
      "Points":[{"x":0.0,"y":0.0},{"x":0.0,"y":0.0}]
    },
    {
      "SourcePinAddress":{
        "PinID":477305350,
        "PinOwnerID":449263247
      },
      "TargetPinAddress":{
        "PinID":0,
        "PinOwnerID":1652320972
      },
      "ConnectionType":0,
      "ConnectedWireIndex":-1,
      "ConnectedWireSegmentIndex":-1,
      "Points":[{"x":0.0,"y":0.0},{"x":0.0,"y":0.0}]
    },
    {
      "SourcePinAddress":{
        "PinID":477305350,
        "PinOwnerID":2068337477
      },
      "TargetPinAddress":{
        "PinID":0,
        "PinOwnerID":782894864
      },
      "ConnectionType":0,
      "ConnectedWireIndex":-1,
      "ConnectedWireSegmentIndex":-1,
      "Points":[{"x":0.0,"y":0.0},{"x":0.0,"y":0.0}]
    },
    {
      "SourcePinAddress":{
        "PinID":477305350,
        "PinOwnerID":270990748
      },
      "TargetPinAddress":{
        "PinID":0,
        "PinOwnerID":747777801
      },
      "ConnectionType":0,
      "ConnectedWireIndex":-1,
      "ConnectedWireSegmentIndex":-1,
      "Points":[{"x":0.0,"y":0.0},{"x":0.0,"y":0.0}]
    },
    {
      "SourcePinAddress":{
        "PinID":0,
        "PinOwnerID":1494779506
      },
      "TargetPinAddress":{
        "PinID":673892883,
        "PinOwnerID":270990748
      },
      "ConnectionType":0,
      "ConnectedWireIndex":-1,
      "ConnectedWireSegmentIndex":-1,
      "Points":[{"x":0.0,"y":0.0},{"x":0.0,"y":0.0}]
    },
    {
      "SourcePinAddress":{
        "PinID":0,
        "PinOwnerID":1494779506
      },
      "TargetPinAddress":{
        "PinID":1101441429,
        "PinOwnerID":1906618639
      },
      "ConnectionType":1,
      "ConnectedWireIndex":4,
      "ConnectedWireSegmentIndex":0,
      "Points":[{"x":-2.14011,"y":-2.11008},{"x":-2.14011,"y":-1.96153},{"x":0.0,"y":0.0}]
    },
    {
      "SourcePinAddress":{
        "PinID":0,
        "PinOwnerID":1732276006
      },
      "TargetPinAddress":{
        "PinID":1352381057,
        "PinOwnerID":2068337477
      },
      "ConnectionType":0,
      "ConnectedWireIndex":-1,
      "ConnectedWireSegmentIndex":-1,
      "Points":[{"x":0.0,"y":0.0},{"x":0.0,"y":0.0}]
    },
    {
      "SourcePinAddress":{
        "PinID":0,
        "PinOwnerID":1732276006
      },
      "TargetPinAddress":{
        "PinID":1660214207,
        "PinOwnerID":1906618639
      },
      "ConnectionType":1,
      "ConnectedWireIndex":6,
      "ConnectedWireSegmentIndex":0,
      "Points":[{"x":-2.07583,"y":-0.86934},{"x":-2.07583,"y":-1.71152},{"x":0.0,"y":0.0}]
    },
    {
      "SourcePinAddress":{
        "PinID":0,
        "PinOwnerID":1919772520
      },
      "TargetPinAddress":{
        "PinID":1352381057,
        "PinOwnerID":449263247
      },
      "ConnectionType":0,
      "ConnectedWireIndex":-1,
      "ConnectedWireSegmentIndex":-1,
      "Points":[{"x":0.0,"y":0.0},{"x":0.0,"y":0.0}]
    },
    {
      "SourcePinAddress":{
        "PinID":0,
        "PinOwnerID":1919772520
      },
      "TargetPinAddress":{
        "PinID":1116648463,
        "PinOwnerID":800111599
      },
      "ConnectionType":1,
      "ConnectedWireIndex":8,
      "ConnectedWireSegmentIndex":0,
      "Points":[{"x":-1.214,"y":0.3193},{"x":-1.214,"y":-1.50041},{"x":0.0,"y":0.0}]
    },
    {
      "SourcePinAddress":{
        "PinID":1797483099,
        "PinOwnerID":1906618639
      },
      "TargetPinAddress":{
        "PinID":707504547,
        "PinOwnerID":800111599
      },
      "ConnectionType":0,
      "ConnectedWireIndex":-1,
      "ConnectedWireSegmentIndex":-1,
      "Points":[{"x":0.0,"y":0.0},{"x":0.0,"y":0.0}]
    },
    {
      "SourcePinAddress":{
        "PinID":1931642737,
        "PinOwnerID":800111599
      },
      "TargetPinAddress":{
        "PinID":1101441429,
        "PinOwnerID":269460660
      },
      "ConnectionType":0,
      "ConnectedWireIndex":-1,
      "ConnectedWireSegmentIndex":-1,
      "Points":[{"x":0.0,"y":0.0},{"x":0.0,"y":0.0}]
    },
    {
      "SourcePinAddress":{
        "PinID":0,
        "PinOwnerID":328191454
      },
      "TargetPinAddress":{
        "PinID":1660214207,
        "PinOwnerID":269460660
      },
      "ConnectionType":0,
      "ConnectedWireIndex":-1,
      "ConnectedWireSegmentIndex":-1,
      "Points":[{"x":0.0,"y":0.0},{"x":-0.25011,"y":1.5},{"x":-0.25011,"y":-1.30611},{"x":0.0,"y":0.0}]
    },
    {
      "SourcePinAddress":{
        "PinID":0,
        "PinOwnerID":328191454
      },
      "TargetPinAddress":{
        "PinID":1352381057,
        "PinOwnerID":1435753976
      },
      "ConnectionType":1,
      "ConnectedWireIndex":12,
      "ConnectedWireSegmentIndex":1,
      "Points":[{"x":-0.25011,"y":1.20055},{"x":0.0,"y":0.0}]
    },
    {
      "SourcePinAddress":{
        "PinID":1931642737,
        "PinOwnerID":744865268
      },
      "TargetPinAddress":{
        "PinID":673892883,
        "PinOwnerID":1435753976
      },
      "ConnectionType":0,
      "ConnectedWireIndex":-1,
      "ConnectedWireSegmentIndex":-1,
      "Points":[{"x":0.0,"y":0.0},{"x":6.4738,"y":0.52267},{"x":6.4738,"y":0.92538},{"x":0.0,"y":0.0}]
    },
    {
      "SourcePinAddress":{
        "PinID":1797483099,
        "PinOwnerID":269460660
      },
      "TargetPinAddress":{
        "PinID":1352381057,
        "PinOwnerID":270990748
      },
      "ConnectionType":0,
      "ConnectedWireIndex":-1,
      "ConnectedWireSegmentIndex":-1,
      "Points":[{"x":0.0,"y":0.0},{"x":0.73313,"y":-1.43392},{"x":0.73313,"y":-1.81963},{"x":0.0,"y":0.0}]
    },
    {
      "SourcePinAddress":{
        "PinID":1797483099,
        "PinOwnerID":269460660
      },
      "TargetPinAddress":{
        "PinID":1116648463,
        "PinOwnerID":1735911492
      },
      "ConnectionType":1,
      "ConnectedWireIndex":15,
      "ConnectedWireSegmentIndex":0,
      "Points":[{"x":0.73313,"y":-1.43392},{"x":0.73313,"y":-1.29997},{"x":0.0,"y":0.0}]
    },
    {
      "SourcePinAddress":{
        "PinID":1797483099,
        "PinOwnerID":269460660
      },
      "TargetPinAddress":{
        "PinID":1352381057,
        "PinOwnerID":426522350
      },
      "ConnectionType":1,
      "ConnectedWireIndex":16,
      "ConnectedWireSegmentIndex":1,
      "Points":[{"x":1.6258,"y":-1.30598},{"x":1.6258,"y":-0.10782},{"x":0.0,"y":0.0}]
    },
    {
      "SourcePinAddress":{
        "PinID":0,
        "PinOwnerID":1732276006
      },
      "TargetPinAddress":{
        "PinID":2030901329,
        "PinOwnerID":448740300
      },
      "ConnectionType":1,
      "ConnectedWireIndex":6,
      "ConnectedWireSegmentIndex":0,
      "Points":[{"x":1.90011,"y":-1.00865},{"x":1.90011,"y":-0.35237},{"x":0.0,"y":0.0}]
    },
    {
      "SourcePinAddress":{
        "PinID":1931642737,
        "PinOwnerID":1735911492
      },
      "TargetPinAddress":{
        "PinID":673892883,
        "PinOwnerID":2068337477
      },
      "ConnectionType":0,
      "ConnectedWireIndex":-1,
      "ConnectedWireSegmentIndex":-1,
      "Points":[{"x":0.0,"y":0.0},{"x":0.0,"y":0.0}]
    },
    {
      "SourcePinAddress":{
        "PinID":1931642737,
        "PinOwnerID":1735911492
      },
      "TargetPinAddress":{
        "PinID":707504547,
        "PinOwnerID":1201763077
      },
      "ConnectionType":1,
      "ConnectedWireIndex":19,
      "ConnectedWireSegmentIndex":0,
      "Points":[{"x":2.93582,"y":-1.35539},{"x":2.93582,"y":-0.63561},{"x":0.0,"y":0.0}]
    },
    {
      "SourcePinAddress":{
        "PinID":14895395,
        "PinOwnerID":448740300
      },
      "TargetPinAddress":{
        "PinID":1116648463,
        "PinOwnerID":1201763077
      },
      "ConnectionType":0,
      "ConnectedWireIndex":-1,
      "ConnectedWireSegmentIndex":-1,
      "Points":[{"x":0.0,"y":0.0},{"x":0.0,"y":0.0}]
    },
    {
      "SourcePinAddress":{
        "PinID":1931642737,
        "PinOwnerID":1201763077
      },
      "TargetPinAddress":{
        "PinID":673892883,
        "PinOwnerID":426522350
      },
      "ConnectionType":0,
      "ConnectedWireIndex":-1,
      "ConnectedWireSegmentIndex":-1,
      "Points":[{"x":0.0,"y":0.0},{"x":0.0,"y":0.0}]
    },
    {
      "SourcePinAddress":{
        "PinID":477305350,
        "PinOwnerID":426522350
      },
      "TargetPinAddress":{
        "PinID":673892883,
        "PinOwnerID":449263247
      },
      "ConnectionType":0,
      "ConnectedWireIndex":-1,
      "ConnectedWireSegmentIndex":-1,
      "Points":[{"x":0.0,"y":0.0},{"x":0.0,"y":0.0}]
    },
    {
      "SourcePinAddress":{
        "PinID":477305350,
        "PinOwnerID":426522350
      },
      "TargetPinAddress":{
        "PinID":707504547,
        "PinOwnerID":744865268
      },
      "ConnectionType":1,
      "ConnectedWireIndex":23,
      "ConnectedWireSegmentIndex":0,
      "Points":[{"x":5.37755,"y":-0.20486},{"x":5.37755,"y":0.41895},{"x":0.0,"y":0.0}]
    },
    {
      "SourcePinAddress":{
        "PinID":0,
        "PinOwnerID":1919772520
      },
      "TargetPinAddress":{
        "PinID":1116648463,
        "PinOwnerID":744865268
      },
      "ConnectionType":1,
      "ConnectedWireIndex":8,
      "ConnectedWireSegmentIndex":0,
      "Points":[{"x":5.23197,"y":0.10194},{"x":5.23197,"y":0.70046},{"x":0.0,"y":0.0}]
    },
    {
      "SourcePinAddress":{
        "PinID":477305350,
        "PinOwnerID":270990748
      },
      "TargetPinAddress":{
        "PinID":707504547,
        "PinOwnerID":1735911492
      },
      "ConnectionType":1,
      "ConnectedWireIndex":3,
      "ConnectedWireSegmentIndex":0,
      "Points":[{"x":1.84103,"y":-1.95102},{"x":1.84103,"y":-1.54539},{"x":0.0,"y":0.0}]
    }
  ],
  "Displays": null
}