{
  "DLSVersion": "2.1.6",
  "Name": "Control ROM",
  "NameLocation": 0,
  "ChipType": 0,
  "Size": {
    "x": 11.78845,
    "y": 6.0
  },
  "Colour": {
    "r": 0.105369948,
    "g": 0.838261664,
    "b": 0.8507083,
    "a": 1
  },
  "InputPins":[
    {
      "Name":"OPCODE bit3",
      "ID":297474266,
      "Position":{
        "x":-6.79765,
        "y":-9.97944
      },
      "BitCount":1,
      "Colour":0,
      "ValueDisplayMode":0
    },
    {
      "Name":"OPCODE bit2",
      "ID":626772452,
      "Position":{
        "x":-6.79765,
        "y":-10.49444
      },
      "BitCount":1,
      "Colour":0,
      "ValueDisplayMode":0
    },
    {
      "Name":"OPCODE bit1",
      "ID":1531608702,
      "Position":{
        "x":-6.79765,
        "y":-11.00944
      },
      "BitCount":1,
      "Colour":0,
      "ValueDisplayMode":0
    },
    {
      "Name":"OPCODE bit0",
      "ID":1013206326,
      "Position":{
        "x":-6.79765,
        "y":-11.52444
      },
      "BitCount":1,
      "Colour":0,
      "ValueDisplayMode":0
    }
  ],
  "OutputPins":[
    {
      "Name":"En",
      "ID":1526058628,
      "Position":{
        "x":11.0,
        "y":-5.5576
      },
      "BitCount":1,
      "Colour":0,
      "ValueDisplayMode":0
    },
    {
      "Name":"!A",
      "ID":920409427,
      "Position":{
        "x":11.0,
        "y":-7.69845
      },
      "BitCount":1,
      "Colour":0,
      "ValueDisplayMode":0
    },
    {
      "Name":"!B",
      "ID":259176913,
      "Position":{
        "x":11.0,
        "y":-9.68207
      },
      "BitCount":1,
      "Colour":0,
      "ValueDisplayMode":0
    },
    {
      "Name":"Cin",
      "ID":241576586,
      "Position":{
        "x":11.0,
        "y":-11.43222
      },
      "BitCount":1,
      "Colour":0,
      "ValueDisplayMode":0
    },
    {
      "Name":"FC",
      "ID":132425432,
      "Position":{
        "x":11.0,
        "y":-13.18864
      },
      "BitCount":1,
      "Colour":0,
      "ValueDisplayMode":0
    },
    {
      "Name":"XOR to OR",
      "ID":2131399303,
      "Position":{
        "x":11.0,
        "y":-15.05288
      },
      "BitCount":1,
      "Colour":0,
      "ValueDisplayMode":0
    },
    {
      "Name":"RShift",
      "ID":859813618,
      "Position":{
        "x":11.0,
        "y":-16.89098
      },
      "BitCount":1,
      "Colour":0,
      "ValueDisplayMode":0
    },
    {
      "Name":"DATA MUX bit0",
      "ID":2146587501,
      "Position":{
        "x":11.0,
        "y":-18.5
      },
      "BitCount":1,
      "Colour":0,
      "ValueDisplayMode":0
    },
    {
      "Name":"DEST MUX bit0",
      "ID":2026877088,
      "Position":{
        "x":11.0,
        "y":-20.3125
      },
      "BitCount":1,
      "Colour":0,
      "ValueDisplayMode":0
    },
    {
      "Name":"HLT",
      "ID":621802507,
      "Position":{
        "x":11.0,
        "y":-22.13516
      },
      "BitCount":1,
      "Colour":0,
      "ValueDisplayMode":0
    },
    {
      "Name":"ALU D2 MUX bit0",
      "ID":911057461,
      "Position":{
        "x":11.0,
        "y":-24.05742
      },
      "BitCount":1,
      "Colour":0,
      "ValueDisplayMode":0
    },
    {
      "Name":"JMP/RET MUX bit0",
      "ID":1949001085,
      "Position":{
        "x":11.0,
        "y":-25.9375
      },
      "BitCount":1,
      "Colour":0,
      "ValueDisplayMode":0
    },
    {
      "Name":"UPDATE FLAGS",
      "ID":1417173206,
      "Position":{
        "x":11.00978,
        "y":-27.80083
      },
      "BitCount":1,
      "Colour":0,
      "ValueDisplayMode":0
    },
    {
      "Name":"IS BRH",
      "ID":2019931146,
      "Position":{
        "x":11.05655,
        "y":-29.89721
      },
      "BitCount":1,
      "Colour":0,
      "ValueDisplayMode":0
    },
    {
      "Name":"JMP/RET MUX bit1",
      "ID":1010443930,
      "Position":{
        "x":11.11985,
        "y":-31.69154
      },
      "BitCount":1,
      "Colour":0,
      "ValueDisplayMode":0
    },
    {
      "Name":"CALL STACK EN",
      "ID":1884822459,
      "Position":{
        "x":11.05734,
        "y":-33.56036
      },
      "BitCount":1,
      "Colour":0,
      "ValueDisplayMode":0
    },
    {
      "Name":"PUSH/POP",
      "ID":1371404706,
      "Position":{
        "x":11.09507,
        "y":-35.39022
      },
      "BitCount":1,
      "Colour":0,
      "ValueDisplayMode":0
    },
    {
      "Name":"DATA MUX bit1",
      "ID":2111914727,
      "Position":{
        "x":11.04384,
        "y":-37.62674
      },
      "BitCount":1,
      "Colour":0,
      "ValueDisplayMode":0
    },
    {
      "Name":"DEST MUX bit1",
      "ID":490162419,
      "Position":{
        "x":11.04384,
        "y":-39.43924
      },
      "BitCount":1,
      "Colour":0,
      "ValueDisplayMode":0
    },
    {
      "Name":"ALU D2 MUX bit1",
      "ID":625244244,
      "Position":{
        "x":11.01978,
        "y":-41.59622
      },
      "BitCount":1,
      "Colour":0,
      "ValueDisplayMode":0
    },
    {
      "Name":"Data Mem En",
      "ID":2009272064,
      "Position":{
        "x":11.07707,
        "y":-43.37034
      },
      "BitCount":1,
      "Colour":0,
      "ValueDisplayMode":0
    },
    {
      "Name":"Dest MUX Dis",
      "ID":630904224,
      "Position":{
        "x":11.0111,
        "y":-45.3125
      },
      "BitCount":1,
      "Colour":0,
      "ValueDisplayMode":0
    },
    {
      "Name":"Data MUX W En",
      "ID":500829183,
      "Position":{
        "x":11.0,
        "y":-47.0
      },
      "BitCount":1,
      "Colour":0,
      "ValueDisplayMode":0
    },
    {
      "Name":"isLOD",
      "ID":1164010476,
      "Position":{
        "x":11.0,
        "y":-48.4375
      },
      "BitCount":1,
      "Colour":0,
      "ValueDisplayMode":0
    }
  ],
  "SubChips":[
    {
      "Name":"4B Decoder",
      "ID":1025093226,
      "Label":"",
      "Position":{
        "x":-3.15264,
        "y":-10.92076
      },
      "OutputPinColourInfo":[{"PinColour":0,"PinID":1404769235},{"PinColour":0,"PinID":433954246},{"PinColour":0,"PinID":1436785699},{"PinColour":0,"PinID":2103781888},{"PinColour":0,"PinID":1209982256},{"PinColour":0,"PinID":1543097180},{"PinColour":0,"PinID":1465865019},{"PinColour":0,"PinID":1715469414},{"PinColour":0,"PinID":99834322},{"PinColour":0,"PinID":968512665},{"PinColour":0,"PinID":1130521592},{"PinColour":0,"PinID":1579930571},{"PinColour":0,"PinID":776340343},{"PinColour":0,"PinID":1866607612},{"PinColour":0,"PinID":409777183},{"PinColour":0,"PinID":198933704}],
      "InternalData":null
    },
    {
      "Name":"4OR",
      "ID":1219472573,
      "Label":"",
      "Position":{
        "x":9.2975,
        "y":-5.5625
      },
      "OutputPinColourInfo":[{"PinColour":0,"PinID":1949838215}],
      "InternalData":null
    },
    {
      "Name":"OR",
      "ID":220084726,
      "Label":"",
      "Position":{
        "x":8.39325,
        "y":-6.12057
      },
      "OutputPinColourInfo":[{"PinColour":0,"PinID":1797483099}],
      "InternalData":null
    },
    {
      "Name":"OR",
      "ID":1695507372,
      "Label":"",
      "Position":{
        "x":7.66231,
        "y":-6.4598699999999996
      },
      "OutputPinColourInfo":[{"PinColour":0,"PinID":1797483099}],
      "InternalData":null
    },
    {
      "Name":"4AND",
      "ID":965963682,
      "Label":"",
      "Position":{
        "x":-2.89939,
        "y":-13.52697
      },
      "OutputPinColourInfo":[{"PinColour":0,"PinID":1284112642}],
      "InternalData":null
    },
    {
      "Name":"NOT",
      "ID":1622849994,
      "Label":"",
      "Position":{
        "x":-4.42976,
        "y":-13.61093
      },
      "OutputPinColourInfo":[{"PinColour":0,"PinID":14895395}],
      "InternalData":null
    },
    {
      "Name":"NOT",
      "ID":929379095,
      "Label":"",
      "Position":{
        "x":-4.42976,
        "y":-14.07167
      },
      "OutputPinColourInfo":[{"PinColour":0,"PinID":14895395}],
      "InternalData":null
    },
    {
      "Name":"NOT",
      "ID":6709508,
      "Label":"",
      "Position":{
        "x":-4.42976,
        "y":-14.57667
      },
      "OutputPinColourInfo":[{"PinColour":0,"PinID":14895395}],
      "InternalData":null
    },
    {
      "Name":"NOT",
      "ID":1904190977,
      "Label":"",
      "Position":{
        "x":-4.42976,
        "y":-15.08167
      },
      "OutputPinColourInfo":[{"PinColour":0,"PinID":14895395}],
      "InternalData":null
    },
    {
      "Name":"4OR",
      "ID":1615638474,
      "Label":"",
      "Position":{
        "x":9.3471,
        "y":-7.75034
      },
      "OutputPinColourInfo":[{"PinColour":0,"PinID":1949838215}],
      "InternalData":null
    },
    {
      "Name":"4OR",
      "ID":904451148,
      "Label":"",
      "Position":{
        "x":9.30183,
        "y":-9.68184
      },
      "OutputPinColourInfo":[{"PinColour":0,"PinID":1949838215}],
      "InternalData":null
    },
    {
      "Name":"4OR",
      "ID":891388688,
      "Label":"",
      "Position":{
        "x":9.42255,
        "y":-11.46245
      },
      "OutputPinColourInfo":[{"PinColour":0,"PinID":1949838215}],
      "InternalData":null
    },
    {
      "Name":"4OR",
      "ID":807854409,
      "Label":"",
      "Position":{
        "x":9.42255,
        "y":-13.19778
      },
      "OutputPinColourInfo":[{"PinColour":0,"PinID":1949838215}],
      "InternalData":null
    },
    {
      "Name":"4OR",
      "ID":2076755018,
      "Label":"",
      "Position":{
        "x":9.42255,
        "y":-15.02365
      },
      "OutputPinColourInfo":[{"PinColour":0,"PinID":1949838215}],
      "InternalData":null
    },
    {
      "Name":"4OR",
      "ID":1019642028,
      "Label":"",
      "Position":{
        "x":9.45367,
        "y":-16.91481
      },
      "OutputPinColourInfo":[{"PinColour":0,"PinID":1949838215}],
      "InternalData":null
    },
    {
      "Name":"4OR",
      "ID":1196178118,
      "Label":"",
      "Position":{
        "x":8.35124,
        "y":-4.78836
      },
      "OutputPinColourInfo":[{"PinColour":0,"PinID":1949838215}],
      "InternalData":null
    },
    {
      "Name":"4OR",
      "ID":1730673029,
      "Label":"",
      "Position":{
        "x":9.45592,
        "y":-18.48902
      },
      "OutputPinColourInfo":[{"PinColour":0,"PinID":1949838215}],
      "InternalData":null
    },
    {
      "Name":"4OR",
      "ID":1340395943,
      "Label":"",
      "Position":{
        "x":9.50193,
        "y":-20.34526
      },
      "OutputPinColourInfo":[{"PinColour":0,"PinID":1949838215}],
      "InternalData":null
    },
    {
      "Name":"4OR",
      "ID":1186081657,
      "Label":"",
      "Position":{
        "x":9.5475,
        "y":-24.0625
      },
      "OutputPinColourInfo":[{"PinColour":0,"PinID":1949838215}],
      "InternalData":null
    },
    {
      "Name":"4OR",
      "ID":2031813445,
      "Label":"",
      "Position":{
        "x":9.63697,
        "y":-25.90988
      },
      "OutputPinColourInfo":[{"PinColour":0,"PinID":1949838215}],
      "InternalData":null
    },
    {
      "Name":"4OR",
      "ID":538398487,
      "Label":"",
      "Position":{
        "x":9.56399,
        "y":-27.82689
      },
      "OutputPinColourInfo":[{"PinColour":0,"PinID":1949838215}],
      "InternalData":null
    },
    {
      "Name":"4OR",
      "ID":1139646038,
      "Label":"",
      "Position":{
        "x":8.68467,
        "y":-28.7062
      },
      "OutputPinColourInfo":[{"PinColour":0,"PinID":1949838215}],
      "InternalData":null
    },
    {
      "Name":"4OR",
      "ID":765360514,
      "Label":"",
      "Position":{
        "x":9.27471,
        "y":-35.39555
      },
      "OutputPinColourInfo":[{"PinColour":0,"PinID":1949838215}],
      "InternalData":null
    },
    {
      "Name":"4OR",
      "ID":1995662946,
      "Label":"",
      "Position":{
        "x":9.2384,
        "y":-33.51094
      },
      "OutputPinColourInfo":[{"PinColour":0,"PinID":1949838215}],
      "InternalData":null
    },
    {
      "Name":"4OR",
      "ID":972847762,
      "Label":"",
      "Position":{
        "x":9.17283,
        "y":-31.41942
      },
      "OutputPinColourInfo":[{"PinColour":0,"PinID":1949838215}],
      "InternalData":null
    },
    {
      "Name":"4OR",
      "ID":536039289,
      "Label":"",
      "Position":{
        "x":9.31154,
        "y":-37.63839
      },
      "OutputPinColourInfo":[{"PinColour":0,"PinID":1949838215}],
      "InternalData":null
    },
    {
      "Name":"4OR",
      "ID":484099800,
      "Label":"",
      "Position":{
        "x":9.27545,
        "y":-41.58419
      },
      "OutputPinColourInfo":[{"PinColour":0,"PinID":1949838215}],
      "InternalData":null
    },
    {
      "Name":"4OR",
      "ID":1855489527,
      "Label":"",
      "Position":{
        "x":9.23862,
        "y":-39.34135
      },
      "OutputPinColourInfo":[{"PinColour":0,"PinID":1949838215}],
      "InternalData":null
    },
    {
      "Name":"4OR",
      "ID":269961671,
      "Label":"",
      "Position":{
        "x":7.3612,
        "y":-3.91749
      },
      "OutputPinColourInfo":[{"PinColour":0,"PinID":1949838215}],
      "InternalData":null
    },
    {
      "Name":"4OR",
      "ID":1471845024,
      "Label":"",
      "Position":{
        "x":9.57154,
        "y":-43.35418
      },
      "OutputPinColourInfo":[{"PinColour":0,"PinID":1949838215}],
      "InternalData":null
    }
  ],
  "Wires":[
    {
      "SourcePinAddress":{
        "PinID":0,
        "PinOwnerID":297474266
      },
      "TargetPinAddress":{
        "PinID":1320436228,
        "PinOwnerID":1025093226
      },
      "ConnectionType":0,
      "ConnectedWireIndex":-1,
      "ConnectedWireSegmentIndex":-1,
      "Points":[{"x":0.0,"y":0.0},{"x":0.0,"y":0.0}]
    },
    {
      "SourcePinAddress":{
        "PinID":0,
        "PinOwnerID":626772452
      },
      "TargetPinAddress":{
        "PinID":1918171363,
        "PinOwnerID":1025093226
      },
      "ConnectionType":0,
      "ConnectedWireIndex":-1,
      "ConnectedWireSegmentIndex":-1,
      "Points":[{"x":0.0,"y":0.0},{"x":0.0,"y":0.0}]
    },
    {
      "SourcePinAddress":{
        "PinID":0,
        "PinOwnerID":1531608702
      },
      "TargetPinAddress":{
        "PinID":530670645,
        "PinOwnerID":1025093226
      },
      "ConnectionType":0,
      "ConnectedWireIndex":-1,
      "ConnectedWireSegmentIndex":-1,
      "Points":[{"x":0.0,"y":0.0},{"x":0.0,"y":0.0}]
    },
    {
      "SourcePinAddress":{
        "PinID":0,
        "PinOwnerID":1013206326
      },
      "TargetPinAddress":{
        "PinID":507415663,
        "PinOwnerID":1025093226
      },
      "ConnectionType":0,
      "ConnectedWireIndex":-1,
      "ConnectedWireSegmentIndex":-1,
      "Points":[{"x":0.0,"y":0.0},{"x":0.0,"y":0.0}]
    },
    {
      "SourcePinAddress":{
        "PinID":1797483099,
        "PinOwnerID":1695507372
      },
      "TargetPinAddress":{
        "PinID":1101441429,
        "PinOwnerID":220084726
      },
      "ConnectionType":0,
      "ConnectedWireIndex":-1,
      "ConnectedWireSegmentIndex":-1,
      "Points":[{"x":0.0,"y":0.0},{"x":0.0,"y":0.0}]
    },
    {
      "SourcePinAddress":{
        "PinID":1797483099,
        "PinOwnerID":220084726
      },
      "TargetPinAddress":{
        "PinID":930515347,
        "PinOwnerID":1219472573
      },
      "ConnectionType":0,
      "ConnectedWireIndex":-1,
      "ConnectedWireSegmentIndex":-1,
      "Points":[{"x":0.0,"y":0.0},{"x":0.0,"y":0.0}]
    },
    {
      "SourcePinAddress":{
        "PinID":14895395,
        "PinOwnerID":1622849994
      },
      "TargetPinAddress":{
        "PinID":628948204,
        "PinOwnerID":965963682
      },
      "ConnectionType":0,
      "ConnectedWireIndex":-1,
      "ConnectedWireSegmentIndex":-1,
      "Points":[{"x":0.0,"y":0.0},{"x":0.0,"y":0.0}]
    },
    {
      "SourcePinAddress":{
        "PinID":14895395,
        "PinOwnerID":929379095
      },
      "TargetPinAddress":{
        "PinID":547974472,
        "PinOwnerID":965963682
      },
      "ConnectionType":0,
      "ConnectedWireIndex":-1,
      "ConnectedWireSegmentIndex":-1,
      "Points":[{"x":0.0,"y":0.0},{"x":0.0,"y":0.0}]
    },
    {
      "SourcePinAddress":{
        "PinID":14895395,
        "PinOwnerID":6709508
      },
      "TargetPinAddress":{
        "PinID":1105101398,
        "PinOwnerID":965963682
      },
      "ConnectionType":0,
      "ConnectedWireIndex":-1,
      "ConnectedWireSegmentIndex":-1,
      "Points":[{"x":0.0,"y":0.0},{"x":0.0,"y":0.0}]
    },
    {
      "SourcePinAddress":{
        "PinID":14895395,
        "PinOwnerID":1904190977
      },
      "TargetPinAddress":{
        "PinID":1944378891,
        "PinOwnerID":965963682
      },
      "ConnectionType":0,
      "ConnectedWireIndex":-1,
      "ConnectedWireSegmentIndex":-1,
      "Points":[{"x":0.0,"y":0.0},{"x":0.0,"y":0.0}]
    },
    {
      "SourcePinAddress":{
        "PinID":0,
        "PinOwnerID":297474266
      },
      "TargetPinAddress":{
        "PinID":2030901329,
        "PinOwnerID":1622849994
      },
      "ConnectionType":1,
      "ConnectedWireIndex":0,
      "ConnectedWireSegmentIndex":0,
      "Points":[{"x":-4.82701,"y":-9.47515},{"x":0.0,"y":0.0}]
    },
    {
      "SourcePinAddress":{
        "PinID":0,
        "PinOwnerID":626772452
      },
      "TargetPinAddress":{
        "PinID":2030901329,
        "PinOwnerID":929379095
      },
      "ConnectionType":1,
      "ConnectedWireIndex":1,
      "ConnectedWireSegmentIndex":0,
      "Points":[{"x":-5.11775,"y":-10.41269},{"x":0.0,"y":0.0}]
    },
    {
      "SourcePinAddress":{
        "PinID":0,
        "PinOwnerID":1531608702
      },
      "TargetPinAddress":{
        "PinID":2030901329,
        "PinOwnerID":6709508
      },
      "ConnectionType":1,
      "ConnectedWireIndex":2,
      "ConnectedWireSegmentIndex":0,
      "Points":[{"x":-5.34398,"y":-11.17643},{"x":0.0,"y":0.0}]
    },
    {
      "SourcePinAddress":{
        "PinID":0,
        "PinOwnerID":1013206326
      },
      "TargetPinAddress":{
        "PinID":2030901329,
        "PinOwnerID":1904190977
      },
      "ConnectionType":1,
      "ConnectedWireIndex":3,
      "ConnectedWireSegmentIndex":0,
      "Points":[{"x":-5.55415,"y":-11.80205},{"x":0.0,"y":0.0}]
    },
    {
      "SourcePinAddress":{
        "PinID":1949838215,
        "PinOwnerID":1219472573
      },
      "TargetPinAddress":{
        "PinID":0,
        "PinOwnerID":1526058628
      },
      "ConnectionType":0,
      "ConnectedWireIndex":-1,
      "ConnectedWireSegmentIndex":-1,
      "Points":[{"x":0.0,"y":0.0},{"x":0.0,"y":0.0}]
    },
    {
      "SourcePinAddress":{
        "PinID":1949838215,
        "PinOwnerID":1615638474
      },
      "TargetPinAddress":{
        "PinID":0,
        "PinOwnerID":920409427
      },
      "ConnectionType":0,
      "ConnectedWireIndex":-1,
      "ConnectedWireSegmentIndex":-1,
      "Points":[{"x":0.0,"y":0.0},{"x":0.0,"y":0.0}]
    },
    {
      "SourcePinAddress":{
        "PinID":1949838215,
        "PinOwnerID":904451148
      },
      "TargetPinAddress":{
        "PinID":0,
        "PinOwnerID":259176913
      },
      "ConnectionType":0,
      "ConnectedWireIndex":-1,
      "ConnectedWireSegmentIndex":-1,
      "Points":[{"x":0.0,"y":0.0},{"x":0.0,"y":0.0}]
    },
    {
      "SourcePinAddress":{
        "PinID":1949838215,
        "PinOwnerID":891388688
      },
      "TargetPinAddress":{
        "PinID":0,
        "PinOwnerID":241576586
      },
      "ConnectionType":0,
      "ConnectedWireIndex":-1,
      "ConnectedWireSegmentIndex":-1,
      "Points":[{"x":0.0,"y":0.0},{"x":0.0,"y":0.0}]
    },
    {
      "SourcePinAddress":{
        "PinID":1949838215,
        "PinOwnerID":807854409
      },
      "TargetPinAddress":{
        "PinID":0,
        "PinOwnerID":132425432
      },
      "ConnectionType":0,
      "ConnectedWireIndex":-1,
      "ConnectedWireSegmentIndex":-1,
      "Points":[{"x":0.0,"y":0.0},{"x":0.0,"y":0.0}]
    },
    {
      "SourcePinAddress":{
        "PinID":1949838215,
        "PinOwnerID":2076755018
      },
      "TargetPinAddress":{
        "PinID":0,
        "PinOwnerID":2131399303
      },
      "ConnectionType":0,
      "ConnectedWireIndex":-1,
      "ConnectedWireSegmentIndex":-1,
      "Points":[{"x":0.0,"y":0.0},{"x":0.0,"y":0.0}]
    },
    {
      "SourcePinAddress":{
        "PinID":1949838215,
        "PinOwnerID":1019642028
      },
      "TargetPinAddress":{
        "PinID":0,
        "PinOwnerID":859813618
      },
      "ConnectionType":0,
      "ConnectedWireIndex":-1,
      "ConnectedWireSegmentIndex":-1,
      "Points":[{"x":0.0,"y":0.0},{"x":0.0,"y":0.0}]
    },
    {
      "SourcePinAddress":{
        "PinID":1866607612,
        "PinOwnerID":1025093226
      },
      "TargetPinAddress":{
        "PinID":1101441429,
        "PinOwnerID":1695507372
      },
      "ConnectionType":0,
      "ConnectedWireIndex":-1,
      "ConnectedWireSegmentIndex":-1,
      "Points":[{"x":0.0,"y":0.0},{"x":-1.91267,"y":-12.42076},{"x":-1.91267,"y":-6.93701},{"x":-1.91267,"y":-6.79331},{"x":-1.91267,"y":-6.68553},{"x":-1.91267,"y":-6.61367},{"x":0.0,"y":0.0}]
    },
    {
      "SourcePinAddress":{
        "PinID":776340343,
        "PinOwnerID":1025093226
      },
      "TargetPinAddress":{
        "PinID":1660214207,
        "PinOwnerID":1695507372
      },
      "ConnectionType":0,
      "ConnectedWireIndex":-1,
      "ConnectedWireSegmentIndex":-1,
      "Points":[{"x":0.0,"y":0.0},{"x":-1.77255,"y":-12.17076},{"x":-1.77255,"y":-6.43134},{"x":-1.77255,"y":-6.34187},{"x":0.0,"y":0.0}]
    },
    {
      "SourcePinAddress":{
        "PinID":776340343,
        "PinOwnerID":1025093226
      },
      "TargetPinAddress":{
        "PinID":930515347,
        "PinOwnerID":904451148
      },
      "ConnectionType":1,
      "ConnectedWireIndex":22,
      "ConnectedWireSegmentIndex":1,
      "Points":[{"x":-1.77255,"y":-10.05684},{"x":0.0,"y":0.0}]
    },
    {
      "SourcePinAddress":{
        "PinID":776340343,
        "PinOwnerID":1025093226
      },
      "TargetPinAddress":{
        "PinID":930515347,
        "PinOwnerID":891388688
      },
      "ConnectionType":1,
      "ConnectedWireIndex":22,
      "ConnectedWireSegmentIndex":1,
      "Points":[{"x":-1.77255,"y":-11.83745},{"x":0.0,"y":0.0}]
    },
    {
      "SourcePinAddress":{
        "PinID":1579930571,
        "PinOwnerID":1025093226
      },
      "TargetPinAddress":{
        "PinID":1660214207,
        "PinOwnerID":220084726
      },
      "ConnectionType":0,
      "ConnectedWireIndex":-1,
      "ConnectedWireSegmentIndex":-1,
      "Points":[{"x":0.0,"y":0.0},{"x":-1.61917,"y":-11.92076},{"x":-1.61917,"y":-6.00954},{"x":0.0,"y":0.0}]
    },
    {
      "SourcePinAddress":{
        "PinID":1579930571,
        "PinOwnerID":1025093226
      },
      "TargetPinAddress":{
        "PinID":930515347,
        "PinOwnerID":807854409
      },
      "ConnectionType":1,
      "ConnectedWireIndex":25,
      "ConnectedWireSegmentIndex":0,
      "Points":[{"x":-1.61917,"y":-11.92076},{"x":-1.61917,"y":-13.37187},{"x":-1.61917,"y":-13.44856},{"x":-1.61917,"y":-13.52525},{"x":-1.61917,"y":-13.58916},{"x":0.0,"y":0.0}]
    },
    {
      "SourcePinAddress":{
        "PinID":1579930571,
        "PinOwnerID":1025093226
      },
      "TargetPinAddress":{
        "PinID":930515347,
        "PinOwnerID":2076755018
      },
      "ConnectionType":1,
      "ConnectedWireIndex":26,
      "ConnectedWireSegmentIndex":3,
      "Points":[{"x":-1.61917,"y":-13.5811},{"x":-1.61917,"y":-15.44961},{"x":0.0,"y":0.0}]
    },
    {
      "SourcePinAddress":{
        "PinID":1130521592,
        "PinOwnerID":1025093226
      },
      "TargetPinAddress":{
        "PinID":1678651094,
        "PinOwnerID":1219472573
      },
      "ConnectionType":0,
      "ConnectedWireIndex":-1,
      "ConnectedWireSegmentIndex":-1,
      "Points":[{"x":0.0,"y":0.0},{"x":-1.50682,"y":-11.67076},{"x":-1.50682,"y":-5.84659},{"x":-1.50682,"y":-5.68294},{"x":0.0,"y":0.0}]
    },
    {
      "SourcePinAddress":{
        "PinID":1130521592,
        "PinOwnerID":1025093226
      },
      "TargetPinAddress":{
        "PinID":930515347,
        "PinOwnerID":1615638474
      },
      "ConnectionType":1,
      "ConnectedWireIndex":28,
      "ConnectedWireSegmentIndex":1,
      "Points":[{"x":-1.50682,"y":-8.12534},{"x":0.0,"y":0.0}]
    },
    {
      "SourcePinAddress":{
        "PinID":1130521592,
        "PinOwnerID":1025093226
      },
      "TargetPinAddress":{
        "PinID":1678651094,
        "PinOwnerID":904451148
      },
      "ConnectionType":1,
      "ConnectedWireIndex":28,
      "ConnectedWireSegmentIndex":1,
      "Points":[{"x":-1.50682,"y":-9.80684},{"x":0.0,"y":0.0}]
    },
    {
      "SourcePinAddress":{
        "PinID":1130521592,
        "PinOwnerID":1025093226
      },
      "TargetPinAddress":{
        "PinID":1678651094,
        "PinOwnerID":807854409
      },
      "ConnectionType":1,
      "ConnectedWireIndex":28,
      "ConnectedWireSegmentIndex":0,
      "Points":[{"x":-1.50682,"y":-11.67076},{"x":-1.50682,"y":-13.34557},{"x":0.0,"y":0.0}]
    },
    {
      "SourcePinAddress":{
        "PinID":1130521592,
        "PinOwnerID":1025093226
      },
      "TargetPinAddress":{
        "PinID":1678651094,
        "PinOwnerID":2076755018
      },
      "ConnectionType":1,
      "ConnectedWireIndex":31,
      "ConnectedWireSegmentIndex":0,
      "Points":[{"x":-1.50682,"y":-13.34557},{"x":-1.50682,"y":-15.17004},{"x":0.0,"y":0.0}]
    },
    {
      "SourcePinAddress":{
        "PinID":968512665,
        "PinOwnerID":1025093226
      },
      "TargetPinAddress":{
        "PinID":143336155,
        "PinOwnerID":1219472573
      },
      "ConnectionType":0,
      "ConnectedWireIndex":-1,
      "ConnectedWireSegmentIndex":-1,
      "Points":[{"x":0.0,"y":0.0},{"x":-1.3938,"y":-11.42076},{"x":-1.3938,"y":-5.49635},{"x":-1.3938,"y":-5.44167},{"x":0.0,"y":0.0}]
    },
    {
      "SourcePinAddress":{
        "PinID":968512665,
        "PinOwnerID":1025093226
      },
      "TargetPinAddress":{
        "PinID":143336155,
        "PinOwnerID":904451148
      },
      "ConnectionType":1,
      "ConnectedWireIndex":33,
      "ConnectedWireSegmentIndex":1,
      "Points":[{"x":-1.3938,"y":-9.55684},{"x":0.0,"y":0.0}]
    },
    {
      "SourcePinAddress":{
        "PinID":968512665,
        "PinOwnerID":1025093226
      },
      "TargetPinAddress":{
        "PinID":143336155,
        "PinOwnerID":807854409
      },
      "ConnectionType":1,
      "ConnectedWireIndex":33,
      "ConnectedWireSegmentIndex":0,
      "Points":[{"x":-1.3938,"y":-11.42076},{"x":-1.37674,"y":-13.07278},{"x":0.0,"y":0.0}]
    },
    {
      "SourcePinAddress":{
        "PinID":1949838215,
        "PinOwnerID":1196178118
      },
      "TargetPinAddress":{
        "PinID":1048891278,
        "PinOwnerID":1219472573
      },
      "ConnectionType":0,
      "ConnectedWireIndex":-1,
      "ConnectedWireSegmentIndex":-1,
      "Points":[{"x":0.0,"y":0.0},{"x":0.0,"y":0.0}]
    },
    {
      "SourcePinAddress":{
        "PinID":99834322,
        "PinOwnerID":1025093226
      },
      "TargetPinAddress":{
        "PinID":930515347,
        "PinOwnerID":1196178118
      },
      "ConnectionType":0,
      "ConnectedWireIndex":-1,
      "ConnectedWireSegmentIndex":-1,
      "Points":[{"x":0.0,"y":0.0},{"x":-1.29138,"y":-11.17076},{"x":-1.29138,"y":-5.22163},{"x":-1.29138,"y":-5.18475},{"x":0.0,"y":0.0}]
    },
    {
      "SourcePinAddress":{
        "PinID":99834322,
        "PinOwnerID":1025093226
      },
      "TargetPinAddress":{
        "PinID":930515347,
        "PinOwnerID":1019642028
      },
      "ConnectionType":1,
      "ConnectedWireIndex":37,
      "ConnectedWireSegmentIndex":1,
      "Points":[{"x":-1.29138,"y":-11.16895},{"x":-1.29138,"y":-17.04889},{"x":-1.29138,"y":-17.2378},{"x":-1.29138,"y":-17.29684},{"x":0.0,"y":0.0}]
    },
    {
      "SourcePinAddress":{
        "PinID":1715469414,
        "PinOwnerID":1025093226
      },
      "TargetPinAddress":{
        "PinID":1678651094,
        "PinOwnerID":1196178118
      },
      "ConnectionType":0,
      "ConnectedWireIndex":-1,
      "ConnectedWireSegmentIndex":-1,
      "Points":[{"x":0.0,"y":0.0},{"x":-1.19542,"y":-10.92076},{"x":-1.19542,"y":-4.97363},{"x":-1.19542,"y":-4.90571},{"x":0.0,"y":0.0}]
    },
    {
      "SourcePinAddress":{
        "PinID":1715469414,
        "PinOwnerID":1025093226
      },
      "TargetPinAddress":{
        "PinID":930515347,
        "PinOwnerID":1340395943
      },
      "ConnectionType":1,
      "ConnectedWireIndex":39,
      "ConnectedWireSegmentIndex":1,
      "Points":[{"x":-1.19542,"y":-10.91269},{"x":-1.19542,"y":-20.75501},{"x":0.0,"y":0.0}]
    },
    {
      "SourcePinAddress":{
        "PinID":1715469414,
        "PinOwnerID":1025093226
      },
      "TargetPinAddress":{
        "PinID":930515347,
        "PinOwnerID":1730673029
      },
      "ConnectionType":1,
      "ConnectedWireIndex":40,
      "ConnectedWireSegmentIndex":0,
      "Points":[{"x":-1.19542,"y":-18.86402},{"x":0.0,"y":0.0}]
    },
    {
      "SourcePinAddress":{
        "PinID":1949838215,
        "PinOwnerID":1730673029
      },
      "TargetPinAddress":{
        "PinID":0,
        "PinOwnerID":2146587501
      },
      "ConnectionType":0,
      "ConnectedWireIndex":-1,
      "ConnectedWireSegmentIndex":-1,
      "Points":[{"x":0.0,"y":0.0},{"x":0.0,"y":0.0}]
    },
    {
      "SourcePinAddress":{
        "PinID":1949838215,
        "PinOwnerID":1340395943
      },
      "TargetPinAddress":{
        "PinID":0,
        "PinOwnerID":2026877088
      },
      "ConnectionType":0,
      "ConnectedWireIndex":-1,
      "ConnectedWireSegmentIndex":-1,
      "Points":[{"x":0.0,"y":0.0},{"x":0.0,"y":0.0}]
    },
    {
      "SourcePinAddress":{
        "PinID":409777183,
        "PinOwnerID":1025093226
      },
      "TargetPinAddress":{
        "PinID":0,
        "PinOwnerID":621802507
      },
      "ConnectionType":0,
      "ConnectedWireIndex":-1,
      "ConnectedWireSegmentIndex":-1,
      "Points":[{"x":0.0,"y":0.0},{"x":-1.12756,"y":-12.67076},{"x":-1.12756,"y":-22.04018},{"x":-1.12756,"y":-22.12893},{"x":0.0,"y":0.0}]
    },
    {
      "SourcePinAddress":{
        "PinID":1465865019,
        "PinOwnerID":1025093226
      },
      "TargetPinAddress":{
        "PinID":930515347,
        "PinOwnerID":1186081657
      },
      "ConnectionType":0,
      "ConnectedWireIndex":-1,
      "ConnectedWireSegmentIndex":-1,
      "Points":[{"x":0.0,"y":0.0},{"x":-1.039,"y":-10.65996},{"x":-1.039,"y":-10.75083},{"x":-1.039,"y":-24.4375},{"x":-0.93669,"y":-24.4375},{"x":0.0,"y":0.0}]
    },
    {
      "SourcePinAddress":{
        "PinID":1949838215,
        "PinOwnerID":1186081657
      },
      "TargetPinAddress":{
        "PinID":0,
        "PinOwnerID":911057461
      },
      "ConnectionType":0,
      "ConnectedWireIndex":-1,
      "ConnectedWireSegmentIndex":-1,
      "Points":[{"x":0.0,"y":0.0},{"x":0.0,"y":0.0}]
    },
    {
      "SourcePinAddress":{
        "PinID":1465865019,
        "PinOwnerID":1025093226
      },
      "TargetPinAddress":{
        "PinID":143336155,
        "PinOwnerID":1196178118
      },
      "ConnectionType":1,
      "ConnectedWireIndex":45,
      "ConnectedWireSegmentIndex":0,
      "Points":[{"x":-1.04206,"y":-10.65972},{"x":-1.04208,"y":-4.71959},{"x":-1.04208,"y":-4.64975},{"x":0.0,"y":0.0}]
    },
    {
      "SourcePinAddress":{
        "PinID":1465865019,
        "PinOwnerID":1025093226
      },
      "TargetPinAddress":{
        "PinID":1678651094,
        "PinOwnerID":1340395943
      },
      "ConnectionType":1,
      "ConnectedWireIndex":45,
      "ConnectedWireSegmentIndex":2,
      "Points":[{"x":-1.039,"y":-20.47026},{"x":0.0,"y":0.0}]
    },
    {
      "SourcePinAddress":{
        "PinID":1949838215,
        "PinOwnerID":2031813445
      },
      "TargetPinAddress":{
        "PinID":0,
        "PinOwnerID":1949001085
      },
      "ConnectionType":0,
      "ConnectedWireIndex":-1,
      "ConnectedWireSegmentIndex":-1,
      "Points":[{"x":0.0,"y":0.0},{"x":0.0,"y":0.0}]
    },
    {
      "SourcePinAddress":{
        "PinID":1543097180,
        "PinOwnerID":1025093226
      },
      "TargetPinAddress":{
        "PinID":930515347,
        "PinOwnerID":2031813445
      },
      "ConnectionType":0,
      "ConnectedWireIndex":-1,
      "ConnectedWireSegmentIndex":-1,
      "Points":[{"x":0.0,"y":0.0},{"x":-0.94831,"y":-10.43441},{"x":-0.94831,"y":-26.28488},{"x":-0.87161,"y":-26.28488},{"x":0.0,"y":0.0}]
    },
    {
      "SourcePinAddress":{
        "PinID":1949838215,
        "PinOwnerID":1139646038
      },
      "TargetPinAddress":{
        "PinID":930515347,
        "PinOwnerID":538398487
      },
      "ConnectionType":0,
      "ConnectedWireIndex":-1,
      "ConnectedWireSegmentIndex":-1,
      "Points":[{"x":0.0,"y":0.0},{"x":0.0,"y":0.0}]
    },
    {
      "SourcePinAddress":{
        "PinID":1866607612,
        "PinOwnerID":1025093226
      },
      "TargetPinAddress":{
        "PinID":930515347,
        "PinOwnerID":1139646038
      },
      "ConnectionType":1,
      "ConnectedWireIndex":21,
      "ConnectedWireSegmentIndex":0,
      "Points":[{"x":-1.91543,"y":-12.42019},{"x":-1.91555,"y":-29.18958},{"x":0.0,"y":0.0}]
    },
    {
      "SourcePinAddress":{
        "PinID":776340343,
        "PinOwnerID":1025093226
      },
      "TargetPinAddress":{
        "PinID":1678651094,
        "PinOwnerID":1139646038
      },
      "ConnectionType":1,
      "ConnectedWireIndex":22,
      "ConnectedWireSegmentIndex":0,
      "Points":[{"x":-1.78613,"y":-12.16848},{"x":-1.78651,"y":-28.82774},{"x":0.0,"y":0.0}]
    },
    {
      "SourcePinAddress":{
        "PinID":1579930571,
        "PinOwnerID":1025093226
      },
      "TargetPinAddress":{
        "PinID":143336155,
        "PinOwnerID":1139646038
      },
      "ConnectionType":1,
      "ConnectedWireIndex":27,
      "ConnectedWireSegmentIndex":1,
      "Points":[{"x":-1.61493,"y":-15.44959},{"x":-1.61493,"y":-28.55313},{"x":0.0,"y":0.0}]
    },
    {
      "SourcePinAddress":{
        "PinID":1130521592,
        "PinOwnerID":1025093226
      },
      "TargetPinAddress":{
        "PinID":1048891278,
        "PinOwnerID":1139646038
      },
      "ConnectionType":1,
      "ConnectedWireIndex":32,
      "ConnectedWireSegmentIndex":0,
      "Points":[{"x":-1.50682,"y":-15.17004},{"x":-1.50682,"y":-28.33888},{"x":0.0,"y":0.0}]
    },
    {
      "SourcePinAddress":{
        "PinID":968512665,
        "PinOwnerID":1025093226
      },
      "TargetPinAddress":{
        "PinID":1678651094,
        "PinOwnerID":538398487
      },
      "ConnectionType":1,
      "ConnectedWireIndex":35,
      "ConnectedWireSegmentIndex":0,
      "Points":[{"x":-1.37674,"y":-13.07278},{"x":-1.37674,"y":-28.02},{"x":0.0,"y":0.0}]
    },
    {
      "SourcePinAddress":{
        "PinID":1465865019,
        "PinOwnerID":1025093226
      },
      "TargetPinAddress":{
        "PinID":143336155,
        "PinOwnerID":538398487
      },
      "ConnectionType":1,
      "ConnectedWireIndex":45,
      "ConnectedWireSegmentIndex":2,
      "Points":[{"x":-1.039,"y":-24.4375},{"x":-1.039,"y":-27.65511},{"x":-1.039,"y":-27.6984},{"x":0.0,"y":0.0}]
    },
    {
      "SourcePinAddress":{
        "PinID":1949838215,
        "PinOwnerID":538398487
      },
      "TargetPinAddress":{
        "PinID":0,
        "PinOwnerID":1417173206
      },
      "ConnectionType":0,
      "ConnectedWireIndex":-1,
      "ConnectedWireSegmentIndex":-1,
      "Points":[{"x":0.0,"y":0.0},{"x":0.0,"y":0.0}]
    },
    {
      "SourcePinAddress":{
        "PinID":1209982256,
        "PinOwnerID":1025093226
      },
      "TargetPinAddress":{
        "PinID":0,
        "PinOwnerID":2019931146
      },
      "ConnectionType":0,
      "ConnectedWireIndex":-1,
      "ConnectedWireSegmentIndex":-1,
      "Points":[{"x":0.0,"y":0.0},{"x":-0.88471,"y":-10.17076},{"x":-0.89875,"y":-10.17076},{"x":-0.84258,"y":-10.17076},{"x":-0.84258,"y":-29.97},{"x":0.0,"y":0.0}]
    },
    {
      "SourcePinAddress":{
        "PinID":1209982256,
        "PinOwnerID":1025093226
      },
      "TargetPinAddress":{
        "PinID":1678651094,
        "PinOwnerID":2031813445
      },
      "ConnectionType":1,
      "ConnectedWireIndex":59,
      "ConnectedWireSegmentIndex":3,
      "Points":[{"x":-0.84258,"y":-26.03488},{"x":0.0,"y":0.0}]
    },
    {
      "SourcePinAddress":{
        "PinID":2103781888,
        "PinOwnerID":1025093226
      },
      "TargetPinAddress":{
        "PinID":930515347,
        "PinOwnerID":765360514
      },
      "ConnectionType":0,
      "ConnectedWireIndex":-1,
      "ConnectedWireSegmentIndex":-1,
      "Points":[{"x":0.0,"y":0.0},{"x":-0.73765,"y":-9.92076},{"x":-0.73765,"y":-35.40991},{"x":8.666,"y":-35.3932},{"x":0.0,"y":0.0}]
    },
    {
      "SourcePinAddress":{
        "PinID":1949838215,
        "PinOwnerID":765360514
      },
      "TargetPinAddress":{
        "PinID":0,
        "PinOwnerID":1371404706
      },
      "ConnectionType":0,
      "ConnectedWireIndex":-1,
      "ConnectedWireSegmentIndex":-1,
      "Points":[{"x":0.0,"y":0.0},{"x":0.0,"y":0.0}]
    },
    {
      "SourcePinAddress":{
        "PinID":1949838215,
        "PinOwnerID":1995662946
      },
      "TargetPinAddress":{
        "PinID":0,
        "PinOwnerID":1884822459
      },
      "ConnectionType":0,
      "ConnectedWireIndex":-1,
      "ConnectedWireSegmentIndex":-1,
      "Points":[{"x":0.0,"y":0.0},{"x":0.0,"y":0.0}]
    },
    {
      "SourcePinAddress":{
        "PinID":2103781888,
        "PinOwnerID":1025093226
      },
      "TargetPinAddress":{
        "PinID":930515347,
        "PinOwnerID":1995662946
      },
      "ConnectionType":1,
      "ConnectedWireIndex":61,
      "ConnectedWireSegmentIndex":1,
      "Points":[{"x":-0.73765,"y":-33.88594},{"x":0.0,"y":0.0}]
    },
    {
      "SourcePinAddress":{
        "PinID":1436785699,
        "PinOwnerID":1025093226
      },
      "TargetPinAddress":{
        "PinID":1678651094,
        "PinOwnerID":1995662946
      },
      "ConnectionType":0,
      "ConnectedWireIndex":-1,
      "ConnectedWireSegmentIndex":-1,
      "Points":[{"x":0.0,"y":0.0},{"x":-0.60756,"y":-9.67382},{"x":-0.60756,"y":-9.74622},{"x":-0.60756,"y":-33.63594},{"x":0.0,"y":0.0}]
    },
    {
      "SourcePinAddress":{
        "PinID":1949838215,
        "PinOwnerID":972847762
      },
      "TargetPinAddress":{
        "PinID":0,
        "PinOwnerID":1010443930
      },
      "ConnectionType":0,
      "ConnectedWireIndex":-1,
      "ConnectedWireSegmentIndex":-1,
      "Points":[{"x":0.0,"y":0.0},{"x":0.0,"y":0.0}]
    },
    {
      "SourcePinAddress":{
        "PinID":1436785699,
        "PinOwnerID":1025093226
      },
      "TargetPinAddress":{
        "PinID":1678651094,
        "PinOwnerID":972847762
      },
      "ConnectionType":1,
      "ConnectedWireIndex":65,
      "ConnectedWireSegmentIndex":2,
      "Points":[{"x":-0.60756,"y":-31.54442},{"x":0.0,"y":0.0}]
    },
    {
      "SourcePinAddress":{
        "PinID":2103781888,
        "PinOwnerID":1025093226
      },
      "TargetPinAddress":{
        "PinID":143336155,
        "PinOwnerID":2031813445
      },
      "ConnectionType":1,
      "ConnectedWireIndex":61,
      "ConnectedWireSegmentIndex":1,
      "Points":[{"x":-0.73765,"y":-25.78488},{"x":0.0,"y":0.0}]
    },
    {
      "SourcePinAddress":{
        "PinID":1949838215,
        "PinOwnerID":1855489527
      },
      "TargetPinAddress":{
        "PinID":0,
        "PinOwnerID":490162419
      },
      "ConnectionType":0,
      "ConnectedWireIndex":-1,
      "ConnectedWireSegmentIndex":-1,
      "Points":[{"x":0.0,"y":0.0},{"x":0.0,"y":0.0}]
    },
    {
      "SourcePinAddress":{
        "PinID":1949838215,
        "PinOwnerID":484099800
      },
      "TargetPinAddress":{
        "PinID":0,
        "PinOwnerID":625244244
      },
      "ConnectionType":0,
      "ConnectedWireIndex":-1,
      "ConnectedWireSegmentIndex":-1,
      "Points":[{"x":0.0,"y":0.0},{"x":0.0,"y":0.0}]
    },
    {
      "SourcePinAddress":{
        "PinID":1949838215,
        "PinOwnerID":536039289
      },
      "TargetPinAddress":{
        "PinID":0,
        "PinOwnerID":2111914727
      },
      "ConnectionType":0,
      "ConnectedWireIndex":-1,
      "ConnectedWireSegmentIndex":-1,
      "Points":[{"x":0.0,"y":0.0},{"x":0.0,"y":0.0}]
    },
    {
      "SourcePinAddress":{
        "PinID":1949838215,
        "PinOwnerID":269961671
      },
      "TargetPinAddress":{
        "PinID":1048891278,
        "PinOwnerID":1196178118
      },
      "ConnectionType":0,
      "ConnectedWireIndex":-1,
      "ConnectedWireSegmentIndex":-1,
      "Points":[{"x":0.0,"y":0.0},{"x":0.0,"y":0.0}]
    },
    {
      "SourcePinAddress":{
        "PinID":433954246,
        "PinOwnerID":1025093226
      },
      "TargetPinAddress":{
        "PinID":930515347,
        "PinOwnerID":269961671
      },
      "ConnectionType":0,
      "ConnectedWireIndex":-1,
      "ConnectedWireSegmentIndex":-1,
      "Points":[{"x":0.0,"y":0.0},{"x":-0.46166,"y":-9.29576},{"x":-0.46166,"y":-4.31082},{"x":0.0,"y":0.0}]
    },
    {
      "SourcePinAddress":{
        "PinID":433954246,
        "PinOwnerID":1025093226
      },
      "TargetPinAddress":{
        "PinID":930515347,
        "PinOwnerID":1471845024
      },
      "ConnectionType":1,
      "ConnectedWireIndex":73,
      "ConnectedWireSegmentIndex":0,
      "Points":[{"x":-0.46166,"y":-9.29576},{"x":-0.46166,"y":-43.73043},{"x":0.0,"y":0.0}]
    },
    {
      "SourcePinAddress":{
        "PinID":1949838215,
        "PinOwnerID":1471845024
      },
      "TargetPinAddress":{
        "PinID":0,
        "PinOwnerID":2009272064
      },
      "ConnectionType":0,
      "ConnectedWireIndex":-1,
      "ConnectedWireSegmentIndex":-1,
      "Points":[{"x":0.0,"y":0.0},{"x":0.0,"y":0.0}]
    },
    {
      "SourcePinAddress":{
        "PinID":433954246,
        "PinOwnerID":1025093226
      },
      "TargetPinAddress":{
        "PinID":930515347,
        "PinOwnerID":536039289
      },
      "ConnectionType":1,
      "ConnectedWireIndex":74,
      "ConnectedWireSegmentIndex":0,
      "Points":[{"x":-0.46166,"y":-38.01338},{"x":0.0,"y":0.0}]
    },
    {
      "SourcePinAddress":{
        "PinID":433954246,
        "PinOwnerID":1025093226
      },
      "TargetPinAddress":{
        "PinID":930515347,
        "PinOwnerID":1855489527
      },
      "ConnectionType":1,
      "ConnectedWireIndex":74,
      "ConnectedWireSegmentIndex":0,
      "Points":[{"x":-0.46166,"y":-39.71635},{"x":0.0,"y":0.0}]
    },
    {
      "SourcePinAddress":{
        "PinID":433954246,
        "PinOwnerID":1025093226
      },
      "TargetPinAddress":{
        "PinID":930515347,
        "PinOwnerID":484099800
      },
      "ConnectionType":1,
      "ConnectedWireIndex":74,
      "ConnectedWireSegmentIndex":0,
      "Points":[{"x":-0.46166,"y":-41.95919},{"x":0.0,"y":0.0}]
    },
    {
      "SourcePinAddress":{
        "PinID":1404769235,
        "PinOwnerID":1025093226
      },
      "TargetPinAddress":{
        "PinID":0,
        "PinOwnerID":630904224
      },
      "ConnectionType":0,
      "ConnectedWireIndex":-1,
      "ConnectedWireSegmentIndex":-1,
      "Points":[{"x":0.0,"y":0.0},{"x":-0.33287,"y":-9.04576},{"x":-0.33287,"y":-45.32759},{"x":10.26184,"y":-45.32759},{"x":0.0,"y":0.0}]
    },
    {
      "SourcePinAddress":{
        "PinID":1404769235,
        "PinOwnerID":1025093226
      },
      "TargetPinAddress":{
        "PinID":0,
        "PinOwnerID":500829183
      },
      "ConnectionType":1,
      "ConnectedWireIndex":79,
      "ConnectedWireSegmentIndex":1,
      "Points":[{"x":-0.33287,"y":-45.32759},{"x":-0.33477,"y":-47.0},{"x":0.0,"y":0.0}]
    },
    {
      "SourcePinAddress":{
        "PinID":1404769235,
        "PinOwnerID":1025093226
      },
      "TargetPinAddress":{
        "PinID":1678651094,
        "PinOwnerID":1471845024
      },
      "ConnectionType":1,
      "ConnectedWireIndex":79,
      "ConnectedWireSegmentIndex":1,
      "Points":[{"x":-0.33287,"y":-43.47918},{"x":0.0,"y":0.0}]
    },
    {
      "SourcePinAddress":{
        "PinID":1404769235,
        "PinOwnerID":1025093226
      },
      "TargetPinAddress":{
        "PinID":1678651094,
        "PinOwnerID":484099800
      },
      "ConnectionType":1,
      "ConnectedWireIndex":79,
      "ConnectedWireSegmentIndex":1,
      "Points":[{"x":-0.33287,"y":-41.70919},{"x":0.0,"y":0.0}]
    },
    {
      "SourcePinAddress":{
        "PinID":1404769235,
        "PinOwnerID":1025093226
      },
      "TargetPinAddress":{
        "PinID":1678651094,
        "PinOwnerID":269961671
      },
      "ConnectionType":1,
      "ConnectedWireIndex":79,
      "ConnectedWireSegmentIndex":0,
      "Points":[{"x":-0.33287,"y":-9.04576},{"x":-0.33287,"y":-4.06256},{"x":0.0,"y":0.0}]
    },
    {
      "SourcePinAddress":{
        "PinID":433954246,
        "PinOwnerID":1025093226
      },
      "TargetPinAddress":{
        "PinID":0,
        "PinOwnerID":1164010476
      },
      "ConnectionType":1,
      "ConnectedWireIndex":74,
      "ConnectedWireSegmentIndex":0,
      "Points":[{"x":-0.46166,"y":-43.73043},{"x":-0.46166,"y":-48.47858},{"x":0.0,"y":0.0}]
    }
  ],
  "Displays":[]
}