{
  "DLSVersion": "2.1.6",
  "Name": "D LATCH WITH CLR",
  "NameLocation": 0,
  "ChipType": 0,
  "Size": {
    "x": 1.4,
    "y": 0.75
  },
  "Colour": {
    "r": 0.32823953,
    "g": 0.0185260717,
    "b": 0.0364239067,
    "a": 1
  },
  "InputPins":[
    {
      "Name":"STORE",
      "ID":659245764,
      "Position":{
        "x":-1.80886,
        "y":-0.57517
      },
      "BitCount":1,
      "Colour":0,
      "ValueDisplayMode":0
    },
    {
      "Name":"DATA",
      "ID":295787969,
      "Position":{
        "x":-1.78349,
        "y":-1.48965
      },
      "BitCount":1,
      "Colour":0,
      "ValueDisplayMode":0
    },
    {
      "Name":"CLR",
      "ID":1717225462,
      "Position":{
        "x":-1.75,
        "y":-2.0625
      },
      "BitCount":1,
      "Colour":0,
      "ValueDisplayMode":0
    }
  ],
  "OutputPins":[
    {
      "Name":"OUT",
      "ID":1428065560,
      "Position":{
        "x":7.00035,
        "y":-0.67082
      },
      "BitCount":1,
      "Colour":0,
      "ValueDisplayMode":0
    }
  ],
  "SubChips":[
    {
      "Name":"AND",
      "ID":1375549231,
      "Label":"",
      "Position":{
        "x":2.40992,
        "y":-1.43175
      },
      "OutputPinColourInfo":[{"PinColour":0,"PinID":1931642737}],
      "InternalData":null
    },
    {
      "Name":"AND",
      "ID":1641193439,
      "Label":"",
      "Position":{
        "x":2.51745,
        "y":-0.00227
      },
      "OutputPinColourInfo":[{"PinColour":0,"PinID":1931642737}],
      "InternalData":null
    },
    {
      "Name":"NOT",
      "ID":718783287,
      "Label":"",
      "Position":{
        "x":1.20235,
        "y":0.15629
      },
      "OutputPinColourInfo":[{"PinColour":0,"PinID":14895395}],
      "InternalData":null
    },
    {
      "Name":"SR LATCH",
      "ID":1417933233,
      "Label":"",
      "Position":{
        "x":4.32053,
        "y":-0.74526
      },
      "OutputPinColourInfo":[{"PinColour":0,"PinID":774234844}],
      "InternalData":null
    }
  ],
  "Wires":[
    {
      "SourcePinAddress":{
        "PinID":1931642737,
        "PinOwnerID":1641193439
      },
      "TargetPinAddress":{
        "PinID":1782709029,
        "PinOwnerID":1417933233
      },
      "ConnectionType":0,
      "ConnectedWireIndex":-1,
      "ConnectedWireSegmentIndex":-1,
      "Points":[{"x":0.0,"y":0.0},{"x":0.0,"y":0.0}]
    },
    {
      "SourcePinAddress":{
        "PinID":1931642737,
        "PinOwnerID":1375549231
      },
      "TargetPinAddress":{
        "PinID":311273003,
        "PinOwnerID":1417933233
      },
      "ConnectionType":0,
      "ConnectedWireIndex":-1,
      "ConnectedWireSegmentIndex":-1,
      "Points":[{"x":0.0,"y":0.0},{"x":0.0,"y":0.0}]
    },
    {
      "SourcePinAddress":{
        "PinID":774234844,
        "PinOwnerID":1417933233
      },
      "TargetPinAddress":{
        "PinID":0,
        "PinOwnerID":1428065560
      },
      "ConnectionType":0,
      "ConnectedWireIndex":-1,
      "ConnectedWireSegmentIndex":-1,
      "Points":[{"x":0.0,"y":0.0},{"x":0.0,"y":0.0}]
    },
    {
      "SourcePinAddress":{
        "PinID":14895395,
        "PinOwnerID":718783287
      },
      "TargetPinAddress":{
        "PinID":1116648463,
        "PinOwnerID":1641193439
      },
      "ConnectionType":0,
      "ConnectedWireIndex":-1,
      "ConnectedWireSegmentIndex":-1,
      "Points":[{"x":0.0,"y":0.0},{"x":0.0,"y":0.0}]
    },
    {
      "SourcePinAddress":{
        "PinID":0,
        "PinOwnerID":295787969
      },
      "TargetPinAddress":{
        "PinID":2030901329,
        "PinOwnerID":718783287
      },
      "ConnectionType":0,
      "ConnectedWireIndex":-1,
      "ConnectedWireSegmentIndex":-1,
      "Points":[{"x":0.0,"y":0.0},{"x":-0.16237,"y":-1.48965},{"x":-0.16237,"y":0.21005},{"x":0.0,"y":0.0}]
    },
    {
      "SourcePinAddress":{
        "PinID":0,
        "PinOwnerID":659245764
      },
      "TargetPinAddress":{
        "PinID":707504547,
        "PinOwnerID":1641193439
      },
      "ConnectionType":0,
      "ConnectedWireIndex":-1,
      "ConnectedWireSegmentIndex":-1,
      "Points":[{"x":0.0,"y":0.0},{"x":1.95502,"y":-0.59858},{"x":1.95502,"y":-0.12079},{"x":0.0,"y":0.0}]
    },
    {
      "SourcePinAddress":{
        "PinID":0,
        "PinOwnerID":659245764
      },
      "TargetPinAddress":{
        "PinID":1116648463,
        "PinOwnerID":1375549231
      },
      "ConnectionType":1,
      "ConnectedWireIndex":5,
      "ConnectedWireSegmentIndex":0,
      "Points":[{"x":1.94675,"y":-0.59851},{"x":1.94675,"y":-1.33664},{"x":0.0,"y":0.0}]
    },
    {
      "SourcePinAddress":{
        "PinID":0,
        "PinOwnerID":295787969
      },
      "TargetPinAddress":{
        "PinID":707504547,
        "PinOwnerID":1375549231
      },
      "ConnectionType":1,
      "ConnectedWireIndex":4,
      "ConnectedWireSegmentIndex":0,
      "Points":[{"x":-0.16237,"y":-1.48965},{"x":0.0,"y":0.0}]
    },
    {
      "SourcePinAddress":{
        "PinID":0,
        "PinOwnerID":1717225462
      },
      "TargetPinAddress":{
        "PinID":1782709029,
        "PinOwnerID":1417933233
      },
      "ConnectionType":0,
      "ConnectedWireIndex":-1,
      "ConnectedWireSegmentIndex":-1,
      "Points":[{"x":0.0,"y":0.0},{"x":3.55135,"y":-2.0625},{"x":3.55135,"y":-0.62949},{"x":0.0,"y":0.0}]
    }
  ],
  "Displays": null
}