{
  "DLSVersion": "2.1.6",
  "Name": "D LATCH",
  "NameLocation": 0,
  "ChipType": 0,
  "Size": {
    "x": 1.025,
    "y": 0.5
  },
  "Colour": {
    "r": 0.555780768,
    "g": 0.133186281,
    "b": 0.518716633,
    "a": 1
  },
  "InputPins":[
    {
      "Name":"STORE",
      "ID":2125353138,
      "Position":{
        "x":1.41422,
        "y":0.2091
      },
      "BitCount":1,
      "Colour":0,
      "ValueDisplayMode":0
    },
    {
      "Name":"DATA",
      "ID":1654879260,
      "Position":{
        "x":-0.34614,
        "y":-0.70036
      },
      "BitCount":1,
      "Colour":0,
      "ValueDisplayMode":0
    }
  ],
  "OutputPins":[
    {
      "Name":"OUT",
      "ID":1694251267,
      "Position":{
        "x":6.32411,
        "y":0.12914
      },
      "BitCount":1,
      "Colour":0,
      "ValueDisplayMode":0
    }
  ],
  "SubChips":[
    {
      "Name":"AND",
      "ID":1429145224,
      "Label":"",
      "Position":{
        "x":3.21367,
        "y":-0.50311
      },
      "OutputPinColourInfo":[{"PinColour":0,"PinID":1931642737}],
      "InternalData":null
    },
    {
      "Name":"AND",
      "ID":650382815,
      "Label":"",
      "Position":{
        "x":3.24211,
        "y":0.87176
      },
      "OutputPinColourInfo":[{"PinColour":0,"PinID":1931642737}],
      "InternalData":null
    },
    {
      "Name":"NOT",
      "ID":328334162,
      "Label":"",
      "Position":{
        "x":1.84827,
        "y":0.96658
      },
      "OutputPinColourInfo":[{"PinColour":0,"PinID":14895395}],
      "InternalData":null
    },
    {
      "Name":"SR LATCH",
      "ID":692215333,
      "Label":"",
      "Position":{
        "x":4.59837,
        "y":0.11744
      },
      "OutputPinColourInfo":[{"PinColour":0,"PinID":774234844}],
      "InternalData":null
    }
  ],
  "Wires":[
    {
      "SourcePinAddress":{
        "PinID":0,
        "PinOwnerID":2125353138
      },
      "TargetPinAddress":{
        "PinID":1116648463,
        "PinOwnerID":1429145224
      },
      "ConnectionType":0,
      "ConnectedWireIndex":-1,
      "ConnectedWireSegmentIndex":-1,
      "Points":[{"x":0.0,"y":0.0},{"x":2.53097,"y":0.2091},{"x":2.53097,"y":-0.37984},{"x":0.0,"y":0.0}]
    },
    {
      "SourcePinAddress":{
        "PinID":0,
        "PinOwnerID":2125353138
      },
      "TargetPinAddress":{
        "PinID":707504547,
        "PinOwnerID":650382815
      },
      "ConnectionType":1,
      "ConnectedWireIndex":0,
      "ConnectedWireSegmentIndex":0,
      "Points":[{"x":2.53097,"y":0.2091},{"x":2.53097,"y":0.76746},{"x":0.0,"y":0.0}]
    },
    {
      "SourcePinAddress":{
        "PinID":14895395,
        "PinOwnerID":328334162
      },
      "TargetPinAddress":{
        "PinID":1116648463,
        "PinOwnerID":650382815
      },
      "ConnectionType":0,
      "ConnectedWireIndex":-1,
      "ConnectedWireSegmentIndex":-1,
      "Points":[{"x":0.0,"y":0.0},{"x":0.0,"y":0.0}]
    },
    {
      "SourcePinAddress":{
        "PinID":0,
        "PinOwnerID":1654879260
      },
      "TargetPinAddress":{
        "PinID":2030901329,
        "PinOwnerID":328334162
      },
      "ConnectionType":0,
      "ConnectedWireIndex":-1,
      "ConnectedWireSegmentIndex":-1,
      "Points":[{"x":0.0,"y":0.0},{"x":0.40703,"y":0.96658},{"x":0.0,"y":0.0}]
    },
    {
      "SourcePinAddress":{
        "PinID":0,
        "PinOwnerID":1654879260
      },
      "TargetPinAddress":{
        "PinID":707504547,
        "PinOwnerID":1429145224
      },
      "ConnectionType":0,
      "ConnectedWireIndex":-1,
      "ConnectedWireSegmentIndex":-1,
      "Points":[{"x":0.0,"y":0.0},{"x":2.3603,"y":-0.70036},{"x":2.3603,"y":-0.62637},{"x":0.0,"y":0.0}]
    },
    {
      "SourcePinAddress":{
        "PinID":1931642737,
        "PinOwnerID":650382815
      },
      "TargetPinAddress":{
        "PinID":1782709029,
        "PinOwnerID":692215333
      },
      "ConnectionType":0,
      "ConnectedWireIndex":-1,
      "ConnectedWireSegmentIndex":-1,
      "Points":[{"x":0.0,"y":0.0},{"x":0.0,"y":0.0}]
    },
    {
      "SourcePinAddress":{
        "PinID":1931642737,
        "PinOwnerID":1429145224
      },
      "TargetPinAddress":{
        "PinID":311273003,
        "PinOwnerID":692215333
      },
      "ConnectionType":0,
      "ConnectedWireIndex":-1,
      "ConnectedWireSegmentIndex":-1,
      "Points":[{"x":0.0,"y":0.0},{"x":0.0,"y":0.0}]
    },
    {
      "SourcePinAddress":{
        "PinID":774234844,
        "PinOwnerID":692215333
      },
      "TargetPinAddress":{
        "PinID":0,
        "PinOwnerID":1694251267
      },
      "ConnectionType":0,
      "ConnectedWireIndex":-1,
      "ConnectedWireSegmentIndex":-1,
      "Points":[{"x":0.0,"y":0.0},{"x":0.0,"y":0.0}]
    }
  ],
  "Displays": null
}