{
  "DLSVersion": "2.1.6",
  "Name": "Double Dabble",
  "NameLocation": 0,
  "ChipType": 0,
  "Size": {
    "x": 1.1,
    "y": 1.0
  },
  "Colour": {
    "r": 0.4192929,
    "g": 0.323819757,
    "b": 0.448557138,
    "a": 1
  },
  "InputPins":[
    {
      "Name":"IN",
      "ID":268068168,
      "Position":{
        "x":-2.85324,
        "y":0.64953
      },
      "BitCount":8,
      "Colour":0,
      "ValueDisplayMode":0
    }
  ],
  "OutputPins":[
    {
      "Name":"Hundreds",
      "ID":1781360630,
      "Position":{
        "x":17.375,
        "y":2.37932
      },
      "BitCount":1,
      "Colour":0,
      "ValueDisplayMode":0
    },
    {
      "Name":"Hundreds",
      "ID":727950729,
      "Position":{
        "x":17.375,
        "y":1.90345
      },
      "BitCount":1,
      "Colour":0,
      "ValueDisplayMode":0
    },
    {
      "Name":"Units & Tenth",
      "ID":888812225,
      "Position":{
        "x":17.40054,
        "y":0.67987
      },
      "BitCount":8,
      "Colour":0,
      "ValueDisplayMode":0
    }
  ],
  "SubChips":[
    {
      "Name":"CONDITIONAL ADDER",
      "ID":868399745,
      "Label":"",
      "Position":{
        "x":2.56,
        "y":1.4375
      },
      "OutputPinColourInfo":[{"PinColour":0,"PinID":273698853},{"PinColour":0,"PinID":1652320972},{"PinColour":0,"PinID":782894864},{"PinColour":0,"PinID":747777801}],
      "InternalData":null
    },
    {
      "Name":"CONDITIONAL ADDER",
      "ID":714596966,
      "Label":"",
      "Position":{
        "x":4.81,
        "y":1.1875
      },
      "OutputPinColourInfo":[{"PinColour":0,"PinID":273698853},{"PinColour":0,"PinID":1652320972},{"PinColour":0,"PinID":782894864},{"PinColour":0,"PinID":747777801}],
      "InternalData":null
    },
    {
      "Name":"CONDITIONAL ADDER",
      "ID":223189416,
      "Label":"",
      "Position":{
        "x":9.31,
        "y":0.69398
      },
      "OutputPinColourInfo":[{"PinColour":0,"PinID":273698853},{"PinColour":0,"PinID":1652320972},{"PinColour":0,"PinID":782894864},{"PinColour":0,"PinID":747777801}],
      "InternalData":null
    },
    {
      "Name":"CONDITIONAL ADDER",
      "ID":631393043,
      "Label":"",
      "Position":{
        "x":7.06,
        "y":0.9375
      },
      "OutputPinColourInfo":[{"PinColour":0,"PinID":273698853},{"PinColour":0,"PinID":1652320972},{"PinColour":0,"PinID":782894864},{"PinColour":0,"PinID":747777801}],
      "InternalData":null
    },
    {
      "Name":"CONDITIONAL ADDER",
      "ID":296934013,
      "Label":"",
      "Position":{
        "x":9.31,
        "y":1.75
      },
      "OutputPinColourInfo":[{"PinColour":0,"PinID":273698853},{"PinColour":0,"PinID":1652320972},{"PinColour":0,"PinID":782894864},{"PinColour":0,"PinID":747777801}],
      "InternalData":null
    },
    {
      "Name":"CONDITIONAL ADDER",
      "ID":770630322,
      "Label":"",
      "Position":{
        "x":11.56,
        "y":0.4375
      },
      "OutputPinColourInfo":[{"PinColour":0,"PinID":273698853},{"PinColour":0,"PinID":1652320972},{"PinColour":0,"PinID":782894864},{"PinColour":0,"PinID":747777801}],
      "InternalData":null
    },
    {
      "Name":"CONDITIONAL ADDER",
      "ID":1479543479,
      "Label":"",
      "Position":{
        "x":11.56,
        "y":1.5
      },
      "OutputPinColourInfo":[{"PinColour":0,"PinID":273698853},{"PinColour":0,"PinID":1652320972},{"PinColour":0,"PinID":782894864},{"PinColour":0,"PinID":747777801}],
      "InternalData":null
    },
    {
      "Name":"8-1BIT",
      "ID":1894966160,
      "Label":"",
      "Position":{
        "x":-0.1775,
        "y":0.6875
      },
      "OutputPinColourInfo":[{"PinColour":0,"PinID":1},{"PinColour":0,"PinID":2},{"PinColour":0,"PinID":3},{"PinColour":0,"PinID":4},{"PinColour":0,"PinID":5},{"PinColour":0,"PinID":6},{"PinColour":0,"PinID":7},{"PinColour":0,"PinID":8}],
      "InternalData":null
    },
    {
      "Name":"1-8BIT",
      "ID":1245520126,
      "Label":"",
      "Position":{
        "x":13.6975,
        "y":0.6875
      },
      "OutputPinColourInfo":[{"PinColour":0,"PinID":8}],
      "InternalData":null
    }
  ],
  "Wires":[
    {
      "SourcePinAddress":{
        "PinID":273698853,
        "PinOwnerID":868399745
      },
      "TargetPinAddress":{
        "PinID":1919772520,
        "PinOwnerID":296934013
      },
      "ConnectionType":0,
      "ConnectedWireIndex":-1,
      "ConnectedWireSegmentIndex":-1,
      "Points":[{"x":0.0,"y":0.0},{"x":0.0,"y":0.0}]
    },
    {
      "SourcePinAddress":{
        "PinID":1652320972,
        "PinOwnerID":868399745
      },
      "TargetPinAddress":{
        "PinID":328191454,
        "PinOwnerID":714596966
      },
      "ConnectionType":0,
      "ConnectedWireIndex":-1,
      "ConnectedWireSegmentIndex":-1,
      "Points":[{"x":0.0,"y":0.0},{"x":0.0,"y":0.0}]
    },
    {
      "SourcePinAddress":{
        "PinID":782894864,
        "PinOwnerID":868399745
      },
      "TargetPinAddress":{
        "PinID":1919772520,
        "PinOwnerID":714596966
      },
      "ConnectionType":0,
      "ConnectedWireIndex":-1,
      "ConnectedWireSegmentIndex":-1,
      "Points":[{"x":0.0,"y":0.0},{"x":0.0,"y":0.0}]
    },
    {
      "SourcePinAddress":{
        "PinID":747777801,
        "PinOwnerID":868399745
      },
      "TargetPinAddress":{
        "PinID":1732276006,
        "PinOwnerID":714596966
      },
      "ConnectionType":0,
      "ConnectedWireIndex":-1,
      "ConnectedWireSegmentIndex":-1,
      "Points":[{"x":0.0,"y":0.0},{"x":0.0,"y":0.0}]
    },
    {
      "SourcePinAddress":{
        "PinID":273698853,
        "PinOwnerID":714596966
      },
      "TargetPinAddress":{
        "PinID":1732276006,
        "PinOwnerID":296934013
      },
      "ConnectionType":0,
      "ConnectedWireIndex":-1,
      "ConnectedWireSegmentIndex":-1,
      "Points":[{"x":0.0,"y":0.0},{"x":0.0,"y":0.0}]
    },
    {
      "SourcePinAddress":{
        "PinID":1652320972,
        "PinOwnerID":714596966
      },
      "TargetPinAddress":{
        "PinID":328191454,
        "PinOwnerID":631393043
      },
      "ConnectionType":0,
      "ConnectedWireIndex":-1,
      "ConnectedWireSegmentIndex":-1,
      "Points":[{"x":0.0,"y":0.0},{"x":0.0,"y":0.0}]
    },
    {
      "SourcePinAddress":{
        "PinID":782894864,
        "PinOwnerID":714596966
      },
      "TargetPinAddress":{
        "PinID":1919772520,
        "PinOwnerID":631393043
      },
      "ConnectionType":0,
      "ConnectedWireIndex":-1,
      "ConnectedWireSegmentIndex":-1,
      "Points":[{"x":0.0,"y":0.0},{"x":0.0,"y":0.0}]
    },
    {
      "SourcePinAddress":{
        "PinID":747777801,
        "PinOwnerID":714596966
      },
      "TargetPinAddress":{
        "PinID":1732276006,
        "PinOwnerID":631393043
      },
      "ConnectionType":0,
      "ConnectedWireIndex":-1,
      "ConnectedWireSegmentIndex":-1,
      "Points":[{"x":0.0,"y":0.0},{"x":0.0,"y":0.0}]
    },
    {
      "SourcePinAddress":{
        "PinID":273698853,
        "PinOwnerID":631393043
      },
      "TargetPinAddress":{
        "PinID":1494779506,
        "PinOwnerID":296934013
      },
      "ConnectionType":0,
      "ConnectedWireIndex":-1,
      "ConnectedWireSegmentIndex":-1,
      "Points":[{"x":0.0,"y":0.0},{"x":0.0,"y":0.0}]
    },
    {
      "SourcePinAddress":{
        "PinID":1652320972,
        "PinOwnerID":631393043
      },
      "TargetPinAddress":{
        "PinID":328191454,
        "PinOwnerID":223189416
      },
      "ConnectionType":0,
      "ConnectedWireIndex":-1,
      "ConnectedWireSegmentIndex":-1,
      "Points":[{"x":0.0,"y":0.0},{"x":0.0,"y":0.0}]
    },
    {
      "SourcePinAddress":{
        "PinID":782894864,
        "PinOwnerID":631393043
      },
      "TargetPinAddress":{
        "PinID":1919772520,
        "PinOwnerID":223189416
      },
      "ConnectionType":0,
      "ConnectedWireIndex":-1,
      "ConnectedWireSegmentIndex":-1,
      "Points":[{"x":0.0,"y":0.0},{"x":0.0,"y":0.0}]
    },
    {
      "SourcePinAddress":{
        "PinID":747777801,
        "PinOwnerID":631393043
      },
      "TargetPinAddress":{
        "PinID":1732276006,
        "PinOwnerID":223189416
      },
      "ConnectionType":0,
      "ConnectedWireIndex":-1,
      "ConnectedWireSegmentIndex":-1,
      "Points":[{"x":0.0,"y":0.0},{"x":0.0,"y":0.0}]
    },
    {
      "SourcePinAddress":{
        "PinID":1,
        "PinOwnerID":1894966160
      },
      "TargetPinAddress":{
        "PinID":1919772520,
        "PinOwnerID":868399745
      },
      "ConnectionType":0,
      "ConnectedWireIndex":-1,
      "ConnectedWireSegmentIndex":-1,
      "Points":[{"x":0.0,"y":0.0},{"x":0.0,"y":0.0}]
    },
    {
      "SourcePinAddress":{
        "PinID":2,
        "PinOwnerID":1894966160
      },
      "TargetPinAddress":{
        "PinID":1732276006,
        "PinOwnerID":868399745
      },
      "ConnectionType":0,
      "ConnectedWireIndex":-1,
      "ConnectedWireSegmentIndex":-1,
      "Points":[{"x":0.0,"y":0.0},{"x":0.0,"y":0.0}]
    },
    {
      "SourcePinAddress":{
        "PinID":3,
        "PinOwnerID":1894966160
      },
      "TargetPinAddress":{
        "PinID":1494779506,
        "PinOwnerID":868399745
      },
      "ConnectionType":0,
      "ConnectedWireIndex":-1,
      "ConnectedWireSegmentIndex":-1,
      "Points":[{"x":0.0,"y":0.0},{"x":0.0,"y":0.0}]
    },
    {
      "SourcePinAddress":{
        "PinID":4,
        "PinOwnerID":1894966160
      },
      "TargetPinAddress":{
        "PinID":1494779506,
        "PinOwnerID":714596966
      },
      "ConnectionType":0,
      "ConnectedWireIndex":-1,
      "ConnectedWireSegmentIndex":-1,
      "Points":[{"x":0.0,"y":0.0},{"x":0.0,"y":0.0}]
    },
    {
      "SourcePinAddress":{
        "PinID":5,
        "PinOwnerID":1894966160
      },
      "TargetPinAddress":{
        "PinID":1494779506,
        "PinOwnerID":631393043
      },
      "ConnectionType":0,
      "ConnectedWireIndex":-1,
      "ConnectedWireSegmentIndex":-1,
      "Points":[{"x":0.0,"y":0.0},{"x":0.0,"y":0.0}]
    },
    {
      "SourcePinAddress":{
        "PinID":6,
        "PinOwnerID":1894966160
      },
      "TargetPinAddress":{
        "PinID":1494779506,
        "PinOwnerID":223189416
      },
      "ConnectionType":0,
      "ConnectedWireIndex":-1,
      "ConnectedWireSegmentIndex":-1,
      "Points":[{"x":0.0,"y":0.0},{"x":0.0,"y":0.0}]
    },
    {
      "SourcePinAddress":{
        "PinID":7,
        "PinOwnerID":1894966160
      },
      "TargetPinAddress":{
        "PinID":1494779506,
        "PinOwnerID":770630322
      },
      "ConnectionType":0,
      "ConnectedWireIndex":-1,
      "ConnectedWireSegmentIndex":-1,
      "Points":[{"x":0.0,"y":0.0},{"x":0.0,"y":0.0}]
    },
    {
      "SourcePinAddress":{
        "PinID":8,
        "PinOwnerID":1894966160
      },
      "TargetPinAddress":{
        "PinID":7,
        "PinOwnerID":1245520126
      },
      "ConnectionType":0,
      "ConnectedWireIndex":-1,
      "ConnectedWireSegmentIndex":-1,
      "Points":[{"x":0.0,"y":0.0},{"x":0.0,"y":0.0}]
    },
    {
      "SourcePinAddress":{
        "PinID":747777801,
        "PinOwnerID":770630322
      },
      "TargetPinAddress":{
        "PinID":6,
        "PinOwnerID":1245520126
      },
      "ConnectionType":0,
      "ConnectedWireIndex":-1,
      "ConnectedWireSegmentIndex":-1,
      "Points":[{"x":0.0,"y":0.0},{"x":0.0,"y":0.0}]
    },
    {
      "SourcePinAddress":{
        "PinID":782894864,
        "PinOwnerID":770630322
      },
      "TargetPinAddress":{
        "PinID":5,
        "PinOwnerID":1245520126
      },
      "ConnectionType":0,
      "ConnectedWireIndex":-1,
      "ConnectedWireSegmentIndex":-1,
      "Points":[{"x":0.0,"y":0.0},{"x":0.0,"y":0.0}]
    },
    {
      "SourcePinAddress":{
        "PinID":1652320972,
        "PinOwnerID":770630322
      },
      "TargetPinAddress":{
        "PinID":4,
        "PinOwnerID":1245520126
      },
      "ConnectionType":0,
      "ConnectedWireIndex":-1,
      "ConnectedWireSegmentIndex":-1,
      "Points":[{"x":0.0,"y":0.0},{"x":0.0,"y":0.0}]
    },
    {
      "SourcePinAddress":{
        "PinID":273698853,
        "PinOwnerID":770630322
      },
      "TargetPinAddress":{
        "PinID":3,
        "PinOwnerID":1245520126
      },
      "ConnectionType":0,
      "ConnectedWireIndex":-1,
      "ConnectedWireSegmentIndex":-1,
      "Points":[{"x":0.0,"y":0.0},{"x":0.0,"y":0.0}]
    },
    {
      "SourcePinAddress":{
        "PinID":747777801,
        "PinOwnerID":1479543479
      },
      "TargetPinAddress":{
        "PinID":2,
        "PinOwnerID":1245520126
      },
      "ConnectionType":0,
      "ConnectedWireIndex":-1,
      "ConnectedWireSegmentIndex":-1,
      "Points":[{"x":0.0,"y":0.0},{"x":0.0,"y":0.0}]
    },
    {
      "SourcePinAddress":{
        "PinID":782894864,
        "PinOwnerID":1479543479
      },
      "TargetPinAddress":{
        "PinID":1,
        "PinOwnerID":1245520126
      },
      "ConnectionType":0,
      "ConnectedWireIndex":-1,
      "ConnectedWireSegmentIndex":-1,
      "Points":[{"x":0.0,"y":0.0},{"x":0.0,"y":0.0}]
    },
    {
      "SourcePinAddress":{
        "PinID":1652320972,
        "PinOwnerID":1479543479
      },
      "TargetPinAddress":{
        "PinID":0,
        "PinOwnerID":1245520126
      },
      "ConnectionType":0,
      "ConnectedWireIndex":-1,
      "ConnectedWireSegmentIndex":-1,
      "Points":[{"x":0.0,"y":0.0},{"x":0.0,"y":0.0}]
    },
    {
      "SourcePinAddress":{
        "PinID":273698853,
        "PinOwnerID":1479543479
      },
      "TargetPinAddress":{
        "PinID":0,
        "PinOwnerID":727950729
      },
      "ConnectionType":0,
      "ConnectedWireIndex":-1,
      "ConnectedWireSegmentIndex":-1,
      "Points":[{"x":0.0,"y":0.0},{"x":0.0,"y":0.0}]
    },
    {
      "SourcePinAddress":{
        "PinID":273698853,
        "PinOwnerID":296934013
      },
      "TargetPinAddress":{
        "PinID":0,
        "PinOwnerID":1781360630
      },
      "ConnectionType":0,
      "ConnectedWireIndex":-1,
      "ConnectedWireSegmentIndex":-1,
      "Points":[{"x":0.0,"y":0.0},{"x":0.0,"y":0.0}]
    },
    {
      "SourcePinAddress":{
        "PinID":1652320972,
        "PinOwnerID":296934013
      },
      "TargetPinAddress":{
        "PinID":328191454,
        "PinOwnerID":1479543479
      },
      "ConnectionType":0,
      "ConnectedWireIndex":-1,
      "ConnectedWireSegmentIndex":-1,
      "Points":[{"x":0.0,"y":0.0},{"x":0.0,"y":0.0}]
    },
    {
      "SourcePinAddress":{
        "PinID":782894864,
        "PinOwnerID":296934013
      },
      "TargetPinAddress":{
        "PinID":1919772520,
        "PinOwnerID":1479543479
      },
      "ConnectionType":0,
      "ConnectedWireIndex":-1,
      "ConnectedWireSegmentIndex":-1,
      "Points":[{"x":0.0,"y":0.0},{"x":0.0,"y":0.0}]
    },
    {
      "SourcePinAddress":{
        "PinID":747777801,
        "PinOwnerID":296934013
      },
      "TargetPinAddress":{
        "PinID":1732276006,
        "PinOwnerID":1479543479
      },
      "ConnectionType":0,
      "ConnectedWireIndex":-1,
      "ConnectedWireSegmentIndex":-1,
      "Points":[{"x":0.0,"y":0.0},{"x":0.0,"y":0.0}]
    },
    {
      "SourcePinAddress":{
        "PinID":273698853,
        "PinOwnerID":223189416
      },
      "TargetPinAddress":{
        "PinID":1494779506,
        "PinOwnerID":1479543479
      },
      "ConnectionType":0,
      "ConnectedWireIndex":-1,
      "ConnectedWireSegmentIndex":-1,
      "Points":[{"x":0.0,"y":0.0},{"x":0.0,"y":0.0}]
    },
    {
      "SourcePinAddress":{
        "PinID":1652320972,
        "PinOwnerID":223189416
      },
      "TargetPinAddress":{
        "PinID":328191454,
        "PinOwnerID":770630322
      },
      "ConnectionType":0,
      "ConnectedWireIndex":-1,
      "ConnectedWireSegmentIndex":-1,
      "Points":[{"x":0.0,"y":0.0},{"x":0.0,"y":0.0}]
    },
    {
      "SourcePinAddress":{
        "PinID":782894864,
        "PinOwnerID":223189416
      },
      "TargetPinAddress":{
        "PinID":1919772520,
        "PinOwnerID":770630322
      },
      "ConnectionType":0,
      "ConnectedWireIndex":-1,
      "ConnectedWireSegmentIndex":-1,
      "Points":[{"x":0.0,"y":0.0},{"x":0.0,"y":0.0}]
    },
    {
      "SourcePinAddress":{
        "PinID":747777801,
        "PinOwnerID":223189416
      },
      "TargetPinAddress":{
        "PinID":1732276006,
        "PinOwnerID":770630322
      },
      "ConnectionType":0,
      "ConnectedWireIndex":-1,
      "ConnectedWireSegmentIndex":-1,
      "Points":[{"x":0.0,"y":0.0},{"x":0.0,"y":0.0}]
    },
    {
      "SourcePinAddress":{
        "PinID":0,
        "PinOwnerID":268068168
      },
      "TargetPinAddress":{
        "PinID":0,
        "PinOwnerID":1894966160
      },
      "ConnectionType":0,
      "ConnectedWireIndex":-1,
      "ConnectedWireSegmentIndex":-1,
      "Points":[{"x":0.0,"y":0.0},{"x":0.0,"y":0.0}]
    },
    {
      "SourcePinAddress":{
        "PinID":8,
        "PinOwnerID":1245520126
      },
      "TargetPinAddress":{
        "PinID":0,
        "PinOwnerID":888812225
      },
      "ConnectionType":0,
      "ConnectedWireIndex":-1,
      "ConnectedWireSegmentIndex":-1,
      "Points":[{"x":0.0,"y":0.0},{"x":0.0,"y":0.0}]
    }
  ],
  "Displays": null
}