{
  "DLSVersion": "2.1.6",
  "Name": "FULL ADDER",
  "NameLocation": 0,
  "ChipType": 0,
  "Size": {
    "x": 1.025,
    "y": 0.75
  },
  "Colour": {
    "r": 0.500996947,
    "g": 0.41888836,
    "b": 0.6459985,
    "a": 1
  },
  "InputPins":[
    {
      "Name":"A",
      "ID":570710345,
      "Position":{
        "x":0.875,
        "y":-2.625
      },
      "BitCount":1,
      "Colour":0,
      "ValueDisplayMode":0
    },
    {
      "Name":"B",
      "ID":1466071119,
      "Position":{
        "x":0.875,
        "y":-3.875
      },
      "BitCount":1,
      "Colour":0,
      "ValueDisplayMode":0
    },
    {
      "Name":"Carry In",
      "ID":446244744,
      "Position":{
        "x":0.875,
        "y":-4.875
      },
      "BitCount":1,
      "Colour":0,
      "ValueDisplayMode":0
    }
  ],
  "OutputPins":[
    {
      "Name":"Carry Out",
      "ID":823484302,
      "Position":{
        "x":7.93327,
        "y":-4.00078
      },
      "BitCount":1,
      "Colour":0,
      "ValueDisplayMode":0
    },
    {
      "Name":"Sum",
      "ID":995909447,
      "Position":{
        "x":7.91134,
        "y":-4.53108
      },
      "BitCount":1,
      "Colour":0,
      "ValueDisplayMode":0
    }
  ],
  "SubChips":[
    {
      "Name":"AND",
      "ID":494348531,
      "Label":"",
      "Position":{
        "x":3.25048,
        "y":-3.06479
      },
      "OutputPinColourInfo":[{"PinColour":0,"PinID":1931642737}],
      "InternalData":null
    },
    {
      "Name":"XOR",
      "ID":1386598677,
      "Label":"",
      "Position":{
        "x":3.23611,
        "y":-3.67171
      },
      "OutputPinColourInfo":[{"PinColour":0,"PinID":477305350}],
      "InternalData":null
    },
    {
      "Name":"XOR",
      "ID":933836854,
      "Label":"",
      "Position":{
        "x":4.67642,
        "y":-4.65979
      },
      "OutputPinColourInfo":[{"PinColour":0,"PinID":477305350}],
      "InternalData":null
    },
    {
      "Name":"AND",
      "ID":1556147445,
      "Label":"",
      "Position":{
        "x":4.69103,
        "y":-4.04843
      },
      "OutputPinColourInfo":[{"PinColour":0,"PinID":1931642737}],
      "InternalData":null
    },
    {
      "Name":"OR",
      "ID":17672985,
      "Label":"",
      "Position":{
        "x":5.70915,
        "y":-4.1824
      },
      "OutputPinColourInfo":[{"PinColour":0,"PinID":1797483099}],
      "InternalData":null
    }
  ],
  "Wires":[
    {
      "SourcePinAddress":{
        "PinID":0,
        "PinOwnerID":570710345
      },
      "TargetPinAddress":{
        "PinID":1352381057,
        "PinOwnerID":1386598677
      },
      "ConnectionType":0,
      "ConnectedWireIndex":-1,
      "ConnectedWireSegmentIndex":-1,
      "Points":[{"x":0.0,"y":0.0},{"x":0.0,"y":0.0}]
    },
    {
      "SourcePinAddress":{
        "PinID":0,
        "PinOwnerID":570710345
      },
      "TargetPinAddress":{
        "PinID":1116648463,
        "PinOwnerID":494348531
      },
      "ConnectionType":0,
      "ConnectedWireIndex":-1,
      "ConnectedWireSegmentIndex":-1,
      "Points":[{"x":0.0,"y":0.0},{"x":0.0,"y":0.0}]
    },
    {
      "SourcePinAddress":{
        "PinID":0,
        "PinOwnerID":1466071119
      },
      "TargetPinAddress":{
        "PinID":673892883,
        "PinOwnerID":1386598677
      },
      "ConnectionType":0,
      "ConnectedWireIndex":-1,
      "ConnectedWireSegmentIndex":-1,
      "Points":[{"x":0.0,"y":0.0},{"x":0.0,"y":0.0}]
    },
    {
      "SourcePinAddress":{
        "PinID":0,
        "PinOwnerID":1466071119
      },
      "TargetPinAddress":{
        "PinID":707504547,
        "PinOwnerID":494348531
      },
      "ConnectionType":0,
      "ConnectedWireIndex":-1,
      "ConnectedWireSegmentIndex":-1,
      "Points":[{"x":0.0,"y":0.0},{"x":0.0,"y":0.0}]
    },
    {
      "SourcePinAddress":{
        "PinID":477305350,
        "PinOwnerID":1386598677
      },
      "TargetPinAddress":{
        "PinID":1116648463,
        "PinOwnerID":1556147445
      },
      "ConnectionType":0,
      "ConnectedWireIndex":-1,
      "ConnectedWireSegmentIndex":-1,
      "Points":[{"x":0.0,"y":0.0},{"x":0.0,"y":0.0}]
    },
    {
      "SourcePinAddress":{
        "PinID":477305350,
        "PinOwnerID":1386598677
      },
      "TargetPinAddress":{
        "PinID":1352381057,
        "PinOwnerID":933836854
      },
      "ConnectionType":0,
      "ConnectedWireIndex":-1,
      "ConnectedWireSegmentIndex":-1,
      "Points":[{"x":0.0,"y":0.0},{"x":0.0,"y":0.0}]
    },
    {
      "SourcePinAddress":{
        "PinID":0,
        "PinOwnerID":446244744
      },
      "TargetPinAddress":{
        "PinID":707504547,
        "PinOwnerID":1556147445
      },
      "ConnectionType":0,
      "ConnectedWireIndex":-1,
      "ConnectedWireSegmentIndex":-1,
      "Points":[{"x":0.0,"y":0.0},{"x":0.0,"y":0.0}]
    },
    {
      "SourcePinAddress":{
        "PinID":0,
        "PinOwnerID":446244744
      },
      "TargetPinAddress":{
        "PinID":673892883,
        "PinOwnerID":933836854
      },
      "ConnectionType":0,
      "ConnectedWireIndex":-1,
      "ConnectedWireSegmentIndex":-1,
      "Points":[{"x":0.0,"y":0.0},{"x":0.0,"y":0.0}]
    },
    {
      "SourcePinAddress":{
        "PinID":1931642737,
        "PinOwnerID":1556147445
      },
      "TargetPinAddress":{
        "PinID":1101441429,
        "PinOwnerID":17672985
      },
      "ConnectionType":0,
      "ConnectedWireIndex":-1,
      "ConnectedWireSegmentIndex":-1,
      "Points":[{"x":0.0,"y":0.0},{"x":0.0,"y":0.0}]
    },
    {
      "SourcePinAddress":{
        "PinID":1931642737,
        "PinOwnerID":494348531
      },
      "TargetPinAddress":{
        "PinID":1660214207,
        "PinOwnerID":17672985
      },
      "ConnectionType":0,
      "ConnectedWireIndex":-1,
      "ConnectedWireSegmentIndex":-1,
      "Points":[{"x":0.0,"y":0.0},{"x":0.0,"y":0.0}]
    },
    {
      "SourcePinAddress":{
        "PinID":1797483099,
        "PinOwnerID":17672985
      },
      "TargetPinAddress":{
        "PinID":0,
        "PinOwnerID":823484302
      },
      "ConnectionType":0,
      "ConnectedWireIndex":-1,
      "ConnectedWireSegmentIndex":-1,
      "Points":[{"x":0.0,"y":0.0},{"x":0.0,"y":0.0}]
    },
    {
      "SourcePinAddress":{
        "PinID":477305350,
        "PinOwnerID":933836854
      },
      "TargetPinAddress":{
        "PinID":0,
        "PinOwnerID":995909447
      },
      "ConnectionType":0,
      "ConnectedWireIndex":-1,
      "ConnectedWireSegmentIndex":-1,
      "Points":[{"x":0.0,"y":0.0},{"x":0.0,"y":0.0}]
    }
  ],
  "Displays": null
}