{
  "DLSVersion": "2.1.6",
  "Name": "Inst Memory",
  "NameLocation": 0,
  "ChipType": 0,
  "Size": {
    "x": 5.18513,
    "y": 8.625
  },
  "Colour": {
    "r": 0.3636132,
    "g": 0.151421174,
    "b": 0.349546,
    "a": 1
  },
  "InputPins":[
    {
      "Name":"Address bit9",
      "ID":1698501036,
      "Position":{
        "x":-6.38659,
        "y":-10.75
      },
      "BitCount":1,
      "Colour":0,
      "ValueDisplayMode":0
    },
    {
      "Name":"Address bit8",
      "ID":627098862,
      "Position":{
        "x":-6.38659,
        "y":-11.25
      },
      "BitCount":1,
      "Colour":0,
      "ValueDisplayMode":0
    },
    {
      "Name":"Address bit7",
      "ID":553557325,
      "Position":{
        "x":-6.38659,
        "y":-11.75
      },
      "BitCount":1,
      "Colour":0,
      "ValueDisplayMode":0
    },
    {
      "Name":"Address bit6",
      "ID":711932703,
      "Position":{
        "x":-6.38659,
        "y":-12.25
      },
      "BitCount":1,
      "Colour":0,
      "ValueDisplayMode":0
    },
    {
      "Name":"Address bit5",
      "ID":1787464365,
      "Position":{
        "x":-6.38659,
        "y":-12.75
      },
      "BitCount":1,
      "Colour":0,
      "ValueDisplayMode":0
    },
    {
      "Name":"Address bit4",
      "ID":1120906160,
      "Position":{
        "x":-6.38659,
        "y":-13.25
      },
      "BitCount":1,
      "Colour":0,
      "ValueDisplayMode":0
    },
    {
      "Name":"Address bit3",
      "ID":1628059399,
      "Position":{
        "x":-6.38659,
        "y":-13.75
      },
      "BitCount":1,
      "Colour":0,
      "ValueDisplayMode":0
    },
    {
      "Name":"Address bit2",
      "ID":828381564,
      "Position":{
        "x":-6.38659,
        "y":-14.25
      },
      "BitCount":1,
      "Colour":0,
      "ValueDisplayMode":0
    },
    {
      "Name":"Address bit1",
      "ID":700324701,
      "Position":{
        "x":-6.38659,
        "y":-14.75
      },
      "BitCount":1,
      "Colour":0,
      "ValueDisplayMode":0
    },
    {
      "Name":"Address bit0",
      "ID":355809713,
      "Position":{
        "x":-6.38659,
        "y":-15.25
      },
      "BitCount":1,
      "Colour":0,
      "ValueDisplayMode":0
    }
  ],
  "OutputPins":[
    {
      "Name":"OUT",
      "ID":50756271,
      "Position":{
        "x":6.875,
        "y":-21.29469
      },
      "BitCount":1,
      "Colour":0,
      "ValueDisplayMode":0
    },
    {
      "Name":"OUT",
      "ID":55451220,
      "Position":{
        "x":6.875,
        "y":-21.79469
      },
      "BitCount":1,
      "Colour":0,
      "ValueDisplayMode":0
    },
    {
      "Name":"OUT",
      "ID":360522399,
      "Position":{
        "x":6.875,
        "y":-22.29469
      },
      "BitCount":1,
      "Colour":0,
      "ValueDisplayMode":0
    },
    {
      "Name":"OUT",
      "ID":1073147674,
      "Position":{
        "x":6.875,
        "y":-22.78151
      },
      "BitCount":1,
      "Colour":0,
      "ValueDisplayMode":0
    },
    {
      "Name":"OUT",
      "ID":1350537957,
      "Position":{
        "x":6.875,
        "y":-23.28151
      },
      "BitCount":1,
      "Colour":0,
      "ValueDisplayMode":0
    },
    {
      "Name":"OUT",
      "ID":1267063703,
      "Position":{
        "x":6.875,
        "y":-23.78151
      },
      "BitCount":1,
      "Colour":0,
      "ValueDisplayMode":0
    },
    {
      "Name":"OUT",
      "ID":1245550887,
      "Position":{
        "x":6.875,
        "y":-24.28151
      },
      "BitCount":1,
      "Colour":0,
      "ValueDisplayMode":0
    },
    {
      "Name":"OUT",
      "ID":688638248,
      "Position":{
        "x":6.875,
        "y":-24.78151
      },
      "BitCount":1,
      "Colour":0,
      "ValueDisplayMode":0
    },
    {
      "Name":"OUT",
      "ID":218975794,
      "Position":{
        "x":6.875,
        "y":-25.375
      },
      "BitCount":1,
      "Colour":0,
      "ValueDisplayMode":0
    },
    {
      "Name":"OUT",
      "ID":1460098313,
      "Position":{
        "x":6.875,
        "y":-25.875
      },
      "BitCount":1,
      "Colour":0,
      "ValueDisplayMode":0
    },
    {
      "Name":"OUT",
      "ID":497811972,
      "Position":{
        "x":6.875,
        "y":-26.375
      },
      "BitCount":1,
      "Colour":0,
      "ValueDisplayMode":0
    },
    {
      "Name":"OUT",
      "ID":1830020594,
      "Position":{
        "x":6.875,
        "y":-26.875
      },
      "BitCount":1,
      "Colour":0,
      "ValueDisplayMode":0
    },
    {
      "Name":"OUT",
      "ID":386318036,
      "Position":{
        "x":6.875,
        "y":-27.375
      },
      "BitCount":1,
      "Colour":0,
      "ValueDisplayMode":0
    },
    {
      "Name":"OUT",
      "ID":30323687,
      "Position":{
        "x":6.875,
        "y":-27.875
      },
      "BitCount":1,
      "Colour":0,
      "ValueDisplayMode":0
    },
    {
      "Name":"OUT",
      "ID":1849743402,
      "Position":{
        "x":6.875,
        "y":-28.375
      },
      "BitCount":1,
      "Colour":0,
      "ValueDisplayMode":0
    },
    {
      "Name":"OUT",
      "ID":705073275,
      "Position":{
        "x":6.875,
        "y":-28.875
      },
      "BitCount":1,
      "Colour":0,
      "ValueDisplayMode":0
    }
  ],
  "SubChips":[
    {
      "Name":"ROM 256×16",
      "ID":94577879,
      "Label":"0-255",
      "Position":{
        "x":-0.04239,
        "y":-15.81026
      },
      "OutputPinColourInfo":[{"PinColour":0,"PinID":1},{"PinColour":0,"PinID":2}],
      "InternalData":[33024,34044,62480,34045,62480,34046,62480,33024,61456,33025,61457,33026,61458,33027,61459,33028,61460,33029,61461,33030,61462,33031,61463,33032,33800,62480,33033,33801,62480,33034,33802,62480,57360,33803,62480,57365,33804,62480,33802,58384,33805,62480,57360,57377,8481,33806,62480,57362,57379,8481,33807,62480,57364,57381,8481,33808,62480,33806,58384,33807,58400,8481,33809,62480,33809,58384,33808,58400,8481,33809,62480,33809,58384,34044,62480,57360,37121,61456,57361,37121,61457,57362,37121,61458,57360,57377,8481,33810,62480,33810,58384,57378,8481,33810,62480,33810,58384,34044,62480,33034,33811,62480,33044,33812,62480,33054,33813,62480,33064,33814,62480,33074,33815,62480,33084,33816,62480,33094,33817,62480,33104,33818,62480,33114,33819,62480,33124,33820,62480,33811,58384,33812,58400,8481,33821,62480,33821,58384,33813,58400,8481,33821,62480,33821,58384,33814,58400,8481,33821,62480,33821,58384,33815,58400,8481,33821,62480,33821,58384,34044,62480,33816,58384,33817,58400,8481,33822,62480,33822,58384,33818,58400,8481,33822,62480,33822,58384,33819,58400,8481,33822,62480,33822,58384,33820,58400,8481,33822,62480,33822,58384,34044,62480,33124,33823,62480,33823,58384,37170,33823,62480,33823,58384,37351,33823,62480,33823,58384,34044,62480,33090,34044,62480,4096,0,0,0,0,0,0,0,0,0,0,0,0,0,0,0,0,0,0,0,0,0,0,0,0,0,0,0,0,0,0,0,0,0,0,0,0,0,0,0,0,0,0]
    },
    {
      "Name":"1-8BIT",
      "ID":693552861,
      "Label":"",
      "Position":{
        "x":-2.3025,
        "y":-14.38612
      },
      "OutputPinColourInfo":[{"PinColour":0,"PinID":8}],
      "InternalData":null
    },
    {
      "Name":"2B Decoder",
      "ID":521256027,
      "Label":"",
      "Position":{
        "x":-2.24,
        "y":-11.0
      },
      "OutputPinColourInfo":[{"PinColour":0,"PinID":664193772},{"PinColour":0,"PinID":2015310352},{"PinColour":0,"PinID":1102724948},{"PinColour":0,"PinID":1318747156}],
      "InternalData":null
    },
    {
      "Name":"NOT",
      "ID":675181328,
      "Label":"",
      "Position":{
        "x":-0.8275,
        "y":-11.9375
      },
      "OutputPinColourInfo":[{"PinColour":0,"PinID":14895395}],
      "InternalData":null
    },
    {
      "Name":"NOT",
      "ID":774199946,
      "Label":"",
      "Position":{
        "x":-0.8275,
        "y":-11.5
      },
      "OutputPinColourInfo":[{"PinColour":0,"PinID":14895395}],
      "InternalData":null
    },
    {
      "Name":"NOT",
      "ID":39126659,
      "Label":"",
      "Position":{
        "x":-0.8275,
        "y":-10.625
      },
      "OutputPinColourInfo":[{"PinColour":0,"PinID":14895395}],
      "InternalData":null
    },
    {
      "Name":"NOT",
      "ID":1141983806,
      "Label":"",
      "Position":{
        "x":-0.8275,
        "y":-11.0625
      },
      "OutputPinColourInfo":[{"PinColour":0,"PinID":14895395}],
      "InternalData":null
    },
    {
      "Name":"8Bitwise OR",
      "ID":325486026,
      "Label":"",
      "Position":{
        "x":0.76702,
        "y":-22.15529
      },
      "OutputPinColourInfo":[{"PinColour":0,"PinID":2006674237}],
      "InternalData":null
    },
    {
      "Name":"8Bitwise OR",
      "ID":307234825,
      "Label":"",
      "Position":{
        "x":0.76702,
        "y":-23.28029
      },
      "OutputPinColourInfo":[{"PinColour":0,"PinID":2006674237}],
      "InternalData":null
    },
    {
      "Name":"8Bitwise OR",
      "ID":1631408450,
      "Label":"",
      "Position":{
        "x":2.64202,
        "y":-22.71779
      },
      "OutputPinColourInfo":[{"PinColour":0,"PinID":2006674237}],
      "InternalData":null
    },
    {
      "Name":"8Bitwise OR",
      "ID":769504726,
      "Label":"",
      "Position":{
        "x":2.64779,
        "y":-26.685669999999998
      },
      "OutputPinColourInfo":[{"PinColour":0,"PinID":2006674237}],
      "InternalData":null
    },
    {
      "Name":"8Bitwise OR",
      "ID":2071832605,
      "Label":"",
      "Position":{
        "x":0.77279,
        "y":-27.248169999999998
      },
      "OutputPinColourInfo":[{"PinColour":0,"PinID":2006674237}],
      "InternalData":null
    },
    {
      "Name":"8Bitwise OR",
      "ID":302280233,
      "Label":"",
      "Position":{
        "x":0.77279,
        "y":-26.123169999999998
      },
      "OutputPinColourInfo":[{"PinColour":0,"PinID":2006674237}],
      "InternalData":null
    },
    {
      "Name":"8B Cancler",
      "ID":1074853458,
      "Label":"",
      "Position":{
        "x":1.885,
        "y":-15.6875
      },
      "OutputPinColourInfo":[{"PinColour":0,"PinID":1164945729}],
      "InternalData":null
    },
    {
      "Name":"8B Cancler",
      "ID":494732314,
      "Label":"",
      "Position":{
        "x":1.858,
        "y":-16.5625
      },
      "OutputPinColourInfo":[{"PinColour":0,"PinID":1164945729}],
      "InternalData":null
    },
    {
      "Name":"8B Cancler",
      "ID":1423875396,
      "Label":"",
      "Position":{
        "x":7.84334,
        "y":-16.5625
      },
      "OutputPinColourInfo":[{"PinColour":0,"PinID":1164945729}],
      "InternalData":null
    },
    {
      "Name":"8B Cancler",
      "ID":63007124,
      "Label":"",
      "Position":{
        "x":7.84334,
        "y":-15.6875
      },
      "OutputPinColourInfo":[{"PinColour":0,"PinID":1164945729}],
      "InternalData":null
    },
    {
      "Name":"ROM 256×16",
      "ID":107529708,
      "Label":"256-511",
      "Position":{
        "x":5.96834,
        "y":-15.8125
      },
      "OutputPinColourInfo":[{"PinColour":0,"PinID":1},{"PinColour":0,"PinID":2}],
      "InternalData":[0,0,0,0,0,0,0,0,0,0,0,0,0,0,0,0,0,0,0,0,0,0,0,0,0,0,0,0,0,0,0,0,0,0,0,0,0,0,0,0,0,0,0,0,0,0,0,0,0,0,0,0,0,0,0,0,0,0,0,0,0,0,0,0,0,0,0,0,0,0,0,0,0,0,0,0,0,0,0,0,0,0,0,0,0,0,0,0,0,0,0,0,0,0,0,0,0,0,0,0,0,0,0,0,0,0,0,0,0,0,0,0,0,0,0,0,0,0,0,0,0,0,0,0,0,0,0,0,0,0,0,0,0,0,0,0,0,0,0,0,0,0,0,0,0,0,0,0,0,0,0,0,0,0,0,0,0,0,0,0,0,0,0,0,0,0,0,0,0,0,0,0,0,0,0,0,0,0,0,0,0,0,0,0,0,0,0,0,0,0,0,0,0,0,0,0,0,0,0,0,0,0,0,0,0,0,0,0,0,0,0,0,0,0,0,0,0,0,0,0,0,0,0,0,0,0,0,0,0,0,0,0,0,0,0,0,0,0,0,0,0,0,0,0,0,0,0,0,0,0,0,0,0,0,0,0]
    },
    {
      "Name":"ROM 256×16",
      "ID":1720945305,
      "Label":"511-766",
      "Position":{
        "x":-0.03478,
        "y":-18.43801
      },
      "OutputPinColourInfo":[{"PinColour":0,"PinID":1},{"PinColour":0,"PinID":2}],
      "InternalData":[0,0,0,0,0,0,0,0,0,0,0,0,0,0,0,0,0,0,0,0,0,0,0,0,0,0,0,0,0,0,0,0,0,0,0,0,0,0,0,0,0,0,0,0,0,0,0,0,0,0,0,0,0,0,0,0,0,0,0,0,0,0,0,0,0,0,0,0,0,0,0,0,0,0,0,0,0,0,0,0,0,0,0,0,0,0,0,0,0,0,0,0,0,0,0,0,0,0,0,0,0,0,0,0,0,0,0,0,0,0,0,0,0,0,0,0,0,0,0,0,0,0,0,0,0,0,0,0,0,0,0,0,0,0,0,0,0,0,0,0,0,0,0,0,0,0,0,0,0,0,0,0,0,0,0,0,0,0,0,0,0,0,0,0,0,0,0,0,0,0,0,0,0,0,0,0,0,0,0,0,0,0,0,0,0,0,0,0,0,0,0,0,0,0,0,0,0,0,0,0,0,0,0,0,0,0,0,0,0,0,0,0,0,0,0,0,0,0,0,0,0,0,0,0,0,0,0,0,0,0,0,0,0,0,0,0,0,0,0,0,0,0,0,0,0,0,0,0,0,0,0,0,0,0,0,0]
    },
    {
      "Name":"8B Cancler",
      "ID":326089167,
      "Label":"",
      "Position":{
        "x":1.86562,
        "y":-19.19025
      },
      "OutputPinColourInfo":[{"PinColour":0,"PinID":1164945729}],
      "InternalData":null
    },
    {
      "Name":"8B Cancler",
      "ID":2029716368,
      "Label":"",
      "Position":{
        "x":7.85095,
        "y":-19.19025
      },
      "OutputPinColourInfo":[{"PinColour":0,"PinID":1164945729}],
      "InternalData":null
    },
    {
      "Name":"ROM 256×16",
      "ID":966235175,
      "Label":"0-255",
      "Position":{
        "x":5.97595,
        "y":-18.44025
      },
      "OutputPinColourInfo":[{"PinColour":0,"PinID":1},{"PinColour":0,"PinID":2}],
      "InternalData":[0,0,0,0,0,0,0,0,0,0,0,0,0,0,0,0,0,0,0,0,0,0,0,0,0,0,0,0,0,0,0,0,0,0,0,0,0,0,0,0,0,0,0,0,0,0,0,0,0,0,0,0,0,0,0,0,0,0,0,0,0,0,0,0,0,0,0,0,0,0,0,0,0,0,0,0,0,0,0,0,0,0,0,0,0,0,0,0,0,0,0,0,0,0,0,0,0,0,0,0,0,0,0,0,0,0,0,0,0,0,0,0,0,0,0,0,0,0,0,0,0,0,0,0,0,0,0,0,0,0,0,0,0,0,0,0,0,0,0,0,0,0,0,0,0,0,0,0,0,0,0,0,0,0,0,0,0,0,0,0,0,0,0,0,0,0,0,0,0,0,0,0,0,0,0,0,0,0,0,0,0,0,0,0,0,0,0,0,0,0,0,0,0,0,0,0,0,0,0,0,0,0,0,0,0,0,0,0,0,0,0,0,0,0,0,0,0,0,0,0,0,0,0,0,0,0,0,0,0,0,0,0,0,0,0,0,0,0,0,0,0,0,0,0,0,0,0,0,0,0,0,0,0,0,0,0]
    },
    {
      "Name":"8B Cancler",
      "ID":796697301,
      "Label":"",
      "Position":{
        "x":1.885,
        "y":-18.3125
      },
      "OutputPinColourInfo":[{"PinColour":0,"PinID":1164945729}],
      "InternalData":null
    },
    {
      "Name":"8B Cancler",
      "ID":167209780,
      "Label":"",
      "Position":{
        "x":7.885,
        "y":-18.3125
      },
      "OutputPinColourInfo":[{"PinColour":0,"PinID":1164945729}],
      "InternalData":null
    },
    {
      "Name":"8-1BIT",
      "ID":713091219,
      "Label":"",
      "Position":{
        "x":4.5725,
        "y":-22.75
      },
      "OutputPinColourInfo":[{"PinColour":0,"PinID":1},{"PinColour":0,"PinID":2},{"PinColour":0,"PinID":3},{"PinColour":0,"PinID":4},{"PinColour":0,"PinID":5},{"PinColour":0,"PinID":6},{"PinColour":0,"PinID":7},{"PinColour":0,"PinID":8}],
      "InternalData":null
    },
    {
      "Name":"8-1BIT",
      "ID":840680102,
      "Label":"",
      "Position":{
        "x":4.5725,
        "y":-26.8125
      },
      "OutputPinColourInfo":[{"PinColour":0,"PinID":1},{"PinColour":0,"PinID":2},{"PinColour":0,"PinID":3},{"PinColour":0,"PinID":4},{"PinColour":0,"PinID":5},{"PinColour":0,"PinID":6},{"PinColour":0,"PinID":7},{"PinColour":0,"PinID":8}],
      "InternalData":null
    }
  ],
  "Wires":[
    {
      "SourcePinAddress":{
        "PinID":0,
        "PinOwnerID":355809713
      },
      "TargetPinAddress":{
        "PinID":7,
        "PinOwnerID":693552861
      },
      "ConnectionType":0,
      "ConnectedWireIndex":-1,
      "ConnectedWireSegmentIndex":-1,
      "Points":[{"x":0.0,"y":0.0},{"x":0.0,"y":0.0}]
    },
    {
      "SourcePinAddress":{
        "PinID":0,
        "PinOwnerID":700324701
      },
      "TargetPinAddress":{
        "PinID":6,
        "PinOwnerID":693552861
      },
      "ConnectionType":0,
      "ConnectedWireIndex":-1,
      "ConnectedWireSegmentIndex":-1,
      "Points":[{"x":0.0,"y":0.0},{"x":0.0,"y":0.0}]
    },
    {
      "SourcePinAddress":{
        "PinID":0,
        "PinOwnerID":828381564
      },
      "TargetPinAddress":{
        "PinID":5,
        "PinOwnerID":693552861
      },
      "ConnectionType":0,
      "ConnectedWireIndex":-1,
      "ConnectedWireSegmentIndex":-1,
      "Points":[{"x":0.0,"y":0.0},{"x":0.0,"y":0.0}]
    },
    {
      "SourcePinAddress":{
        "PinID":0,
        "PinOwnerID":1628059399
      },
      "TargetPinAddress":{
        "PinID":4,
        "PinOwnerID":693552861
      },
      "ConnectionType":0,
      "ConnectedWireIndex":-1,
      "ConnectedWireSegmentIndex":-1,
      "Points":[{"x":0.0,"y":0.0},{"x":0.0,"y":0.0}]
    },
    {
      "SourcePinAddress":{
        "PinID":0,
        "PinOwnerID":1120906160
      },
      "TargetPinAddress":{
        "PinID":3,
        "PinOwnerID":693552861
      },
      "ConnectionType":0,
      "ConnectedWireIndex":-1,
      "ConnectedWireSegmentIndex":-1,
      "Points":[{"x":0.0,"y":0.0},{"x":0.0,"y":0.0}]
    },
    {
      "SourcePinAddress":{
        "PinID":0,
        "PinOwnerID":1787464365
      },
      "TargetPinAddress":{
        "PinID":2,
        "PinOwnerID":693552861
      },
      "ConnectionType":0,
      "ConnectedWireIndex":-1,
      "ConnectedWireSegmentIndex":-1,
      "Points":[{"x":0.0,"y":0.0},{"x":0.0,"y":0.0}]
    },
    {
      "SourcePinAddress":{
        "PinID":0,
        "PinOwnerID":711932703
      },
      "TargetPinAddress":{
        "PinID":1,
        "PinOwnerID":693552861
      },
      "ConnectionType":0,
      "ConnectedWireIndex":-1,
      "ConnectedWireSegmentIndex":-1,
      "Points":[{"x":0.0,"y":0.0},{"x":0.0,"y":0.0}]
    },
    {
      "SourcePinAddress":{
        "PinID":0,
        "PinOwnerID":553557325
      },
      "TargetPinAddress":{
        "PinID":0,
        "PinOwnerID":693552861
      },
      "ConnectionType":0,
      "ConnectedWireIndex":-1,
      "ConnectedWireSegmentIndex":-1,
      "Points":[{"x":0.0,"y":0.0},{"x":0.0,"y":0.0}]
    },
    {
      "SourcePinAddress":{
        "PinID":0,
        "PinOwnerID":1698501036
      },
      "TargetPinAddress":{
        "PinID":592269676,
        "PinOwnerID":521256027
      },
      "ConnectionType":0,
      "ConnectedWireIndex":-1,
      "ConnectedWireSegmentIndex":-1,
      "Points":[{"x":0.0,"y":0.0},{"x":0.0,"y":0.0}]
    },
    {
      "SourcePinAddress":{
        "PinID":0,
        "PinOwnerID":627098862
      },
      "TargetPinAddress":{
        "PinID":42518213,
        "PinOwnerID":521256027
      },
      "ConnectionType":0,
      "ConnectedWireIndex":-1,
      "ConnectedWireSegmentIndex":-1,
      "Points":[{"x":0.0,"y":0.0},{"x":0.0,"y":0.0}]
    },
    {
      "SourcePinAddress":{
        "PinID":664193772,
        "PinOwnerID":521256027
      },
      "TargetPinAddress":{
        "PinID":2030901329,
        "PinOwnerID":39126659
      },
      "ConnectionType":0,
      "ConnectedWireIndex":-1,
      "ConnectedWireSegmentIndex":-1,
      "Points":[{"x":0.0,"y":0.0},{"x":0.0,"y":0.0}]
    },
    {
      "SourcePinAddress":{
        "PinID":2015310352,
        "PinOwnerID":521256027
      },
      "TargetPinAddress":{
        "PinID":2030901329,
        "PinOwnerID":1141983806
      },
      "ConnectionType":0,
      "ConnectedWireIndex":-1,
      "ConnectedWireSegmentIndex":-1,
      "Points":[{"x":0.0,"y":0.0},{"x":0.0,"y":0.0}]
    },
    {
      "SourcePinAddress":{
        "PinID":1102724948,
        "PinOwnerID":521256027
      },
      "TargetPinAddress":{
        "PinID":2030901329,
        "PinOwnerID":774199946
      },
      "ConnectionType":0,
      "ConnectedWireIndex":-1,
      "ConnectedWireSegmentIndex":-1,
      "Points":[{"x":0.0,"y":0.0},{"x":0.0,"y":0.0}]
    },
    {
      "SourcePinAddress":{
        "PinID":1318747156,
        "PinOwnerID":521256027
      },
      "TargetPinAddress":{
        "PinID":2030901329,
        "PinOwnerID":675181328
      },
      "ConnectionType":0,
      "ConnectedWireIndex":-1,
      "ConnectedWireSegmentIndex":-1,
      "Points":[{"x":0.0,"y":0.0},{"x":0.0,"y":0.0}]
    },
    {
      "SourcePinAddress":{
        "PinID":2006674237,
        "PinOwnerID":325486026
      },
      "TargetPinAddress":{
        "PinID":724775518,
        "PinOwnerID":1631408450
      },
      "ConnectionType":0,
      "ConnectedWireIndex":-1,
      "ConnectedWireSegmentIndex":-1,
      "Points":[{"x":0.0,"y":0.0},{"x":0.0,"y":0.0}]
    },
    {
      "SourcePinAddress":{
        "PinID":2006674237,
        "PinOwnerID":307234825
      },
      "TargetPinAddress":{
        "PinID":1315402776,
        "PinOwnerID":1631408450
      },
      "ConnectionType":0,
      "ConnectedWireIndex":-1,
      "ConnectedWireSegmentIndex":-1,
      "Points":[{"x":0.0,"y":0.0},{"x":0.0,"y":0.0}]
    },
    {
      "SourcePinAddress":{
        "PinID":2006674237,
        "PinOwnerID":302280233
      },
      "TargetPinAddress":{
        "PinID":724775518,
        "PinOwnerID":769504726
      },
      "ConnectionType":0,
      "ConnectedWireIndex":-1,
      "ConnectedWireSegmentIndex":-1,
      "Points":[{"x":0.0,"y":0.0},{"x":0.0,"y":0.0}]
    },
    {
      "SourcePinAddress":{
        "PinID":2006674237,
        "PinOwnerID":2071832605
      },
      "TargetPinAddress":{
        "PinID":1315402776,
        "PinOwnerID":769504726
      },
      "ConnectionType":0,
      "ConnectedWireIndex":-1,
      "ConnectedWireSegmentIndex":-1,
      "Points":[{"x":0.0,"y":0.0},{"x":0.0,"y":0.0}]
    },
    {
      "SourcePinAddress":{
        "PinID":1,
        "PinOwnerID":94577879
      },
      "TargetPinAddress":{
        "PinID":1148695259,
        "PinOwnerID":1074853458
      },
      "ConnectionType":0,
      "ConnectedWireIndex":-1,
      "ConnectedWireSegmentIndex":-1,
      "Points":[{"x":0.0,"y":0.0},{"x":0.0,"y":0.0}]
    },
    {
      "SourcePinAddress":{
        "PinID":2,
        "PinOwnerID":94577879
      },
      "TargetPinAddress":{
        "PinID":1148695259,
        "PinOwnerID":494732314
      },
      "ConnectionType":0,
      "ConnectedWireIndex":-1,
      "ConnectedWireSegmentIndex":-1,
      "Points":[{"x":0.0,"y":0.0},{"x":0.0,"y":0.0}]
    },
    {
      "SourcePinAddress":{
        "PinID":14895395,
        "PinOwnerID":675181328
      },
      "TargetPinAddress":{
        "PinID":1009493463,
        "PinOwnerID":494732314
      },
      "ConnectionType":0,
      "ConnectedWireIndex":-1,
      "ConnectedWireSegmentIndex":-1,
      "Points":[{"x":0.0,"y":0.0},{"x":0.86259,"y":-11.9375},{"x":0.99891,"y":-11.9375},{"x":0.99891,"y":-16.86489},{"x":0.0,"y":0.0}]
    },
    {
      "SourcePinAddress":{
        "PinID":14895395,
        "PinOwnerID":675181328
      },
      "TargetPinAddress":{
        "PinID":1009493463,
        "PinOwnerID":1074853458
      },
      "ConnectionType":1,
      "ConnectedWireIndex":20,
      "ConnectedWireSegmentIndex":2,
      "Points":[{"x":0.99891,"y":-15.9375},{"x":0.0,"y":0.0}]
    },
    {
      "SourcePinAddress":{
        "PinID":8,
        "PinOwnerID":693552861
      },
      "TargetPinAddress":{
        "PinID":0,
        "PinOwnerID":94577879
      },
      "ConnectionType":0,
      "ConnectedWireIndex":-1,
      "ConnectedWireSegmentIndex":-1,
      "Points":[{"x":0.0,"y":0.0},{"x":-1.26393,"y":-14.38612},{"x":-1.26393,"y":-15.80163},{"x":0.0,"y":0.0}]
    },
    {
      "SourcePinAddress":{
        "PinID":1,
        "PinOwnerID":107529708
      },
      "TargetPinAddress":{
        "PinID":1148695259,
        "PinOwnerID":63007124
      },
      "ConnectionType":0,
      "ConnectedWireIndex":-1,
      "ConnectedWireSegmentIndex":-1,
      "Points":[{"x":0.0,"y":0.0},{"x":0.0,"y":0.0}]
    },
    {
      "SourcePinAddress":{
        "PinID":2,
        "PinOwnerID":107529708
      },
      "TargetPinAddress":{
        "PinID":1148695259,
        "PinOwnerID":1423875396
      },
      "ConnectionType":0,
      "ConnectedWireIndex":-1,
      "ConnectedWireSegmentIndex":-1,
      "Points":[{"x":0.0,"y":0.0},{"x":0.0,"y":0.0}]
    },
    {
      "SourcePinAddress":{
        "PinID":14895395,
        "PinOwnerID":774199946
      },
      "TargetPinAddress":{
        "PinID":1009493463,
        "PinOwnerID":1423875396
      },
      "ConnectionType":0,
      "ConnectedWireIndex":-1,
      "ConnectedWireSegmentIndex":-1,
      "Points":[{"x":0.0,"y":0.0},{"x":6.93324,"y":-11.5},{"x":6.93324,"y":-16.82034},{"x":0.0,"y":0.0}]
    },
    {
      "SourcePinAddress":{
        "PinID":14895395,
        "PinOwnerID":774199946
      },
      "TargetPinAddress":{
        "PinID":1009493463,
        "PinOwnerID":63007124
      },
      "ConnectionType":1,
      "ConnectedWireIndex":25,
      "ConnectedWireSegmentIndex":1,
      "Points":[{"x":6.93324,"y":-15.9375},{"x":0.0,"y":0.0}]
    },
    {
      "SourcePinAddress":{
        "PinID":8,
        "PinOwnerID":693552861
      },
      "TargetPinAddress":{
        "PinID":0,
        "PinOwnerID":107529708
      },
      "ConnectionType":1,
      "ConnectedWireIndex":22,
      "ConnectedWireSegmentIndex":0,
      "Points":[{"x":-1.27027,"y":-14.38612},{"x":4.77835,"y":-14.38612},{"x":4.77835,"y":-15.83622},{"x":0.0,"y":0.0}]
    },
    {
      "SourcePinAddress":{
        "PinID":2,
        "PinOwnerID":1720945305
      },
      "TargetPinAddress":{
        "PinID":1148695259,
        "PinOwnerID":326089167
      },
      "ConnectionType":0,
      "ConnectedWireIndex":-1,
      "ConnectedWireSegmentIndex":-1,
      "Points":[{"x":0.0,"y":0.0},{"x":0.0,"y":0.0}]
    },
    {
      "SourcePinAddress":{
        "PinID":2,
        "PinOwnerID":966235175
      },
      "TargetPinAddress":{
        "PinID":1148695259,
        "PinOwnerID":2029716368
      },
      "ConnectionType":0,
      "ConnectedWireIndex":-1,
      "ConnectedWireSegmentIndex":-1,
      "Points":[{"x":0.0,"y":0.0},{"x":0.0,"y":0.0}]
    },
    {
      "SourcePinAddress":{
        "PinID":8,
        "PinOwnerID":693552861
      },
      "TargetPinAddress":{
        "PinID":0,
        "PinOwnerID":1720945305
      },
      "ConnectionType":1,
      "ConnectedWireIndex":22,
      "ConnectedWireSegmentIndex":1,
      "Points":[{"x":-1.26393,"y":-15.80163},{"x":-1.26393,"y":-18.45244},{"x":0.0,"y":0.0}]
    },
    {
      "SourcePinAddress":{
        "PinID":8,
        "PinOwnerID":693552861
      },
      "TargetPinAddress":{
        "PinID":0,
        "PinOwnerID":966235175
      },
      "ConnectionType":1,
      "ConnectedWireIndex":27,
      "ConnectedWireSegmentIndex":1,
      "Points":[{"x":4.77835,"y":-15.83622},{"x":4.77835,"y":-18.49147},{"x":0.0,"y":0.0}]
    },
    {
      "SourcePinAddress":{
        "PinID":1,
        "PinOwnerID":1720945305
      },
      "TargetPinAddress":{
        "PinID":1148695259,
        "PinOwnerID":796697301
      },
      "ConnectionType":0,
      "ConnectedWireIndex":-1,
      "ConnectedWireSegmentIndex":-1,
      "Points":[{"x":0.0,"y":0.0},{"x":0.0,"y":0.0}]
    },
    {
      "SourcePinAddress":{
        "PinID":1,
        "PinOwnerID":966235175
      },
      "TargetPinAddress":{
        "PinID":1148695259,
        "PinOwnerID":167209780
      },
      "ConnectionType":0,
      "ConnectedWireIndex":-1,
      "ConnectedWireSegmentIndex":-1,
      "Points":[{"x":0.0,"y":0.0},{"x":0.0,"y":0.0}]
    },
    {
      "SourcePinAddress":{
        "PinID":14895395,
        "PinOwnerID":1141983806
      },
      "TargetPinAddress":{
        "PinID":1009493463,
        "PinOwnerID":796697301
      },
      "ConnectionType":0,
      "ConnectedWireIndex":-1,
      "ConnectedWireSegmentIndex":-1,
      "Points":[{"x":0.0,"y":0.0},{"x":1.11347,"y":-11.0625},{"x":1.11347,"y":-18.5706},{"x":0.0,"y":0.0}]
    },
    {
      "SourcePinAddress":{
        "PinID":14895395,
        "PinOwnerID":1141983806
      },
      "TargetPinAddress":{
        "PinID":1009493463,
        "PinOwnerID":326089167
      },
      "ConnectionType":1,
      "ConnectedWireIndex":34,
      "ConnectedWireSegmentIndex":1,
      "Points":[{"x":1.11347,"y":-18.56288},{"x":1.11347,"y":-19.45835},{"x":0.0,"y":0.0}]
    },
    {
      "SourcePinAddress":{
        "PinID":14895395,
        "PinOwnerID":39126659
      },
      "TargetPinAddress":{
        "PinID":1009493463,
        "PinOwnerID":167209780
      },
      "ConnectionType":0,
      "ConnectedWireIndex":-1,
      "ConnectedWireSegmentIndex":-1,
      "Points":[{"x":0.0,"y":0.0},{"x":7.06583,"y":-10.625},{"x":7.06583,"y":-18.56393},{"x":0.0,"y":0.0}]
    },
    {
      "SourcePinAddress":{
        "PinID":14895395,
        "PinOwnerID":39126659
      },
      "TargetPinAddress":{
        "PinID":1009493463,
        "PinOwnerID":2029716368
      },
      "ConnectionType":1,
      "ConnectedWireIndex":36,
      "ConnectedWireSegmentIndex":1,
      "Points":[{"x":7.06583,"y":-18.56393},{"x":7.06583,"y":-19.45681},{"x":0.0,"y":0.0}]
    },
    {
      "SourcePinAddress":{
        "PinID":1164945729,
        "PinOwnerID":1074853458
      },
      "TargetPinAddress":{
        "PinID":724775518,
        "PinOwnerID":325486026
      },
      "ConnectionType":0,
      "ConnectedWireIndex":-1,
      "ConnectedWireSegmentIndex":-1,
      "Points":[{"x":0.0,"y":0.0},{"x":4.31685,"y":-15.6875},{"x":4.31685,"y":-21.18669},{"x":-0.29888,"y":-21.18669},{"x":-0.29888,"y":-21.91392},{"x":0.0,"y":0.0}]
    },
    {
      "SourcePinAddress":{
        "PinID":1164945729,
        "PinOwnerID":796697301
      },
      "TargetPinAddress":{
        "PinID":1315402776,
        "PinOwnerID":325486026
      },
      "ConnectionType":0,
      "ConnectedWireIndex":-1,
      "ConnectedWireSegmentIndex":-1,
      "Points":[{"x":0.0,"y":0.0},{"x":3.93097,"y":-18.3125},{"x":3.93097,"y":-20.77112},{"x":-0.75897,"y":-20.77112},{"x":-0.75897,"y":-22.35917},{"x":0.0,"y":0.0}]
    },
    {
      "SourcePinAddress":{
        "PinID":1164945729,
        "PinOwnerID":63007124
      },
      "TargetPinAddress":{
        "PinID":724775518,
        "PinOwnerID":307234825
      },
      "ConnectionType":0,
      "ConnectedWireIndex":-1,
      "ConnectedWireSegmentIndex":-1,
      "Points":[{"x":0.0,"y":0.0},{"x":9.40113,"y":-15.6875},{"x":9.40113,"y":-20.21879},{"x":9.40113,"y":-20.38728},{"x":-1.20072,"y":-20.38728},{"x":-1.20072,"y":-23.00534},{"x":0.0,"y":0.0}]
    },
    {
      "SourcePinAddress":{
        "PinID":1164945729,
        "PinOwnerID":167209780
      },
      "TargetPinAddress":{
        "PinID":1315402776,
        "PinOwnerID":307234825
      },
      "ConnectionType":0,
      "ConnectedWireIndex":-1,
      "ConnectedWireSegmentIndex":-1,
      "Points":[{"x":0.0,"y":0.0},{"x":8.99935,"y":-18.3125},{"x":8.99935,"y":-19.9855},{"x":-1.56362,"y":-19.9855},{"x":-1.56362,"y":-23.52377},{"x":0.0,"y":0.0}]
    },
    {
      "SourcePinAddress":{
        "PinID":1164945729,
        "PinOwnerID":494732314
      },
      "TargetPinAddress":{
        "PinID":724775518,
        "PinOwnerID":302280233
      },
      "ConnectionType":0,
      "ConnectedWireIndex":-1,
      "ConnectedWireSegmentIndex":-1,
      "Points":[{"x":0.0,"y":0.0},{"x":3.64386,"y":-16.5625},{"x":3.64386,"y":-24.16208},{"x":-0.29243,"y":-24.16208},{"x":-0.29243,"y":-25.82442},{"x":0.0,"y":0.0}]
    },
    {
      "SourcePinAddress":{
        "PinID":1164945729,
        "PinOwnerID":326089167
      },
      "TargetPinAddress":{
        "PinID":1315402776,
        "PinOwnerID":302280233
      },
      "ConnectionType":0,
      "ConnectedWireIndex":-1,
      "ConnectedWireSegmentIndex":-1,
      "Points":[{"x":0.0,"y":0.0},{"x":3.29885,"y":-19.19025},{"x":3.29885,"y":-24.61687},{"x":-0.70018,"y":-24.61687},{"x":-0.70018,"y":-26.35762},{"x":0.0,"y":0.0}]
    },
    {
      "SourcePinAddress":{
        "PinID":1164945729,
        "PinOwnerID":1423875396
      },
      "TargetPinAddress":{
        "PinID":724775518,
        "PinOwnerID":2071832605
      },
      "ConnectionType":0,
      "ConnectedWireIndex":-1,
      "ConnectedWireSegmentIndex":-1,
      "Points":[{"x":0.0,"y":0.0},{"x":9.02319,"y":-16.5625},{"x":9.02319,"y":-28.88706},{"x":-0.52937,"y":-28.88706},{"x":-0.52937,"y":-26.98044},{"x":0.0,"y":0.0}]
    },
    {
      "SourcePinAddress":{
        "PinID":1164945729,
        "PinOwnerID":2029716368
      },
      "TargetPinAddress":{
        "PinID":1315402776,
        "PinOwnerID":2071832605
      },
      "ConnectionType":0,
      "ConnectedWireIndex":-1,
      "ConnectedWireSegmentIndex":-1,
      "Points":[{"x":0.0,"y":0.0},{"x":8.61264,"y":-19.19025},{"x":8.61264,"y":-28.41739},{"x":-0.1459,"y":-28.41739},{"x":-0.1459,"y":-27.52884},{"x":0.0,"y":0.0}]
    },
    {
      "SourcePinAddress":{
        "PinID":2006674237,
        "PinOwnerID":1631408450
      },
      "TargetPinAddress":{
        "PinID":0,
        "PinOwnerID":713091219
      },
      "ConnectionType":0,
      "ConnectedWireIndex":-1,
      "ConnectedWireSegmentIndex":-1,
      "Points":[{"x":0.0,"y":0.0},{"x":0.0,"y":0.0}]
    },
    {
      "SourcePinAddress":{
        "PinID":1,
        "PinOwnerID":713091219
      },
      "TargetPinAddress":{
        "PinID":0,
        "PinOwnerID":50756271
      },
      "ConnectionType":0,
      "ConnectedWireIndex":-1,
      "ConnectedWireSegmentIndex":-1,
      "Points":[{"x":0.0,"y":0.0},{"x":0.0,"y":0.0}]
    },
    {
      "SourcePinAddress":{
        "PinID":2,
        "PinOwnerID":713091219
      },
      "TargetPinAddress":{
        "PinID":0,
        "PinOwnerID":55451220
      },
      "ConnectionType":0,
      "ConnectedWireIndex":-1,
      "ConnectedWireSegmentIndex":-1,
      "Points":[{"x":0.0,"y":0.0},{"x":0.0,"y":0.0}]
    },
    {
      "SourcePinAddress":{
        "PinID":3,
        "PinOwnerID":713091219
      },
      "TargetPinAddress":{
        "PinID":0,
        "PinOwnerID":360522399
      },
      "ConnectionType":0,
      "ConnectedWireIndex":-1,
      "ConnectedWireSegmentIndex":-1,
      "Points":[{"x":0.0,"y":0.0},{"x":0.0,"y":0.0}]
    },
    {
      "SourcePinAddress":{
        "PinID":4,
        "PinOwnerID":713091219
      },
      "TargetPinAddress":{
        "PinID":0,
        "PinOwnerID":1073147674
      },
      "ConnectionType":0,
      "ConnectedWireIndex":-1,
      "ConnectedWireSegmentIndex":-1,
      "Points":[{"x":0.0,"y":0.0},{"x":0.0,"y":0.0}]
    },
    {
      "SourcePinAddress":{
        "PinID":5,
        "PinOwnerID":713091219
      },
      "TargetPinAddress":{
        "PinID":0,
        "PinOwnerID":1350537957
      },
      "ConnectionType":0,
      "ConnectedWireIndex":-1,
      "ConnectedWireSegmentIndex":-1,
      "Points":[{"x":0.0,"y":0.0},{"x":0.0,"y":0.0}]
    },
    {
      "SourcePinAddress":{
        "PinID":6,
        "PinOwnerID":713091219
      },
      "TargetPinAddress":{
        "PinID":0,
        "PinOwnerID":1267063703
      },
      "ConnectionType":0,
      "ConnectedWireIndex":-1,
      "ConnectedWireSegmentIndex":-1,
      "Points":[{"x":0.0,"y":0.0},{"x":0.0,"y":0.0}]
    },
    {
      "SourcePinAddress":{
        "PinID":7,
        "PinOwnerID":713091219
      },
      "TargetPinAddress":{
        "PinID":0,
        "PinOwnerID":1245550887
      },
      "ConnectionType":0,
      "ConnectedWireIndex":-1,
      "ConnectedWireSegmentIndex":-1,
      "Points":[{"x":0.0,"y":0.0},{"x":0.0,"y":0.0}]
    },
    {
      "SourcePinAddress":{
        "PinID":8,
        "PinOwnerID":713091219
      },
      "TargetPinAddress":{
        "PinID":0,
        "PinOwnerID":688638248
      },
      "ConnectionType":0,
      "ConnectedWireIndex":-1,
      "ConnectedWireSegmentIndex":-1,
      "Points":[{"x":0.0,"y":0.0},{"x":0.0,"y":0.0}]
    },
    {
      "SourcePinAddress":{
        "PinID":1,
        "PinOwnerID":840680102
      },
      "TargetPinAddress":{
        "PinID":0,
        "PinOwnerID":218975794
      },
      "ConnectionType":0,
      "ConnectedWireIndex":-1,
      "ConnectedWireSegmentIndex":-1,
      "Points":[{"x":0.0,"y":0.0},{"x":0.0,"y":0.0}]
    },
    {
      "SourcePinAddress":{
        "PinID":2,
        "PinOwnerID":840680102
      },
      "TargetPinAddress":{
        "PinID":0,
        "PinOwnerID":1460098313
      },
      "ConnectionType":0,
      "ConnectedWireIndex":-1,
      "ConnectedWireSegmentIndex":-1,
      "Points":[{"x":0.0,"y":0.0},{"x":0.0,"y":0.0}]
    },
    {
      "SourcePinAddress":{
        "PinID":3,
        "PinOwnerID":840680102
      },
      "TargetPinAddress":{
        "PinID":0,
        "PinOwnerID":497811972
      },
      "ConnectionType":0,
      "ConnectedWireIndex":-1,
      "ConnectedWireSegmentIndex":-1,
      "Points":[{"x":0.0,"y":0.0},{"x":0.0,"y":0.0}]
    },
    {
      "SourcePinAddress":{
        "PinID":4,
        "PinOwnerID":840680102
      },
      "TargetPinAddress":{
        "PinID":0,
        "PinOwnerID":1830020594
      },
      "ConnectionType":0,
      "ConnectedWireIndex":-1,
      "ConnectedWireSegmentIndex":-1,
      "Points":[{"x":0.0,"y":0.0},{"x":0.0,"y":0.0}]
    },
    {
      "SourcePinAddress":{
        "PinID":5,
        "PinOwnerID":840680102
      },
      "TargetPinAddress":{
        "PinID":0,
        "PinOwnerID":386318036
      },
      "ConnectionType":0,
      "ConnectedWireIndex":-1,
      "ConnectedWireSegmentIndex":-1,
      "Points":[{"x":0.0,"y":0.0},{"x":0.0,"y":0.0}]
    },
    {
      "SourcePinAddress":{
        "PinID":6,
        "PinOwnerID":840680102
      },
      "TargetPinAddress":{
        "PinID":0,
        "PinOwnerID":30323687
      },
      "ConnectionType":0,
      "ConnectedWireIndex":-1,
      "ConnectedWireSegmentIndex":-1,
      "Points":[{"x":0.0,"y":0.0},{"x":0.0,"y":0.0}]
    },
    {
      "SourcePinAddress":{
        "PinID":7,
        "PinOwnerID":840680102
      },
      "TargetPinAddress":{
        "PinID":0,
        "PinOwnerID":1849743402
      },
      "ConnectionType":0,
      "ConnectedWireIndex":-1,
      "ConnectedWireSegmentIndex":-1,
      "Points":[{"x":0.0,"y":0.0},{"x":0.0,"y":0.0}]
    },
    {
      "SourcePinAddress":{
        "PinID":8,
        "PinOwnerID":840680102
      },
      "TargetPinAddress":{
        "PinID":0,
        "PinOwnerID":705073275
      },
      "ConnectionType":0,
      "ConnectedWireIndex":-1,
      "ConnectedWireSegmentIndex":-1,
      "Points":[{"x":0.0,"y":0.0},{"x":0.0,"y":0.0}]
    },
    {
      "SourcePinAddress":{
        "PinID":2006674237,
        "PinOwnerID":769504726
      },
      "TargetPinAddress":{
        "PinID":0,
        "PinOwnerID":840680102
      },
      "ConnectionType":0,
      "ConnectedWireIndex":-1,
      "ConnectedWireSegmentIndex":-1,
      "Points":[{"x":0.0,"y":0.0},{"x":0.0,"y":0.0}]
    }
  ],
  "Displays":[]
}