{
  "DLSVersion": "2.1.6",
  "Name": "Main",
  "NameLocation": 0,
  "ChipType": 0,
  "Size": {
    "x": 0.725,
    "y": 4.75
  },
  "Colour": {
    "r": 0.133671746,
    "g": 0.02607141,
    "b": 0.395322084,
    "a": 1
  },
  "InputPins":[
    {
      "Name":"Start CPU",
      "ID":276334490,
      "Position":{
        "x":12.18437,
        "y":3.93551
      },
      "BitCount":1,
      "Colour":0,
      "ValueDisplayMode":0
    },
    {
      "Name":"A",
      "ID":1145445887,
      "Position":{
        "x":10.34551,
        "y":3.88807
      },
      "BitCount":1,
      "Colour":0,
      "ValueDisplayMode":0
    },
    {
      "Name":"System Reset",
      "ID":1875491507,
      "Position":{
        "x":14.26437,
        "y":3.86977
      },
      "BitCount":1,
      "Colour":0,
      "ValueDisplayMode":0
    },
    {
      "Name":"D",
      "ID":2070717639,
      "Position":{
        "x":9.58877,
        "y":3.37018
      },
      "BitCount":1,
      "Colour":0,
      "ValueDisplayMode":0
    },
    {
      "Name":"B",
      "ID":426530162,
      "Position":{
        "x":10.84551,
        "y":3.32557
      },
      "BitCount":1,
      "Colour":0,
      "ValueDisplayMode":0
    },
    {
      "Name":"Select",
      "ID":1249195998,
      "Position":{
        "x":12.875,
        "y":3.3125
      },
      "BitCount":1,
      "Colour":0,
      "ValueDisplayMode":0
    },
    {
      "Name":"E",
      "ID":896730398,
      "Position":{
        "x":15.25,
        "y":3.3125
      },
      "BitCount":1,
      "Colour":0,
      "ValueDisplayMode":0
    },
    {
      "Name":"F",
      "ID":351023464,
      "Position":{
        "x":15.25,
        "y":2.8125
      },
      "BitCount":1,
      "Colour":0,
      "ValueDisplayMode":0
    },
    {
      "Name":"Start",
      "ID":841531742,
      "Position":{
        "x":12.889,
        "y":2.7931
      },
      "BitCount":1,
      "Colour":0,
      "ValueDisplayMode":0
    },
    {
      "Name":"C",
      "ID":1195030799,
      "Position":{
        "x":10.34551,
        "y":2.70057
      },
      "BitCount":1,
      "Colour":0,
      "ValueDisplayMode":0
    },
    {
      "Name":"Manual CLK",
      "ID":485548297,
      "Position":{
        "x":-4.54939,
        "y":-0.73053
      },
      "BitCount":1,
      "Colour":0,
      "ValueDisplayMode":0
    }
  ],
  "OutputPins":[
    {
      "Name":"OUT",
      "ID":802569221,
      "Position":{
        "x":10.86827,
        "y":7.23814
      },
      "BitCount":1,
      "Colour":0,
      "ValueDisplayMode":0
    },
    {
      "Name":"PROGRAM ENDED",
      "ID":614705472,
      "Position":{
        "x":19.29502,
        "y":3.23319
      },
      "BitCount":1,
      "Colour":0,
      "ValueDisplayMode":0
    }
  ],
  "SubChips":[
    {
      "Name":"CPU",
      "ID":915397178,
      "Label":"ACLICK",
      "Position":{
        "x":0.35207,
        "y":-2.56856
      },
      "OutputPinColourInfo":[{"PinColour":0,"PinID":1947734511},{"PinColour":0,"PinID":942075455},{"PinColour":0,"PinID":1220033149},{"PinColour":0,"PinID":1482314318},{"PinColour":0,"PinID":1266940756},{"PinColour":0,"PinID":1831171047},{"PinColour":0,"PinID":1346367552},{"PinColour":0,"PinID":887990090},{"PinColour":0,"PinID":988570407},{"PinColour":0,"PinID":168354758},{"PinColour":0,"PinID":1387937158}],
      "InternalData":null
    },
    {
      "Name":"DOT DISPLAY",
      "ID":1211006122,
      "Label":"",
      "Position":{
        "x":10.52847,
        "y":5.47043
      },
      "OutputPinColourInfo":[{"PinColour":0,"PinID":6}],
      "InternalData":null
    },
    {
      "Name":"7-SEGMENT",
      "ID":1486770331,
      "Label":"",
      "Position":{
        "x":17.00544,
        "y":5.45204
      },
      "OutputPinColourInfo":[],
      "InternalData":null
    },
    {
      "Name":"7-SEGMENT",
      "ID":66327750,
      "Label":"",
      "Position":{
        "x":15.51,
        "y":5.4375
      },
      "OutputPinColourInfo":[],
      "InternalData":null
    },
    {
      "Name":"1-8BIT",
      "ID":817534974,
      "Label":"",
      "Position":{
        "x":3.86179,
        "y":4.43148
      },
      "OutputPinColourInfo":[{"PinColour":0,"PinID":8}],
      "InternalData":null
    },
    {
      "Name":"8B SR LATCH",
      "ID":430023832,
      "Label":"",
      "Position":{
        "x":0.8684,
        "y":4.6507
      },
      "OutputPinColourInfo":[{"PinColour":0,"PinID":1961835975}],
      "InternalData":null
    },
    {
      "Name":"Binary to 7SegDis",
      "ID":1049210109,
      "Label":"",
      "Position":{
        "x":6.04187,
        "y":9.53376
      },
      "OutputPinColourInfo":[{"PinColour":0,"PinID":1801008145},{"PinColour":0,"PinID":1958153305},{"PinColour":0,"PinID":1409483691},{"PinColour":0,"PinID":1257572929}],
      "InternalData":null
    },
    {
      "Name":"7-SEGMENT",
      "ID":1041429066,
      "Label":"",
      "Position":{
        "x":12.635,
        "y":5.4375
      },
      "OutputPinColourInfo":[],
      "InternalData":null
    },
    {
      "Name":"8-1BIT",
      "ID":1163116124,
      "Label":"",
      "Position":{
        "x":10.86926,
        "y":8.72899
      },
      "OutputPinColourInfo":[{"PinColour":0,"PinID":1},{"PinColour":0,"PinID":2},{"PinColour":0,"PinID":3},{"PinColour":0,"PinID":4},{"PinColour":0,"PinID":5},{"PinColour":0,"PinID":6},{"PinColour":0,"PinID":7},{"PinColour":0,"PinID":8}],
      "InternalData":null
    },
    {
      "Name":"8-1BIT",
      "ID":2007162766,
      "Label":"",
      "Position":{
        "x":12.44023,
        "y":8.75
      },
      "OutputPinColourInfo":[{"PinColour":0,"PinID":1},{"PinColour":0,"PinID":2},{"PinColour":0,"PinID":3},{"PinColour":0,"PinID":4},{"PinColour":0,"PinID":5},{"PinColour":0,"PinID":6},{"PinColour":0,"PinID":7},{"PinColour":0,"PinID":8}],
      "InternalData":null
    },
    {
      "Name":"8-1BIT",
      "ID":2135953993,
      "Label":"",
      "Position":{
        "x":14.0286,
        "y":8.75
      },
      "OutputPinColourInfo":[{"PinColour":0,"PinID":1},{"PinColour":0,"PinID":2},{"PinColour":0,"PinID":3},{"PinColour":0,"PinID":4},{"PinColour":0,"PinID":5},{"PinColour":0,"PinID":6},{"PinColour":0,"PinID":7},{"PinColour":0,"PinID":8}],
      "InternalData":null
    },
    {
      "Name":"8-1BIT",
      "ID":503941084,
      "Label":"",
      "Position":{
        "x":15.5725,
        "y":8.75
      },
      "OutputPinColourInfo":[{"PinColour":0,"PinID":1},{"PinColour":0,"PinID":2},{"PinColour":0,"PinID":3},{"PinColour":0,"PinID":4},{"PinColour":0,"PinID":5},{"PinColour":0,"PinID":6},{"PinColour":0,"PinID":7},{"PinColour":0,"PinID":8}],
      "InternalData":null
    },
    {
      "Name":"7-SEGMENT",
      "ID":290496328,
      "Label":"",
      "Position":{
        "x":14.07661,
        "y":5.4375
      },
      "OutputPinColourInfo":[],
      "InternalData":null
    },
    {
      "Name":"OR",
      "ID":645106368,
      "Label":"",
      "Position":{
        "x":-0.8475,
        "y":4.4045
      },
      "OutputPinColourInfo":[{"PinColour":0,"PinID":1797483099}],
      "InternalData":null
    },
    {
      "Name":"8-1BIT",
      "ID":1942526049,
      "Label":"",
      "Position":{
        "x":4.26794,
        "y":9.91061
      },
      "OutputPinColourInfo":[{"PinColour":0,"PinID":1},{"PinColour":0,"PinID":2},{"PinColour":0,"PinID":3},{"PinColour":0,"PinID":4},{"PinColour":0,"PinID":5},{"PinColour":0,"PinID":6},{"PinColour":0,"PinID":7},{"PinColour":0,"PinID":8}],
      "InternalData":null
    },
    {
      "Name":"4OR",
      "ID":1835697448,
      "Label":"",
      "Position":{
        "x":9.34759,
        "y":0.72875
      },
      "OutputPinColourInfo":[{"PinColour":0,"PinID":1949838215}],
      "InternalData":null
    },
    {
      "Name":"4OR",
      "ID":1326289643,
      "Label":"",
      "Position":{
        "x":9.33663,
        "y":-0.40068
      },
      "OutputPinColourInfo":[{"PinColour":0,"PinID":1949838215}],
      "InternalData":null
    },
    {
      "Name":"8-1BIT",
      "ID":42815371,
      "Label":"",
      "Position":{
        "x":8.08356,
        "y":0.22421
      },
      "OutputPinColourInfo":[{"PinColour":0,"PinID":1},{"PinColour":0,"PinID":2},{"PinColour":0,"PinID":3},{"PinColour":0,"PinID":4},{"PinColour":0,"PinID":5},{"PinColour":0,"PinID":6},{"PinColour":0,"PinID":7},{"PinColour":0,"PinID":8}],
      "InternalData":null
    },
    {
      "Name":"OR",
      "ID":1176042369,
      "Label":"",
      "Position":{
        "x":10.18924,
        "y":0.15787
      },
      "OutputPinColourInfo":[{"PinColour":0,"PinID":1797483099}],
      "InternalData":null
    },
    {
      "Name":"4OR",
      "ID":1243347417,
      "Label":"",
      "Position":{
        "x":9.50232,
        "y":-1.59901
      },
      "OutputPinColourInfo":[{"PinColour":0,"PinID":1949838215}],
      "InternalData":null
    },
    {
      "Name":"4OR",
      "ID":1513954283,
      "Label":"",
      "Position":{
        "x":9.49137,
        "y":-2.72844
      },
      "OutputPinColourInfo":[{"PinColour":0,"PinID":1949838215}],
      "InternalData":null
    },
    {
      "Name":"8-1BIT",
      "ID":674055197,
      "Label":"",
      "Position":{
        "x":8.23829,
        "y":-2.10356
      },
      "OutputPinColourInfo":[{"PinColour":0,"PinID":1},{"PinColour":0,"PinID":2},{"PinColour":0,"PinID":3},{"PinColour":0,"PinID":4},{"PinColour":0,"PinID":5},{"PinColour":0,"PinID":6},{"PinColour":0,"PinID":7},{"PinColour":0,"PinID":8}],
      "InternalData":null
    },
    {
      "Name":"OR",
      "ID":1209959200,
      "Label":"",
      "Position":{
        "x":10.34397,
        "y":-2.1699
      },
      "OutputPinColourInfo":[{"PinColour":0,"PinID":1797483099}],
      "InternalData":null
    },
    {
      "Name":"4OR",
      "ID":2003319437,
      "Label":"",
      "Position":{
        "x":9.47958,
        "y":-3.8982
      },
      "OutputPinColourInfo":[{"PinColour":0,"PinID":1949838215}],
      "InternalData":null
    },
    {
      "Name":"4OR",
      "ID":1535709648,
      "Label":"",
      "Position":{
        "x":9.46863,
        "y":-5.02763
      },
      "OutputPinColourInfo":[{"PinColour":0,"PinID":1949838215}],
      "InternalData":null
    },
    {
      "Name":"8-1BIT",
      "ID":1563002162,
      "Label":"",
      "Position":{
        "x":8.21556,
        "y":-4.40274
      },
      "OutputPinColourInfo":[{"PinColour":0,"PinID":1},{"PinColour":0,"PinID":2},{"PinColour":0,"PinID":3},{"PinColour":0,"PinID":4},{"PinColour":0,"PinID":5},{"PinColour":0,"PinID":6},{"PinColour":0,"PinID":7},{"PinColour":0,"PinID":8}],
      "InternalData":null
    },
    {
      "Name":"OR",
      "ID":793612170,
      "Label":"",
      "Position":{
        "x":10.32124,
        "y":-4.46908
      },
      "OutputPinColourInfo":[{"PinColour":0,"PinID":1797483099}],
      "InternalData":null
    },
    {
      "Name":"4OR",
      "ID":1499986833,
      "Label":"",
      "Position":{
        "x":9.63432,
        "y":-6.22596
      },
      "OutputPinColourInfo":[{"PinColour":0,"PinID":1949838215}],
      "InternalData":null
    },
    {
      "Name":"4OR",
      "ID":1387580453,
      "Label":"",
      "Position":{
        "x":9.62336,
        "y":-7.35539
      },
      "OutputPinColourInfo":[{"PinColour":0,"PinID":1949838215}],
      "InternalData":null
    },
    {
      "Name":"8-1BIT",
      "ID":1141147307,
      "Label":"",
      "Position":{
        "x":8.37029,
        "y":-6.73051
      },
      "OutputPinColourInfo":[{"PinColour":0,"PinID":1},{"PinColour":0,"PinID":2},{"PinColour":0,"PinID":3},{"PinColour":0,"PinID":4},{"PinColour":0,"PinID":5},{"PinColour":0,"PinID":6},{"PinColour":0,"PinID":7},{"PinColour":0,"PinID":8}],
      "InternalData":null
    },
    {
      "Name":"OR",
      "ID":1827486465,
      "Label":"",
      "Position":{
        "x":10.47597,
        "y":-6.79685
      },
      "OutputPinColourInfo":[{"PinColour":0,"PinID":1797483099}],
      "InternalData":null
    },
    {
      "Name":"4OR",
      "ID":1244989852,
      "Label":"",
      "Position":{
        "x":9.70791,
        "y":-9.68145
      },
      "OutputPinColourInfo":[{"PinColour":0,"PinID":1949838215}],
      "InternalData":null
    },
    {
      "Name":"8-1BIT",
      "ID":35421287,
      "Label":"",
      "Position":{
        "x":8.45484,
        "y":-9.05656
      },
      "OutputPinColourInfo":[{"PinColour":0,"PinID":1},{"PinColour":0,"PinID":2},{"PinColour":0,"PinID":3},{"PinColour":0,"PinID":4},{"PinColour":0,"PinID":5},{"PinColour":0,"PinID":6},{"PinColour":0,"PinID":7},{"PinColour":0,"PinID":8}],
      "InternalData":null
    },
    {
      "Name":"OR",
      "ID":743249477,
      "Label":"",
      "Position":{
        "x":10.56052,
        "y":-9.1229
      },
      "OutputPinColourInfo":[{"PinColour":0,"PinID":1797483099}],
      "InternalData":null
    },
    {
      "Name":"4OR",
      "ID":1958447897,
      "Label":"",
      "Position":{
        "x":9.69613,
        "y":-10.85121
      },
      "OutputPinColourInfo":[{"PinColour":0,"PinID":1949838215}],
      "InternalData":null
    },
    {
      "Name":"4OR",
      "ID":1794713709,
      "Label":"",
      "Position":{
        "x":9.68518,
        "y":-11.98064
      },
      "OutputPinColourInfo":[{"PinColour":0,"PinID":1949838215}],
      "InternalData":null
    },
    {
      "Name":"8-1BIT",
      "ID":1854600432,
      "Label":"",
      "Position":{
        "x":8.4321,
        "y":-11.35575
      },
      "OutputPinColourInfo":[{"PinColour":0,"PinID":1},{"PinColour":0,"PinID":2},{"PinColour":0,"PinID":3},{"PinColour":0,"PinID":4},{"PinColour":0,"PinID":5},{"PinColour":0,"PinID":6},{"PinColour":0,"PinID":7},{"PinColour":0,"PinID":8}],
      "InternalData":null
    },
    {
      "Name":"OR",
      "ID":1104884601,
      "Label":"",
      "Position":{
        "x":10.53778,
        "y":-11.42209
      },
      "OutputPinColourInfo":[{"PinColour":0,"PinID":1797483099}],
      "InternalData":null
    },
    {
      "Name":"1-8BIT",
      "ID":1381251811,
      "Label":"",
      "Position":{
        "x":1.43128,
        "y":7.43997
      },
      "OutputPinColourInfo":[{"PinColour":0,"PinID":8}],
      "InternalData":null
    }
  ],
  "Wires":[
    {
      "SourcePinAddress":{
        "PinID":0,
        "PinOwnerID":276334490
      },
      "TargetPinAddress":{
        "PinID":1021094286,
        "PinOwnerID":915397178
      },
      "ConnectionType":0,
      "ConnectedWireIndex":-1,
      "ConnectedWireSegmentIndex":-1,
      "Points":[{"x":0.0,"y":0.0},{"x":0.0,"y":0.0}]
    },
    {
      "SourcePinAddress":{
        "PinID":0,
        "PinOwnerID":485548297
      },
      "TargetPinAddress":{
        "PinID":262631800,
        "PinOwnerID":915397178
      },
      "ConnectionType":0,
      "ConnectedWireIndex":-1,
      "ConnectedWireSegmentIndex":-1,
      "Points":[{"x":0.0,"y":0.0},{"x":0.0,"y":0.0}]
    },
    {
      "SourcePinAddress":{
        "PinID":6,
        "PinOwnerID":1211006122
      },
      "TargetPinAddress":{
        "PinID":0,
        "PinOwnerID":802569221
      },
      "ConnectionType":0,
      "ConnectedWireIndex":-1,
      "ConnectedWireSegmentIndex":-1,
      "Points":[{"x":0.0,"y":0.0},{"x":0.0,"y":0.0}]
    },
    {
      "SourcePinAddress":{
        "PinID":0,
        "PinOwnerID":1145445887
      },
      "TargetPinAddress":{
        "PinID":7,
        "PinOwnerID":817534974
      },
      "ConnectionType":0,
      "ConnectedWireIndex":-1,
      "ConnectedWireSegmentIndex":-1,
      "Points":[{"x":0.0,"y":0.0},{"x":4.53534,"y":3.88807},{"x":4.53534,"y":3.32928},{"x":3.07812,"y":3.32928},{"x":3.07812,"y":3.54754},{"x":0.0,"y":0.0}]
    },
    {
      "SourcePinAddress":{
        "PinID":0,
        "PinOwnerID":426530162
      },
      "TargetPinAddress":{
        "PinID":6,
        "PinOwnerID":817534974
      },
      "ConnectionType":0,
      "ConnectedWireIndex":-1,
      "ConnectedWireSegmentIndex":-1,
      "Points":[{"x":0.0,"y":0.0},{"x":4.67015,"y":3.32557},{"x":4.67015,"y":3.23941},{"x":2.91763,"y":3.23941},{"x":2.91763,"y":3.80432},{"x":0.0,"y":0.0}]
    },
    {
      "SourcePinAddress":{
        "PinID":0,
        "PinOwnerID":1195030799
      },
      "TargetPinAddress":{
        "PinID":5,
        "PinOwnerID":817534974
      },
      "ConnectionType":0,
      "ConnectedWireIndex":-1,
      "ConnectedWireSegmentIndex":-1,
      "Points":[{"x":0.0,"y":0.0},{"x":4.7536,"y":2.70057},{"x":4.7536,"y":3.12386},{"x":2.80208,"y":3.12386},{"x":2.80208,"y":4.03543},{"x":0.0,"y":0.0}]
    },
    {
      "SourcePinAddress":{
        "PinID":0,
        "PinOwnerID":1249195998
      },
      "TargetPinAddress":{
        "PinID":3,
        "PinOwnerID":817534974
      },
      "ConnectionType":0,
      "ConnectedWireIndex":-1,
      "ConnectedWireSegmentIndex":-1,
      "Points":[{"x":0.0,"y":0.0},{"x":4.91029,"y":3.3125},{"x":4.91029,"y":2.89395},{"x":2.51094,"y":2.89395},{"x":2.51094,"y":4.55836},{"x":0.0,"y":0.0}]
    },
    {
      "SourcePinAddress":{
        "PinID":0,
        "PinOwnerID":841531742
      },
      "TargetPinAddress":{
        "PinID":2,
        "PinOwnerID":817534974
      },
      "ConnectionType":0,
      "ConnectedWireIndex":-1,
      "ConnectedWireSegmentIndex":-1,
      "Points":[{"x":0.0,"y":0.0},{"x":2.39273,"y":2.7931},{"x":2.39273,"y":4.8187},{"x":0.0,"y":0.0}]
    },
    {
      "SourcePinAddress":{
        "PinID":0,
        "PinOwnerID":896730398
      },
      "TargetPinAddress":{
        "PinID":1,
        "PinOwnerID":817534974
      },
      "ConnectionType":0,
      "ConnectedWireIndex":-1,
      "ConnectedWireSegmentIndex":-1,
      "Points":[{"x":0.0,"y":0.0},{"x":15.04264,"y":3.3125},{"x":15.04264,"y":3.22154},{"x":2.22033,"y":3.22154},{"x":2.22033,"y":5.04312},{"x":0.0,"y":0.0}]
    },
    {
      "SourcePinAddress":{
        "PinID":0,
        "PinOwnerID":351023464
      },
      "TargetPinAddress":{
        "PinID":0,
        "PinOwnerID":817534974
      },
      "ConnectionType":0,
      "ConnectedWireIndex":-1,
      "ConnectedWireSegmentIndex":-1,
      "Points":[{"x":0.0,"y":0.0},{"x":15.04166,"y":2.8125},{"x":15.04166,"y":2.85908},{"x":2.11226,"y":2.85908},{"x":2.11226,"y":5.30284},{"x":0.0,"y":0.0}]
    },
    {
      "SourcePinAddress":{
        "PinID":8,
        "PinOwnerID":817534974
      },
      "TargetPinAddress":{
        "PinID":430708985,
        "PinOwnerID":430023832
      },
      "ConnectionType":0,
      "ConnectedWireIndex":-1,
      "ConnectedWireSegmentIndex":-1,
      "Points":[{"x":0.0,"y":0.0},{"x":4.7945,"y":4.43148},{"x":4.7945,"y":5.76839},{"x":0.02067,"y":5.76839},{"x":0.02067,"y":4.81172},{"x":0.0,"y":0.0}]
    },
    {
      "SourcePinAddress":{
        "PinID":1,
        "PinOwnerID":1163116124
      },
      "TargetPinAddress":{
        "PinID":0,
        "PinOwnerID":1041429066
      },
      "ConnectionType":0,
      "ConnectedWireIndex":-1,
      "ConnectedWireSegmentIndex":-1,
      "Points":[{"x":0.0,"y":0.0},{"x":0.0,"y":0.0}]
    },
    {
      "SourcePinAddress":{
        "PinID":2,
        "PinOwnerID":1163116124
      },
      "TargetPinAddress":{
        "PinID":1,
        "PinOwnerID":1041429066
      },
      "ConnectionType":0,
      "ConnectedWireIndex":-1,
      "ConnectedWireSegmentIndex":-1,
      "Points":[{"x":0.0,"y":0.0},{"x":0.0,"y":0.0}]
    },
    {
      "SourcePinAddress":{
        "PinID":3,
        "PinOwnerID":1163116124
      },
      "TargetPinAddress":{
        "PinID":2,
        "PinOwnerID":1041429066
      },
      "ConnectionType":0,
      "ConnectedWireIndex":-1,
      "ConnectedWireSegmentIndex":-1,
      "Points":[{"x":0.0,"y":0.0},{"x":0.0,"y":0.0}]
    },
    {
      "SourcePinAddress":{
        "PinID":4,
        "PinOwnerID":1163116124
      },
      "TargetPinAddress":{
        "PinID":3,
        "PinOwnerID":1041429066
      },
      "ConnectionType":0,
      "ConnectedWireIndex":-1,
      "ConnectedWireSegmentIndex":-1,
      "Points":[{"x":0.0,"y":0.0},{"x":0.0,"y":0.0}]
    },
    {
      "SourcePinAddress":{
        "PinID":5,
        "PinOwnerID":1163116124
      },
      "TargetPinAddress":{
        "PinID":4,
        "PinOwnerID":1041429066
      },
      "ConnectionType":0,
      "ConnectedWireIndex":-1,
      "ConnectedWireSegmentIndex":-1,
      "Points":[{"x":0.0,"y":0.0},{"x":0.0,"y":0.0}]
    },
    {
      "SourcePinAddress":{
        "PinID":6,
        "PinOwnerID":1163116124
      },
      "TargetPinAddress":{
        "PinID":5,
        "PinOwnerID":1041429066
      },
      "ConnectionType":0,
      "ConnectedWireIndex":-1,
      "ConnectedWireSegmentIndex":-1,
      "Points":[{"x":0.0,"y":0.0},{"x":0.0,"y":0.0}]
    },
    {
      "SourcePinAddress":{
        "PinID":7,
        "PinOwnerID":1163116124
      },
      "TargetPinAddress":{
        "PinID":6,
        "PinOwnerID":1041429066
      },
      "ConnectionType":0,
      "ConnectedWireIndex":-1,
      "ConnectedWireSegmentIndex":-1,
      "Points":[{"x":0.0,"y":0.0},{"x":0.0,"y":0.0}]
    },
    {
      "SourcePinAddress":{
        "PinID":1,
        "PinOwnerID":2007162766
      },
      "TargetPinAddress":{
        "PinID":0,
        "PinOwnerID":1486770331
      },
      "ConnectionType":0,
      "ConnectedWireIndex":-1,
      "ConnectedWireSegmentIndex":-1,
      "Points":[{"x":0.0,"y":0.0},{"x":0.0,"y":0.0}]
    },
    {
      "SourcePinAddress":{
        "PinID":2,
        "PinOwnerID":2007162766
      },
      "TargetPinAddress":{
        "PinID":1,
        "PinOwnerID":1486770331
      },
      "ConnectionType":0,
      "ConnectedWireIndex":-1,
      "ConnectedWireSegmentIndex":-1,
      "Points":[{"x":0.0,"y":0.0},{"x":0.0,"y":0.0}]
    },
    {
      "SourcePinAddress":{
        "PinID":3,
        "PinOwnerID":2007162766
      },
      "TargetPinAddress":{
        "PinID":2,
        "PinOwnerID":1486770331
      },
      "ConnectionType":0,
      "ConnectedWireIndex":-1,
      "ConnectedWireSegmentIndex":-1,
      "Points":[{"x":0.0,"y":0.0},{"x":0.0,"y":0.0}]
    },
    {
      "SourcePinAddress":{
        "PinID":4,
        "PinOwnerID":2007162766
      },
      "TargetPinAddress":{
        "PinID":3,
        "PinOwnerID":1486770331
      },
      "ConnectionType":0,
      "ConnectedWireIndex":-1,
      "ConnectedWireSegmentIndex":-1,
      "Points":[{"x":0.0,"y":0.0},{"x":0.0,"y":0.0}]
    },
    {
      "SourcePinAddress":{
        "PinID":5,
        "PinOwnerID":2007162766
      },
      "TargetPinAddress":{
        "PinID":4,
        "PinOwnerID":1486770331
      },
      "ConnectionType":0,
      "ConnectedWireIndex":-1,
      "ConnectedWireSegmentIndex":-1,
      "Points":[{"x":0.0,"y":0.0},{"x":0.0,"y":0.0}]
    },
    {
      "SourcePinAddress":{
        "PinID":6,
        "PinOwnerID":2007162766
      },
      "TargetPinAddress":{
        "PinID":5,
        "PinOwnerID":1486770331
      },
      "ConnectionType":0,
      "ConnectedWireIndex":-1,
      "ConnectedWireSegmentIndex":-1,
      "Points":[{"x":0.0,"y":0.0},{"x":0.0,"y":0.0}]
    },
    {
      "SourcePinAddress":{
        "PinID":7,
        "PinOwnerID":2007162766
      },
      "TargetPinAddress":{
        "PinID":6,
        "PinOwnerID":1486770331
      },
      "ConnectionType":0,
      "ConnectedWireIndex":-1,
      "ConnectedWireSegmentIndex":-1,
      "Points":[{"x":0.0,"y":0.0},{"x":0.0,"y":0.0}]
    },
    {
      "SourcePinAddress":{
        "PinID":1,
        "PinOwnerID":2135953993
      },
      "TargetPinAddress":{
        "PinID":0,
        "PinOwnerID":66327750
      },
      "ConnectionType":0,
      "ConnectedWireIndex":-1,
      "ConnectedWireSegmentIndex":-1,
      "Points":[{"x":0.0,"y":0.0},{"x":0.0,"y":0.0}]
    },
    {
      "SourcePinAddress":{
        "PinID":2,
        "PinOwnerID":2135953993
      },
      "TargetPinAddress":{
        "PinID":1,
        "PinOwnerID":66327750
      },
      "ConnectionType":0,
      "ConnectedWireIndex":-1,
      "ConnectedWireSegmentIndex":-1,
      "Points":[{"x":0.0,"y":0.0},{"x":0.0,"y":0.0}]
    },
    {
      "SourcePinAddress":{
        "PinID":3,
        "PinOwnerID":2135953993
      },
      "TargetPinAddress":{
        "PinID":2,
        "PinOwnerID":66327750
      },
      "ConnectionType":0,
      "ConnectedWireIndex":-1,
      "ConnectedWireSegmentIndex":-1,
      "Points":[{"x":0.0,"y":0.0},{"x":0.0,"y":0.0}]
    },
    {
      "SourcePinAddress":{
        "PinID":4,
        "PinOwnerID":2135953993
      },
      "TargetPinAddress":{
        "PinID":3,
        "PinOwnerID":66327750
      },
      "ConnectionType":0,
      "ConnectedWireIndex":-1,
      "ConnectedWireSegmentIndex":-1,
      "Points":[{"x":0.0,"y":0.0},{"x":0.0,"y":0.0}]
    },
    {
      "SourcePinAddress":{
        "PinID":5,
        "PinOwnerID":2135953993
      },
      "TargetPinAddress":{
        "PinID":4,
        "PinOwnerID":66327750
      },
      "ConnectionType":0,
      "ConnectedWireIndex":-1,
      "ConnectedWireSegmentIndex":-1,
      "Points":[{"x":0.0,"y":0.0},{"x":0.0,"y":0.0}]
    },
    {
      "SourcePinAddress":{
        "PinID":6,
        "PinOwnerID":2135953993
      },
      "TargetPinAddress":{
        "PinID":5,
        "PinOwnerID":66327750
      },
      "ConnectionType":0,
      "ConnectedWireIndex":-1,
      "ConnectedWireSegmentIndex":-1,
      "Points":[{"x":0.0,"y":0.0},{"x":0.0,"y":0.0}]
    },
    {
      "SourcePinAddress":{
        "PinID":7,
        "PinOwnerID":2135953993
      },
      "TargetPinAddress":{
        "PinID":6,
        "PinOwnerID":66327750
      },
      "ConnectionType":0,
      "ConnectedWireIndex":-1,
      "ConnectedWireSegmentIndex":-1,
      "Points":[{"x":0.0,"y":0.0},{"x":0.0,"y":0.0}]
    },
    {
      "SourcePinAddress":{
        "PinID":1,
        "PinOwnerID":503941084
      },
      "TargetPinAddress":{
        "PinID":0,
        "PinOwnerID":290496328
      },
      "ConnectionType":0,
      "ConnectedWireIndex":-1,
      "ConnectedWireSegmentIndex":-1,
      "Points":[{"x":0.0,"y":0.0},{"x":0.0,"y":0.0}]
    },
    {
      "SourcePinAddress":{
        "PinID":2,
        "PinOwnerID":503941084
      },
      "TargetPinAddress":{
        "PinID":1,
        "PinOwnerID":290496328
      },
      "ConnectionType":0,
      "ConnectedWireIndex":-1,
      "ConnectedWireSegmentIndex":-1,
      "Points":[{"x":0.0,"y":0.0},{"x":0.0,"y":0.0}]
    },
    {
      "SourcePinAddress":{
        "PinID":3,
        "PinOwnerID":503941084
      },
      "TargetPinAddress":{
        "PinID":2,
        "PinOwnerID":290496328
      },
      "ConnectionType":0,
      "ConnectedWireIndex":-1,
      "ConnectedWireSegmentIndex":-1,
      "Points":[{"x":0.0,"y":0.0},{"x":0.0,"y":0.0}]
    },
    {
      "SourcePinAddress":{
        "PinID":4,
        "PinOwnerID":503941084
      },
      "TargetPinAddress":{
        "PinID":3,
        "PinOwnerID":290496328
      },
      "ConnectionType":0,
      "ConnectedWireIndex":-1,
      "ConnectedWireSegmentIndex":-1,
      "Points":[{"x":0.0,"y":0.0},{"x":0.0,"y":0.0}]
    },
    {
      "SourcePinAddress":{
        "PinID":5,
        "PinOwnerID":503941084
      },
      "TargetPinAddress":{
        "PinID":4,
        "PinOwnerID":290496328
      },
      "ConnectionType":0,
      "ConnectedWireIndex":-1,
      "ConnectedWireSegmentIndex":-1,
      "Points":[{"x":0.0,"y":0.0},{"x":0.0,"y":0.0}]
    },
    {
      "SourcePinAddress":{
        "PinID":6,
        "PinOwnerID":503941084
      },
      "TargetPinAddress":{
        "PinID":5,
        "PinOwnerID":290496328
      },
      "ConnectionType":0,
      "ConnectedWireIndex":-1,
      "ConnectedWireSegmentIndex":-1,
      "Points":[{"x":0.0,"y":0.0},{"x":0.0,"y":0.0}]
    },
    {
      "SourcePinAddress":{
        "PinID":7,
        "PinOwnerID":503941084
      },
      "TargetPinAddress":{
        "PinID":6,
        "PinOwnerID":290496328
      },
      "ConnectionType":0,
      "ConnectedWireIndex":-1,
      "ConnectedWireSegmentIndex":-1,
      "Points":[{"x":0.0,"y":0.0},{"x":0.0,"y":0.0}]
    },
    {
      "SourcePinAddress":{
        "PinID":1801008145,
        "PinOwnerID":1049210109
      },
      "TargetPinAddress":{
        "PinID":0,
        "PinOwnerID":1163116124
      },
      "ConnectionType":0,
      "ConnectedWireIndex":-1,
      "ConnectedWireSegmentIndex":-1,
      "Points":[{"x":0.0,"y":0.0},{"x":9.74253,"y":10.53376},{"x":9.74253,"y":8.73714},{"x":0.0,"y":0.0}]
    },
    {
      "SourcePinAddress":{
        "PinID":1958153305,
        "PinOwnerID":1049210109
      },
      "TargetPinAddress":{
        "PinID":0,
        "PinOwnerID":2007162766
      },
      "ConnectionType":0,
      "ConnectedWireIndex":-1,
      "ConnectedWireSegmentIndex":-1,
      "Points":[{"x":0.0,"y":0.0},{"x":9.3193,"y":9.86709},{"x":9.3193,"y":10.18639},{"x":11.71761,"y":10.18639},{"x":11.71761,"y":8.77562},{"x":0.0,"y":0.0}]
    },
    {
      "SourcePinAddress":{
        "PinID":1409483691,
        "PinOwnerID":1049210109
      },
      "TargetPinAddress":{
        "PinID":0,
        "PinOwnerID":2135953993
      },
      "ConnectionType":0,
      "ConnectedWireIndex":-1,
      "ConnectedWireSegmentIndex":-1,
      "Points":[{"x":0.0,"y":0.0},{"x":8.94401,"y":9.20042},{"x":8.94401,"y":10.95461},{"x":13.2372,"y":10.95461},{"x":13.2372,"y":8.78668},{"x":0.0,"y":0.0}]
    },
    {
      "SourcePinAddress":{
        "PinID":1257572929,
        "PinOwnerID":1049210109
      },
      "TargetPinAddress":{
        "PinID":0,
        "PinOwnerID":503941084
      },
      "ConnectionType":0,
      "ConnectedWireIndex":-1,
      "ConnectedWireSegmentIndex":-1,
      "Points":[{"x":0.0,"y":0.0},{"x":8.44515,"y":8.53376},{"x":8.44515,"y":11.5672},{"x":14.82963,"y":11.5672},{"x":14.82963,"y":8.79529},{"x":0.0,"y":0.0}]
    },
    {
      "SourcePinAddress":{
        "PinID":1961835975,
        "PinOwnerID":430023832
      },
      "TargetPinAddress":{
        "PinID":1332745691,
        "PinOwnerID":915397178
      },
      "ConnectionType":0,
      "ConnectedWireIndex":-1,
      "ConnectedWireSegmentIndex":-1,
      "Points":[{"x":0.0,"y":0.0},{"x":1.72047,"y":4.63845},{"x":1.72047,"y":3.73494},{"x":-2.39252,"y":3.73494},{"x":-2.39252,"y":2.14415},{"x":0.0,"y":0.0}]
    },
    {
      "SourcePinAddress":{
        "PinID":1797483099,
        "PinOwnerID":645106368
      },
      "TargetPinAddress":{
        "PinID":1019233984,
        "PinOwnerID":430023832
      },
      "ConnectionType":0,
      "ConnectedWireIndex":-1,
      "ConnectedWireSegmentIndex":-1,
      "Points":[{"x":0.0,"y":0.0},{"x":0.0,"y":0.0}]
    },
    {
      "SourcePinAddress":{
        "PinID":1387937158,
        "PinOwnerID":915397178
      },
      "TargetPinAddress":{
        "PinID":1101441429,
        "PinOwnerID":645106368
      },
      "ConnectionType":0,
      "ConnectedWireIndex":-1,
      "ConnectedWireSegmentIndex":-1,
      "Points":[{"x":0.0,"y":0.0},{"x":4.46579,"y":-0.79335},{"x":4.46579,"y":2.59741},{"x":0.00707,"y":2.59741},{"x":0.00707,"y":2.59741},{"x":-1.24352,"y":2.59741},{"x":-1.24352,"y":4.29361},{"x":0.0,"y":0.0}]
    },
    {
      "SourcePinAddress":{
        "PinID":1,
        "PinOwnerID":1942526049
      },
      "TargetPinAddress":{
        "PinID":575284115,
        "PinOwnerID":1049210109
      },
      "ConnectionType":0,
      "ConnectedWireIndex":-1,
      "ConnectedWireSegmentIndex":-1,
      "Points":[{"x":0.0,"y":0.0},{"x":0.0,"y":0.0}]
    },
    {
      "SourcePinAddress":{
        "PinID":2,
        "PinOwnerID":1942526049
      },
      "TargetPinAddress":{
        "PinID":1039442956,
        "PinOwnerID":1049210109
      },
      "ConnectionType":0,
      "ConnectedWireIndex":-1,
      "ConnectedWireSegmentIndex":-1,
      "Points":[{"x":0.0,"y":0.0},{"x":0.0,"y":0.0}]
    },
    {
      "SourcePinAddress":{
        "PinID":3,
        "PinOwnerID":1942526049
      },
      "TargetPinAddress":{
        "PinID":206062345,
        "PinOwnerID":1049210109
      },
      "ConnectionType":0,
      "ConnectedWireIndex":-1,
      "ConnectedWireSegmentIndex":-1,
      "Points":[{"x":0.0,"y":0.0},{"x":0.0,"y":0.0}]
    },
    {
      "SourcePinAddress":{
        "PinID":4,
        "PinOwnerID":1942526049
      },
      "TargetPinAddress":{
        "PinID":1038616311,
        "PinOwnerID":1049210109
      },
      "ConnectionType":0,
      "ConnectedWireIndex":-1,
      "ConnectedWireSegmentIndex":-1,
      "Points":[{"x":0.0,"y":0.0},{"x":0.0,"y":0.0}]
    },
    {
      "SourcePinAddress":{
        "PinID":5,
        "PinOwnerID":1942526049
      },
      "TargetPinAddress":{
        "PinID":1172481764,
        "PinOwnerID":1049210109
      },
      "ConnectionType":0,
      "ConnectedWireIndex":-1,
      "ConnectedWireSegmentIndex":-1,
      "Points":[{"x":0.0,"y":0.0},{"x":0.0,"y":0.0}]
    },
    {
      "SourcePinAddress":{
        "PinID":6,
        "PinOwnerID":1942526049
      },
      "TargetPinAddress":{
        "PinID":1031931685,
        "PinOwnerID":1049210109
      },
      "ConnectionType":0,
      "ConnectedWireIndex":-1,
      "ConnectedWireSegmentIndex":-1,
      "Points":[{"x":0.0,"y":0.0},{"x":0.0,"y":0.0}]
    },
    {
      "SourcePinAddress":{
        "PinID":7,
        "PinOwnerID":1942526049
      },
      "TargetPinAddress":{
        "PinID":2118057672,
        "PinOwnerID":1049210109
      },
      "ConnectionType":0,
      "ConnectedWireIndex":-1,
      "ConnectedWireSegmentIndex":-1,
      "Points":[{"x":0.0,"y":0.0},{"x":0.0,"y":0.0}]
    },
    {
      "SourcePinAddress":{
        "PinID":8,
        "PinOwnerID":1942526049
      },
      "TargetPinAddress":{
        "PinID":1785728417,
        "PinOwnerID":1049210109
      },
      "ConnectionType":0,
      "ConnectedWireIndex":-1,
      "ConnectedWireSegmentIndex":-1,
      "Points":[{"x":0.0,"y":0.0},{"x":0.0,"y":0.0}]
    },
    {
      "SourcePinAddress":{
        "PinID":1,
        "PinOwnerID":42815371
      },
      "TargetPinAddress":{
        "PinID":1048891278,
        "PinOwnerID":1835697448
      },
      "ConnectionType":0,
      "ConnectedWireIndex":-1,
      "ConnectedWireSegmentIndex":-1,
      "Points":[{"x":0.0,"y":0.0},{"x":8.88314,"y":1.10413},{"x":0.0,"y":0.0}]
    },
    {
      "SourcePinAddress":{
        "PinID":2,
        "PinOwnerID":42815371
      },
      "TargetPinAddress":{
        "PinID":143336155,
        "PinOwnerID":1835697448
      },
      "ConnectionType":0,
      "ConnectedWireIndex":-1,
      "ConnectedWireSegmentIndex":-1,
      "Points":[{"x":0.0,"y":0.0},{"x":0.0,"y":0.0}]
    },
    {
      "SourcePinAddress":{
        "PinID":3,
        "PinOwnerID":42815371
      },
      "TargetPinAddress":{
        "PinID":1678651094,
        "PinOwnerID":1835697448
      },
      "ConnectionType":0,
      "ConnectedWireIndex":-1,
      "ConnectedWireSegmentIndex":-1,
      "Points":[{"x":0.0,"y":0.0},{"x":0.0,"y":0.0}]
    },
    {
      "SourcePinAddress":{
        "PinID":4,
        "PinOwnerID":42815371
      },
      "TargetPinAddress":{
        "PinID":930515347,
        "PinOwnerID":1835697448
      },
      "ConnectionType":0,
      "ConnectedWireIndex":-1,
      "ConnectedWireSegmentIndex":-1,
      "Points":[{"x":0.0,"y":0.0},{"x":0.0,"y":0.0}]
    },
    {
      "SourcePinAddress":{
        "PinID":5,
        "PinOwnerID":42815371
      },
      "TargetPinAddress":{
        "PinID":1048891278,
        "PinOwnerID":1326289643
      },
      "ConnectionType":0,
      "ConnectedWireIndex":-1,
      "ConnectedWireSegmentIndex":-1,
      "Points":[{"x":0.0,"y":0.0},{"x":0.0,"y":0.0}]
    },
    {
      "SourcePinAddress":{
        "PinID":6,
        "PinOwnerID":42815371
      },
      "TargetPinAddress":{
        "PinID":143336155,
        "PinOwnerID":1326289643
      },
      "ConnectionType":0,
      "ConnectedWireIndex":-1,
      "ConnectedWireSegmentIndex":-1,
      "Points":[{"x":0.0,"y":0.0},{"x":8.90313,"y":-0.2886},{"x":0.0,"y":0.0}]
    },
    {
      "SourcePinAddress":{
        "PinID":7,
        "PinOwnerID":42815371
      },
      "TargetPinAddress":{
        "PinID":1678651094,
        "PinOwnerID":1326289643
      },
      "ConnectionType":0,
      "ConnectedWireIndex":-1,
      "ConnectedWireSegmentIndex":-1,
      "Points":[{"x":0.0,"y":0.0},{"x":0.0,"y":0.0}]
    },
    {
      "SourcePinAddress":{
        "PinID":8,
        "PinOwnerID":42815371
      },
      "TargetPinAddress":{
        "PinID":930515347,
        "PinOwnerID":1326289643
      },
      "ConnectionType":0,
      "ConnectedWireIndex":-1,
      "ConnectedWireSegmentIndex":-1,
      "Points":[{"x":0.0,"y":0.0},{"x":0.0,"y":0.0}]
    },
    {
      "SourcePinAddress":{
        "PinID":1949838215,
        "PinOwnerID":1835697448
      },
      "TargetPinAddress":{
        "PinID":1660214207,
        "PinOwnerID":1176042369
      },
      "ConnectionType":0,
      "ConnectedWireIndex":-1,
      "ConnectedWireSegmentIndex":-1,
      "Points":[{"x":0.0,"y":0.0},{"x":0.0,"y":0.0}]
    },
    {
      "SourcePinAddress":{
        "PinID":1949838215,
        "PinOwnerID":1326289643
      },
      "TargetPinAddress":{
        "PinID":1101441429,
        "PinOwnerID":1176042369
      },
      "ConnectionType":0,
      "ConnectedWireIndex":-1,
      "ConnectedWireSegmentIndex":-1,
      "Points":[{"x":0.0,"y":0.0},{"x":0.0,"y":0.0}]
    },
    {
      "SourcePinAddress":{
        "PinID":1,
        "PinOwnerID":674055197
      },
      "TargetPinAddress":{
        "PinID":1048891278,
        "PinOwnerID":1243347417
      },
      "ConnectionType":0,
      "ConnectedWireIndex":-1,
      "ConnectedWireSegmentIndex":-1,
      "Points":[{"x":0.0,"y":0.0},{"x":9.03787,"y":-1.22364},{"x":0.0,"y":0.0}]
    },
    {
      "SourcePinAddress":{
        "PinID":2,
        "PinOwnerID":674055197
      },
      "TargetPinAddress":{
        "PinID":143336155,
        "PinOwnerID":1243347417
      },
      "ConnectionType":0,
      "ConnectedWireIndex":-1,
      "ConnectedWireSegmentIndex":-1,
      "Points":[{"x":0.0,"y":0.0},{"x":0.0,"y":0.0}]
    },
    {
      "SourcePinAddress":{
        "PinID":3,
        "PinOwnerID":674055197
      },
      "TargetPinAddress":{
        "PinID":1678651094,
        "PinOwnerID":1243347417
      },
      "ConnectionType":0,
      "ConnectedWireIndex":-1,
      "ConnectedWireSegmentIndex":-1,
      "Points":[{"x":0.0,"y":0.0},{"x":0.0,"y":0.0}]
    },
    {
      "SourcePinAddress":{
        "PinID":4,
        "PinOwnerID":674055197
      },
      "TargetPinAddress":{
        "PinID":930515347,
        "PinOwnerID":1243347417
      },
      "ConnectionType":0,
      "ConnectedWireIndex":-1,
      "ConnectedWireSegmentIndex":-1,
      "Points":[{"x":0.0,"y":0.0},{"x":0.0,"y":0.0}]
    },
    {
      "SourcePinAddress":{
        "PinID":5,
        "PinOwnerID":674055197
      },
      "TargetPinAddress":{
        "PinID":1048891278,
        "PinOwnerID":1513954283
      },
      "ConnectionType":0,
      "ConnectedWireIndex":-1,
      "ConnectedWireSegmentIndex":-1,
      "Points":[{"x":0.0,"y":0.0},{"x":0.0,"y":0.0}]
    },
    {
      "SourcePinAddress":{
        "PinID":6,
        "PinOwnerID":674055197
      },
      "TargetPinAddress":{
        "PinID":143336155,
        "PinOwnerID":1513954283
      },
      "ConnectionType":0,
      "ConnectedWireIndex":-1,
      "ConnectedWireSegmentIndex":-1,
      "Points":[{"x":0.0,"y":0.0},{"x":9.05786,"y":-2.61637},{"x":0.0,"y":0.0}]
    },
    {
      "SourcePinAddress":{
        "PinID":7,
        "PinOwnerID":674055197
      },
      "TargetPinAddress":{
        "PinID":1678651094,
        "PinOwnerID":1513954283
      },
      "ConnectionType":0,
      "ConnectedWireIndex":-1,
      "ConnectedWireSegmentIndex":-1,
      "Points":[{"x":0.0,"y":0.0},{"x":0.0,"y":0.0}]
    },
    {
      "SourcePinAddress":{
        "PinID":8,
        "PinOwnerID":674055197
      },
      "TargetPinAddress":{
        "PinID":930515347,
        "PinOwnerID":1513954283
      },
      "ConnectionType":0,
      "ConnectedWireIndex":-1,
      "ConnectedWireSegmentIndex":-1,
      "Points":[{"x":0.0,"y":0.0},{"x":0.0,"y":0.0}]
    },
    {
      "SourcePinAddress":{
        "PinID":1949838215,
        "PinOwnerID":1243347417
      },
      "TargetPinAddress":{
        "PinID":1660214207,
        "PinOwnerID":1209959200
      },
      "ConnectionType":0,
      "ConnectedWireIndex":-1,
      "ConnectedWireSegmentIndex":-1,
      "Points":[{"x":0.0,"y":0.0},{"x":0.0,"y":0.0}]
    },
    {
      "SourcePinAddress":{
        "PinID":1949838215,
        "PinOwnerID":1513954283
      },
      "TargetPinAddress":{
        "PinID":1101441429,
        "PinOwnerID":1209959200
      },
      "ConnectionType":0,
      "ConnectedWireIndex":-1,
      "ConnectedWireSegmentIndex":-1,
      "Points":[{"x":0.0,"y":0.0},{"x":0.0,"y":0.0}]
    },
    {
      "SourcePinAddress":{
        "PinID":168354758,
        "PinOwnerID":915397178
      },
      "TargetPinAddress":{
        "PinID":5,
        "PinOwnerID":1211006122
      },
      "ConnectionType":0,
      "ConnectedWireIndex":-1,
      "ConnectedWireSegmentIndex":-1,
      "Points":[{"x":0.0,"y":0.0},{"x":6.71713,"y":-2.50241},{"x":6.71713,"y":1.70511},{"x":9.35778,"y":1.70511},{"x":9.35778,"y":4.72043},{"x":0.0,"y":0.0}]
    },
    {
      "SourcePinAddress":{
        "PinID":1,
        "PinOwnerID":1563002162
      },
      "TargetPinAddress":{
        "PinID":1048891278,
        "PinOwnerID":2003319437
      },
      "ConnectionType":0,
      "ConnectedWireIndex":-1,
      "ConnectedWireSegmentIndex":-1,
      "Points":[{"x":0.0,"y":0.0},{"x":9.01514,"y":-3.52282},{"x":0.0,"y":0.0}]
    },
    {
      "SourcePinAddress":{
        "PinID":2,
        "PinOwnerID":1563002162
      },
      "TargetPinAddress":{
        "PinID":143336155,
        "PinOwnerID":2003319437
      },
      "ConnectionType":0,
      "ConnectedWireIndex":-1,
      "ConnectedWireSegmentIndex":-1,
      "Points":[{"x":0.0,"y":0.0},{"x":0.0,"y":0.0}]
    },
    {
      "SourcePinAddress":{
        "PinID":3,
        "PinOwnerID":1563002162
      },
      "TargetPinAddress":{
        "PinID":1678651094,
        "PinOwnerID":2003319437
      },
      "ConnectionType":0,
      "ConnectedWireIndex":-1,
      "ConnectedWireSegmentIndex":-1,
      "Points":[{"x":0.0,"y":0.0},{"x":0.0,"y":0.0}]
    },
    {
      "SourcePinAddress":{
        "PinID":4,
        "PinOwnerID":1563002162
      },
      "TargetPinAddress":{
        "PinID":930515347,
        "PinOwnerID":2003319437
      },
      "ConnectionType":0,
      "ConnectedWireIndex":-1,
      "ConnectedWireSegmentIndex":-1,
      "Points":[{"x":0.0,"y":0.0},{"x":0.0,"y":0.0}]
    },
    {
      "SourcePinAddress":{
        "PinID":5,
        "PinOwnerID":1563002162
      },
      "TargetPinAddress":{
        "PinID":1048891278,
        "PinOwnerID":1535709648
      },
      "ConnectionType":0,
      "ConnectedWireIndex":-1,
      "ConnectedWireSegmentIndex":-1,
      "Points":[{"x":0.0,"y":0.0},{"x":0.0,"y":0.0}]
    },
    {
      "SourcePinAddress":{
        "PinID":6,
        "PinOwnerID":1563002162
      },
      "TargetPinAddress":{
        "PinID":143336155,
        "PinOwnerID":1535709648
      },
      "ConnectionType":0,
      "ConnectedWireIndex":-1,
      "ConnectedWireSegmentIndex":-1,
      "Points":[{"x":0.0,"y":0.0},{"x":9.03513,"y":-4.91556},{"x":0.0,"y":0.0}]
    },
    {
      "SourcePinAddress":{
        "PinID":7,
        "PinOwnerID":1563002162
      },
      "TargetPinAddress":{
        "PinID":1678651094,
        "PinOwnerID":1535709648
      },
      "ConnectionType":0,
      "ConnectedWireIndex":-1,
      "ConnectedWireSegmentIndex":-1,
      "Points":[{"x":0.0,"y":0.0},{"x":0.0,"y":0.0}]
    },
    {
      "SourcePinAddress":{
        "PinID":8,
        "PinOwnerID":1563002162
      },
      "TargetPinAddress":{
        "PinID":930515347,
        "PinOwnerID":1535709648
      },
      "ConnectionType":0,
      "ConnectedWireIndex":-1,
      "ConnectedWireSegmentIndex":-1,
      "Points":[{"x":0.0,"y":0.0},{"x":0.0,"y":0.0}]
    },
    {
      "SourcePinAddress":{
        "PinID":1949838215,
        "PinOwnerID":2003319437
      },
      "TargetPinAddress":{
        "PinID":1660214207,
        "PinOwnerID":793612170
      },
      "ConnectionType":0,
      "ConnectedWireIndex":-1,
      "ConnectedWireSegmentIndex":-1,
      "Points":[{"x":0.0,"y":0.0},{"x":0.0,"y":0.0}]
    },
    {
      "SourcePinAddress":{
        "PinID":1949838215,
        "PinOwnerID":1535709648
      },
      "TargetPinAddress":{
        "PinID":1101441429,
        "PinOwnerID":793612170
      },
      "ConnectionType":0,
      "ConnectedWireIndex":-1,
      "ConnectedWireSegmentIndex":-1,
      "Points":[{"x":0.0,"y":0.0},{"x":0.0,"y":0.0}]
    },
    {
      "SourcePinAddress":{
        "PinID":1,
        "PinOwnerID":1141147307
      },
      "TargetPinAddress":{
        "PinID":1048891278,
        "PinOwnerID":1499986833
      },
      "ConnectionType":0,
      "ConnectedWireIndex":-1,
      "ConnectedWireSegmentIndex":-1,
      "Points":[{"x":0.0,"y":0.0},{"x":9.16987,"y":-5.85059},{"x":0.0,"y":0.0}]
    },
    {
      "SourcePinAddress":{
        "PinID":2,
        "PinOwnerID":1141147307
      },
      "TargetPinAddress":{
        "PinID":143336155,
        "PinOwnerID":1499986833
      },
      "ConnectionType":0,
      "ConnectedWireIndex":-1,
      "ConnectedWireSegmentIndex":-1,
      "Points":[{"x":0.0,"y":0.0},{"x":0.0,"y":0.0}]
    },
    {
      "SourcePinAddress":{
        "PinID":3,
        "PinOwnerID":1141147307
      },
      "TargetPinAddress":{
        "PinID":1678651094,
        "PinOwnerID":1499986833
      },
      "ConnectionType":0,
      "ConnectedWireIndex":-1,
      "ConnectedWireSegmentIndex":-1,
      "Points":[{"x":0.0,"y":0.0},{"x":0.0,"y":0.0}]
    },
    {
      "SourcePinAddress":{
        "PinID":4,
        "PinOwnerID":1141147307
      },
      "TargetPinAddress":{
        "PinID":930515347,
        "PinOwnerID":1499986833
      },
      "ConnectionType":0,
      "ConnectedWireIndex":-1,
      "ConnectedWireSegmentIndex":-1,
      "Points":[{"x":0.0,"y":0.0},{"x":0.0,"y":0.0}]
    },
    {
      "SourcePinAddress":{
        "PinID":5,
        "PinOwnerID":1141147307
      },
      "TargetPinAddress":{
        "PinID":1048891278,
        "PinOwnerID":1387580453
      },
      "ConnectionType":0,
      "ConnectedWireIndex":-1,
      "ConnectedWireSegmentIndex":-1,
      "Points":[{"x":0.0,"y":0.0},{"x":0.0,"y":0.0}]
    },
    {
      "SourcePinAddress":{
        "PinID":6,
        "PinOwnerID":1141147307
      },
      "TargetPinAddress":{
        "PinID":143336155,
        "PinOwnerID":1387580453
      },
      "ConnectionType":0,
      "ConnectedWireIndex":-1,
      "ConnectedWireSegmentIndex":-1,
      "Points":[{"x":0.0,"y":0.0},{"x":9.18986,"y":-7.24332},{"x":0.0,"y":0.0}]
    },
    {
      "SourcePinAddress":{
        "PinID":7,
        "PinOwnerID":1141147307
      },
      "TargetPinAddress":{
        "PinID":1678651094,
        "PinOwnerID":1387580453
      },
      "ConnectionType":0,
      "ConnectedWireIndex":-1,
      "ConnectedWireSegmentIndex":-1,
      "Points":[{"x":0.0,"y":0.0},{"x":0.0,"y":0.0}]
    },
    {
      "SourcePinAddress":{
        "PinID":8,
        "PinOwnerID":1141147307
      },
      "TargetPinAddress":{
        "PinID":930515347,
        "PinOwnerID":1387580453
      },
      "ConnectionType":0,
      "ConnectedWireIndex":-1,
      "ConnectedWireSegmentIndex":-1,
      "Points":[{"x":0.0,"y":0.0},{"x":0.0,"y":0.0}]
    },
    {
      "SourcePinAddress":{
        "PinID":1949838215,
        "PinOwnerID":1499986833
      },
      "TargetPinAddress":{
        "PinID":1660214207,
        "PinOwnerID":1827486465
      },
      "ConnectionType":0,
      "ConnectedWireIndex":-1,
      "ConnectedWireSegmentIndex":-1,
      "Points":[{"x":0.0,"y":0.0},{"x":0.0,"y":0.0}]
    },
    {
      "SourcePinAddress":{
        "PinID":1949838215,
        "PinOwnerID":1387580453
      },
      "TargetPinAddress":{
        "PinID":1101441429,
        "PinOwnerID":1827486465
      },
      "ConnectionType":0,
      "ConnectedWireIndex":-1,
      "ConnectedWireSegmentIndex":-1,
      "Points":[{"x":0.0,"y":0.0},{"x":0.0,"y":0.0}]
    },
    {
      "SourcePinAddress":{
        "PinID":1797483099,
        "PinOwnerID":793612170
      },
      "TargetPinAddress":{
        "PinID":2,
        "PinOwnerID":1211006122
      },
      "ConnectionType":0,
      "ConnectedWireIndex":-1,
      "ConnectedWireSegmentIndex":-1,
      "Points":[{"x":0.0,"y":0.0},{"x":11.16063,"y":-4.46908},{"x":11.16063,"y":1.75706},{"x":8.0927,"y":1.75706},{"x":8.0927,"y":5.53061},{"x":0.0,"y":0.0}]
    },
    {
      "SourcePinAddress":{
        "PinID":1797483099,
        "PinOwnerID":1827486465
      },
      "TargetPinAddress":{
        "PinID":4,
        "PinOwnerID":1211006122
      },
      "ConnectionType":0,
      "ConnectedWireIndex":-1,
      "ConnectedWireSegmentIndex":-1,
      "Points":[{"x":0.0,"y":0.0},{"x":11.39868,"y":-6.79685},{"x":11.39868,"y":1.50795},{"x":8.0275,"y":1.50795},{"x":8.0275,"y":5.02081},{"x":0.0,"y":0.0}]
    },
    {
      "SourcePinAddress":{
        "PinID":5,
        "PinOwnerID":35421287
      },
      "TargetPinAddress":{
        "PinID":1048891278,
        "PinOwnerID":1244989852
      },
      "ConnectionType":0,
      "ConnectedWireIndex":-1,
      "ConnectedWireSegmentIndex":-1,
      "Points":[{"x":0.0,"y":0.0},{"x":0.0,"y":0.0}]
    },
    {
      "SourcePinAddress":{
        "PinID":6,
        "PinOwnerID":35421287
      },
      "TargetPinAddress":{
        "PinID":143336155,
        "PinOwnerID":1244989852
      },
      "ConnectionType":0,
      "ConnectedWireIndex":-1,
      "ConnectedWireSegmentIndex":-1,
      "Points":[{"x":0.0,"y":0.0},{"x":9.27441,"y":-9.56938},{"x":0.0,"y":0.0}]
    },
    {
      "SourcePinAddress":{
        "PinID":7,
        "PinOwnerID":35421287
      },
      "TargetPinAddress":{
        "PinID":1678651094,
        "PinOwnerID":1244989852
      },
      "ConnectionType":0,
      "ConnectedWireIndex":-1,
      "ConnectedWireSegmentIndex":-1,
      "Points":[{"x":0.0,"y":0.0},{"x":0.0,"y":0.0}]
    },
    {
      "SourcePinAddress":{
        "PinID":8,
        "PinOwnerID":35421287
      },
      "TargetPinAddress":{
        "PinID":930515347,
        "PinOwnerID":1244989852
      },
      "ConnectionType":0,
      "ConnectedWireIndex":-1,
      "ConnectedWireSegmentIndex":-1,
      "Points":[{"x":0.0,"y":0.0},{"x":0.0,"y":0.0}]
    },
    {
      "SourcePinAddress":{
        "PinID":1949838215,
        "PinOwnerID":1244989852
      },
      "TargetPinAddress":{
        "PinID":1101441429,
        "PinOwnerID":743249477
      },
      "ConnectionType":0,
      "ConnectedWireIndex":-1,
      "ConnectedWireSegmentIndex":-1,
      "Points":[{"x":0.0,"y":0.0},{"x":0.0,"y":0.0}]
    },
    {
      "SourcePinAddress":{
        "PinID":1,
        "PinOwnerID":1854600432
      },
      "TargetPinAddress":{
        "PinID":1048891278,
        "PinOwnerID":1958447897
      },
      "ConnectionType":0,
      "ConnectedWireIndex":-1,
      "ConnectedWireSegmentIndex":-1,
      "Points":[{"x":0.0,"y":0.0},{"x":9.23168,"y":-10.47583},{"x":0.0,"y":0.0}]
    },
    {
      "SourcePinAddress":{
        "PinID":2,
        "PinOwnerID":1854600432
      },
      "TargetPinAddress":{
        "PinID":143336155,
        "PinOwnerID":1958447897
      },
      "ConnectionType":0,
      "ConnectedWireIndex":-1,
      "ConnectedWireSegmentIndex":-1,
      "Points":[{"x":0.0,"y":0.0},{"x":0.0,"y":0.0}]
    },
    {
      "SourcePinAddress":{
        "PinID":3,
        "PinOwnerID":1854600432
      },
      "TargetPinAddress":{
        "PinID":1678651094,
        "PinOwnerID":1958447897
      },
      "ConnectionType":0,
      "ConnectedWireIndex":-1,
      "ConnectedWireSegmentIndex":-1,
      "Points":[{"x":0.0,"y":0.0},{"x":0.0,"y":0.0}]
    },
    {
      "SourcePinAddress":{
        "PinID":4,
        "PinOwnerID":1854600432
      },
      "TargetPinAddress":{
        "PinID":930515347,
        "PinOwnerID":1958447897
      },
      "ConnectionType":0,
      "ConnectedWireIndex":-1,
      "ConnectedWireSegmentIndex":-1,
      "Points":[{"x":0.0,"y":0.0},{"x":0.0,"y":0.0}]
    },
    {
      "SourcePinAddress":{
        "PinID":5,
        "PinOwnerID":1854600432
      },
      "TargetPinAddress":{
        "PinID":1048891278,
        "PinOwnerID":1794713709
      },
      "ConnectionType":0,
      "ConnectedWireIndex":-1,
      "ConnectedWireSegmentIndex":-1,
      "Points":[{"x":0.0,"y":0.0},{"x":0.0,"y":0.0}]
    },
    {
      "SourcePinAddress":{
        "PinID":6,
        "PinOwnerID":1854600432
      },
      "TargetPinAddress":{
        "PinID":143336155,
        "PinOwnerID":1794713709
      },
      "ConnectionType":0,
      "ConnectedWireIndex":-1,
      "ConnectedWireSegmentIndex":-1,
      "Points":[{"x":0.0,"y":0.0},{"x":9.25167,"y":-11.86856},{"x":0.0,"y":0.0}]
    },
    {
      "SourcePinAddress":{
        "PinID":7,
        "PinOwnerID":1854600432
      },
      "TargetPinAddress":{
        "PinID":1678651094,
        "PinOwnerID":1794713709
      },
      "ConnectionType":0,
      "ConnectedWireIndex":-1,
      "ConnectedWireSegmentIndex":-1,
      "Points":[{"x":0.0,"y":0.0},{"x":0.0,"y":0.0}]
    },
    {
      "SourcePinAddress":{
        "PinID":8,
        "PinOwnerID":1854600432
      },
      "TargetPinAddress":{
        "PinID":930515347,
        "PinOwnerID":1794713709
      },
      "ConnectionType":0,
      "ConnectedWireIndex":-1,
      "ConnectedWireSegmentIndex":-1,
      "Points":[{"x":0.0,"y":0.0},{"x":0.0,"y":0.0}]
    },
    {
      "SourcePinAddress":{
        "PinID":1949838215,
        "PinOwnerID":1958447897
      },
      "TargetPinAddress":{
        "PinID":1660214207,
        "PinOwnerID":1104884601
      },
      "ConnectionType":0,
      "ConnectedWireIndex":-1,
      "ConnectedWireSegmentIndex":-1,
      "Points":[{"x":0.0,"y":0.0},{"x":0.0,"y":0.0}]
    },
    {
      "SourcePinAddress":{
        "PinID":1949838215,
        "PinOwnerID":1794713709
      },
      "TargetPinAddress":{
        "PinID":1101441429,
        "PinOwnerID":1104884601
      },
      "ConnectionType":0,
      "ConnectedWireIndex":-1,
      "ConnectedWireSegmentIndex":-1,
      "Points":[{"x":0.0,"y":0.0},{"x":0.0,"y":0.0}]
    },
    {
      "SourcePinAddress":{
        "PinID":1797483099,
        "PinOwnerID":743249477
      },
      "TargetPinAddress":{
        "PinID":3,
        "PinOwnerID":1211006122
      },
      "ConnectionType":0,
      "ConnectedWireIndex":-1,
      "ConnectedWireSegmentIndex":-1,
      "Points":[{"x":0.0,"y":0.0},{"x":11.52057,"y":-9.1229},{"x":11.52057,"y":1.40698},{"x":7.90397,"y":1.40698},{"x":7.90397,"y":5.24867},{"x":0.0,"y":0.0}]
    },
    {
      "SourcePinAddress":{
        "PinID":1797483099,
        "PinOwnerID":1104884601
      },
      "TargetPinAddress":{
        "PinID":1,
        "PinOwnerID":1211006122
      },
      "ConnectionType":0,
      "ConnectedWireIndex":-1,
      "ConnectedWireSegmentIndex":-1,
      "Points":[{"x":0.0,"y":0.0},{"x":11.62374,"y":-11.47108},{"x":11.62374,"y":1.34842},{"x":7.7906,"y":1.34842},{"x":7.7906,"y":5.72043},{"x":0.0,"y":0.0}]
    },
    {
      "SourcePinAddress":{
        "PinID":887990090,
        "PinOwnerID":915397178
      },
      "TargetPinAddress":{
        "PinID":0,
        "PinOwnerID":1211006122
      },
      "ConnectionType":0,
      "ConnectedWireIndex":-1,
      "ConnectedWireSegmentIndex":-1,
      "Points":[{"x":0.0,"y":0.0},{"x":11.87857,"y":-4.58584},{"x":11.87857,"y":2.16628},{"x":7.5299,"y":2.16628},{"x":7.5299,"y":6.18722},{"x":0.0,"y":0.0}]
    },
    {
      "SourcePinAddress":{
        "PinID":6,
        "PinOwnerID":1211006122
      },
      "TargetPinAddress":{
        "PinID":7,
        "PinOwnerID":1381251811
      },
      "ConnectionType":0,
      "ConnectedWireIndex":-1,
      "ConnectedWireSegmentIndex":-1,
      "Points":[{"x":0.0,"y":0.0},{"x":11.59137,"y":5.47043},{"x":11.59137,"y":6.54528},{"x":0.0,"y":0.0}]
    },
    {
      "SourcePinAddress":{
        "PinID":8,
        "PinOwnerID":1381251811
      },
      "TargetPinAddress":{
        "PinID":1875128529,
        "PinOwnerID":915397178
      },
      "ConnectionType":0,
      "ConnectedWireIndex":-1,
      "ConnectedWireSegmentIndex":-1,
      "Points":[{"x":0.0,"y":0.0},{"x":2.4018,"y":7.43997},{"x":2.4018,"y":6.25716},{"x":-4.96708,"y":6.25716},{"x":-4.96708,"y":0.25167},{"x":0.0,"y":0.0}]
    },
    {
      "SourcePinAddress":{
        "PinID":0,
        "PinOwnerID":1875491507
      },
      "TargetPinAddress":{
        "PinID":1660214207,
        "PinOwnerID":645106368
      },
      "ConnectionType":0,
      "ConnectedWireIndex":-1,
      "ConnectedWireSegmentIndex":-1,
      "Points":[{"x":0.0,"y":0.0},{"x":-2.92118,"y":2.36546},{"x":-2.92118,"y":4.54745},{"x":0.0,"y":0.0}]
    },
    {
      "SourcePinAddress":{
        "PinID":0,
        "PinOwnerID":1875491507
      },
      "TargetPinAddress":{
        "PinID":1665646808,
        "PinOwnerID":915397178
      },
      "ConnectionType":1,
      "ConnectedWireIndex":117,
      "ConnectedWireSegmentIndex":1,
      "Points":[{"x":-2.92118,"y":2.3758},{"x":-2.92118,"y":-2.86719},{"x":0.0,"y":0.0}]
    },
    {
      "SourcePinAddress":{
        "PinID":1947734511,
        "PinOwnerID":915397178
      },
      "TargetPinAddress":{
        "PinID":0,
        "PinOwnerID":674055197
      },
      "ConnectionType":0,
      "ConnectedWireIndex":-1,
      "ConnectedWireSegmentIndex":-1,
      "Points":[{"x":0.0,"y":0.0},{"x":6.41259,"y":0.37249},{"x":6.41259,"y":-2.11048},{"x":0.0,"y":0.0}]
    },
    {
      "SourcePinAddress":{
        "PinID":1220033149,
        "PinOwnerID":915397178
      },
      "TargetPinAddress":{
        "PinID":0,
        "PinOwnerID":1942526049
      },
      "ConnectionType":0,
      "ConnectedWireIndex":-1,
      "ConnectedWireSegmentIndex":-1,
      "Points":[{"x":0.0,"y":0.0},{"x":5.01528,"y":-1.04418},{"x":5.45387,"y":-1.04418},{"x":5.45387,"y":7.16883},{"x":2.92945,"y":7.16883},{"x":2.92945,"y":9.91284},{"x":0.0,"y":0.0}]
    },
    {
      "SourcePinAddress":{
        "PinID":1831171047,
        "PinOwnerID":915397178
      },
      "TargetPinAddress":{
        "PinID":0,
        "PinOwnerID":35421287
      },
      "ConnectionType":0,
      "ConnectedWireIndex":-1,
      "ConnectedWireSegmentIndex":-1,
      "Points":[{"x":0.0,"y":0.0},{"x":3.95655,"y":-3.16918},{"x":3.95655,"y":-9.04655},{"x":0.0,"y":0.0}]
    },
    {
      "SourcePinAddress":{
        "PinID":1346367552,
        "PinOwnerID":915397178
      },
      "TargetPinAddress":{
        "PinID":0,
        "PinOwnerID":1854600432
      },
      "ConnectionType":0,
      "ConnectedWireIndex":-1,
      "ConnectedWireSegmentIndex":-1,
      "Points":[{"x":0.0,"y":0.0},{"x":4.49683,"y":-3.87751},{"x":4.49683,"y":-11.32654},{"x":0.0,"y":0.0}]
    },
    {
      "SourcePinAddress":{
        "PinID":1266940756,
        "PinOwnerID":915397178
      },
      "TargetPinAddress":{
        "PinID":0,
        "PinOwnerID":1141147307
      },
      "ConnectionType":0,
      "ConnectedWireIndex":-1,
      "ConnectedWireSegmentIndex":-1,
      "Points":[{"x":0.0,"y":0.0},{"x":5.21,"y":-2.46084},{"x":5.21,"y":-6.74494},{"x":0.0,"y":0.0}]
    },
    {
      "SourcePinAddress":{
        "PinID":942075455,
        "PinOwnerID":915397178
      },
      "TargetPinAddress":{
        "PinID":0,
        "PinOwnerID":42815371
      },
      "ConnectionType":0,
      "ConnectedWireIndex":-1,
      "ConnectedWireSegmentIndex":-1,
      "Points":[{"x":0.0,"y":0.0},{"x":7.05282,"y":-0.33584},{"x":7.05282,"y":0.2403},{"x":0.0,"y":0.0}]
    },
    {
      "SourcePinAddress":{
        "PinID":1482314318,
        "PinOwnerID":915397178
      },
      "TargetPinAddress":{
        "PinID":0,
        "PinOwnerID":1563002162
      },
      "ConnectionType":0,
      "ConnectedWireIndex":-1,
      "ConnectedWireSegmentIndex":-1,
      "Points":[{"x":0.0,"y":0.0},{"x":5.76089,"y":-1.73761},{"x":5.76089,"y":-4.40274},{"x":6.05724,"y":-4.40274},{"x":0.0,"y":0.0}]
    },
    {
      "SourcePinAddress":{
        "PinID":0,
        "PinOwnerID":2070717639
      },
      "TargetPinAddress":{
        "PinID":4,
        "PinOwnerID":817534974
      },
      "ConnectionType":0,
      "ConnectedWireIndex":-1,
      "ConnectedWireSegmentIndex":-1,
      "Points":[{"x":0.0,"y":0.0},{"x":2.69551,"y":3.37018},{"x":2.69551,"y":4.28717},{"x":0.0,"y":0.0}]
    },
    {
      "SourcePinAddress":{
        "PinID":1797483099,
        "PinOwnerID":1209959200
      },
      "TargetPinAddress":{
        "PinID":198537343,
        "PinOwnerID":1049210109
      },
      "ConnectionType":0,
      "ConnectedWireIndex":-1,
      "ConnectedWireSegmentIndex":-1,
      "Points":[{"x":0.0,"y":0.0},{"x":10.99612,"y":-2.1699},{"x":10.99612,"y":1.90129},{"x":7.24142,"y":1.90129},{"x":7.24142,"y":8.11222},{"x":5.04573,"y":8.11222},{"x":5.04573,"y":8.44603},{"x":0.0,"y":0.0}]
    },
    {
      "SourcePinAddress":{
        "PinID":1797483099,
        "PinOwnerID":1176042369
      },
      "TargetPinAddress":{
        "PinID":2121070757,
        "PinOwnerID":1049210109
      },
      "ConnectionType":0,
      "ConnectedWireIndex":-1,
      "ConnectedWireSegmentIndex":-1,
      "Points":[{"x":0.0,"y":0.0},{"x":10.79965,"y":0.13794},{"x":10.79965,"y":1.32944},{"x":7.19041,"y":1.32944},{"x":7.19041,"y":8.04546},{"x":4.89552,"y":8.04546},{"x":4.89552,"y":8.65876},{"x":0.0,"y":0.0}]
    },
    {
      "SourcePinAddress":{
        "PinID":988570407,
        "PinOwnerID":915397178
      },
      "TargetPinAddress":{
        "PinID":0,
        "PinOwnerID":614705472
      },
      "ConnectionType":0,
      "ConnectedWireIndex":-1,
      "ConnectedWireSegmentIndex":-1,
      "Points":[{"x":0.0,"y":0.0},{"x":12.27777,"y":-4.80606},{"x":12.27777,"y":1.55878},{"x":17.71096,"y":1.55878},{"x":0.0,"y":0.0}]
    }
  ],
  "Displays": null
}