{
  "DLSVersion": "2.1.6",
  "Name": "MS D LATCH",
  "NameLocation": 0,
  "ChipType": 0,
  "Size": {
    "x": 1.025,
    "y": 0.5
  },
  "Colour": {
    "r": 0.273608148,
    "g": 0.266098,
    "b": 0.117384635,
    "a": 1
  },
  "InputPins":[
    {
      "Name":"DATA",
      "ID":181944440,
      "Position":{
        "x":1.39027,
        "y":-1.06059
      },
      "BitCount":1,
      "Colour":0,
      "ValueDisplayMode":0
    },
    {
      "Name":"STORE",
      "ID":932425908,
      "Position":{
        "x":1.38384,
        "y":-1.57521
      },
      "BitCount":1,
      "Colour":0,
      "ValueDisplayMode":0
    }
  ],
  "OutputPins":[
    {
      "Name":"OUT",
      "ID":1240096569,
      "Position":{
        "x":8.64549,
        "y":-1.09524
      },
      "BitCount":1,
      "Colour":0,
      "ValueDisplayMode":0
    }
  ],
  "SubChips":[
    {
      "Name":"D LATCH",
      "ID":871865427,
      "Label":"",
      "Position":{
        "x":7.05313,
        "y":-1.11619
      },
      "OutputPinColourInfo":[{"PinColour":0,"PinID":1694251267}],
      "InternalData":null
    },
    {
      "Name":"D LATCH",
      "ID":1903783606,
      "Label":"",
      "Position":{
        "x":5.35669,
        "y":-1.38122
      },
      "OutputPinColourInfo":[{"PinColour":0,"PinID":1694251267}],
      "InternalData":null
    },
    {
      "Name":"NOT",
      "ID":976096876,
      "Label":"",
      "Position":{
        "x":3.49722,
        "y":-0.65538
      },
      "OutputPinColourInfo":[{"PinColour":0,"PinID":14895395}],
      "InternalData":null
    }
  ],
  "Wires":[
    {
      "SourcePinAddress":{
        "PinID":1694251267,
        "PinOwnerID":1903783606
      },
      "TargetPinAddress":{
        "PinID":1654879260,
        "PinOwnerID":871865427
      },
      "ConnectionType":0,
      "ConnectedWireIndex":-1,
      "ConnectedWireSegmentIndex":-1,
      "Points":[{"x":0.0,"y":0.0},{"x":0.0,"y":0.0}]
    },
    {
      "SourcePinAddress":{
        "PinID":14895395,
        "PinOwnerID":976096876
      },
      "TargetPinAddress":{
        "PinID":2125353138,
        "PinOwnerID":1903783606
      },
      "ConnectionType":0,
      "ConnectedWireIndex":-1,
      "ConnectedWireSegmentIndex":-1,
      "Points":[{"x":0.0,"y":0.0},{"x":0.0,"y":0.0}]
    },
    {
      "SourcePinAddress":{
        "PinID":0,
        "PinOwnerID":932425908
      },
      "TargetPinAddress":{
        "PinID":2030901329,
        "PinOwnerID":976096876
      },
      "ConnectionType":0,
      "ConnectedWireIndex":-1,
      "ConnectedWireSegmentIndex":-1,
      "Points":[{"x":0.0,"y":0.0},{"x":0.0,"y":0.0}]
    },
    {
      "SourcePinAddress":{
        "PinID":0,
        "PinOwnerID":181944440
      },
      "TargetPinAddress":{
        "PinID":1654879260,
        "PinOwnerID":1903783606
      },
      "ConnectionType":0,
      "ConnectedWireIndex":-1,
      "ConnectedWireSegmentIndex":-1,
      "Points":[{"x":0.0,"y":0.0},{"x":0.0,"y":0.0}]
    },
    {
      "SourcePinAddress":{
        "PinID":0,
        "PinOwnerID":932425908
      },
      "TargetPinAddress":{
        "PinID":2125353138,
        "PinOwnerID":871865427
      },
      "ConnectionType":0,
      "ConnectedWireIndex":-1,
      "ConnectedWireSegmentIndex":-1,
      "Points":[{"x":0.0,"y":0.0},{"x":0.0,"y":0.0}]
    },
    {
      "SourcePinAddress":{
        "PinID":1694251267,
        "PinOwnerID":871865427
      },
      "TargetPinAddress":{
        "PinID":0,
        "PinOwnerID":1240096569
      },
      "ConnectionType":0,
      "ConnectedWireIndex":-1,
      "ConnectedWireSegmentIndex":-1,
      "Points":[{"x":0.0,"y":0.0},{"x":0.0,"y":0.0}]
    }
  ],
  "Displays": null
}