{
  "DLSVersion": "2.1.6",
  "Name": "MS D LATCH WITH CLR",
  "NameLocation": 0,
  "ChipType": 0,
  "Size": {
    "x": 1.7,
    "y": 0.75
  },
  "Colour": {
    "r": 0.125722632,
    "g": 0.280653864,
    "b": 0.221326977,
    "a": 1
  },
  "InputPins":[
    {
      "Name":"DATA",
      "ID":1761855297,
      "Position":{
        "x":2.4695,
        "y":-0.15968
      },
      "BitCount":1,
      "Colour":0,
      "ValueDisplayMode":0
    },
    {
      "Name":"STORE",
      "ID":890107289,
      "Position":{
        "x":2.47914,
        "y":-0.75176
      },
      "BitCount":1,
      "Colour":0,
      "ValueDisplayMode":0
    },
    {
      "Name":"CLR",
      "ID":274702613,
      "Position":{
        "x":2.49841,
        "y":-1.36312
      },
      "BitCount":1,
      "Colour":0,
      "ValueDisplayMode":0
    }
  ],
  "OutputPins":[
    {
      "Name":"OUT",
      "ID":995919985,
      "Position":{
        "x":10.7267,
        "y":-0.63914
      },
      "BitCount":1,
      "Colour":0,
      "ValueDisplayMode":0
    }
  ],
  "SubChips":[
    {
      "Name":"D LATCH WITH CLR",
      "ID":827754390,
      "Label":"",
      "Position":{
        "x":5.88831,
        "y":-1.63646
      },
      "OutputPinColourInfo":[{"PinColour":0,"PinID":1428065560}],
      "InternalData":null
    },
    {
      "Name":"D LATCH WITH CLR",
      "ID":531548929,
      "Label":"",
      "Position":{
        "x":7.64157,
        "y":-0.76362
      },
      "OutputPinColourInfo":[{"PinColour":0,"PinID":1428065560}],
      "InternalData":null
    },
    {
      "Name":"NOT",
      "ID":405392983,
      "Label":"",
      "Position":{
        "x":5.93685,
        "y":-0.02494
      },
      "OutputPinColourInfo":[{"PinColour":0,"PinID":14895395}],
      "InternalData":null
    }
  ],
  "Wires":[
    {
      "SourcePinAddress":{
        "PinID":0,
        "PinOwnerID":1761855297
      },
      "TargetPinAddress":{
        "PinID":295787969,
        "PinOwnerID":827754390
      },
      "ConnectionType":0,
      "ConnectedWireIndex":-1,
      "ConnectedWireSegmentIndex":-1,
      "Points":[{"x":0.0,"y":0.0},{"x":0.0,"y":0.0}]
    },
    {
      "SourcePinAddress":{
        "PinID":1428065560,
        "PinOwnerID":827754390
      },
      "TargetPinAddress":{
        "PinID":295787969,
        "PinOwnerID":531548929
      },
      "ConnectionType":0,
      "ConnectedWireIndex":-1,
      "ConnectedWireSegmentIndex":-1,
      "Points":[{"x":0.0,"y":0.0},{"x":0.0,"y":0.0}]
    },
    {
      "SourcePinAddress":{
        "PinID":1428065560,
        "PinOwnerID":531548929
      },
      "TargetPinAddress":{
        "PinID":0,
        "PinOwnerID":995919985
      },
      "ConnectionType":0,
      "ConnectedWireIndex":-1,
      "ConnectedWireSegmentIndex":-1,
      "Points":[{"x":0.0,"y":0.0},{"x":0.0,"y":0.0}]
    },
    {
      "SourcePinAddress":{
        "PinID":0,
        "PinOwnerID":890107289
      },
      "TargetPinAddress":{
        "PinID":659245764,
        "PinOwnerID":827754390
      },
      "ConnectionType":0,
      "ConnectedWireIndex":-1,
      "ConnectedWireSegmentIndex":-1,
      "Points":[{"x":0.0,"y":0.0},{"x":0.0,"y":0.0}]
    },
    {
      "SourcePinAddress":{
        "PinID":0,
        "PinOwnerID":890107289
      },
      "TargetPinAddress":{
        "PinID":2030901329,
        "PinOwnerID":405392983
      },
      "ConnectionType":0,
      "ConnectedWireIndex":-1,
      "ConnectedWireSegmentIndex":-1,
      "Points":[{"x":0.0,"y":0.0},{"x":0.0,"y":0.0}]
    },
    {
      "SourcePinAddress":{
        "PinID":14895395,
        "PinOwnerID":405392983
      },
      "TargetPinAddress":{
        "PinID":659245764,
        "PinOwnerID":531548929
      },
      "ConnectionType":0,
      "ConnectedWireIndex":-1,
      "ConnectedWireSegmentIndex":-1,
      "Points":[{"x":0.0,"y":0.0},{"x":0.0,"y":0.0}]
    },
    {
      "SourcePinAddress":{
        "PinID":0,
        "PinOwnerID":274702613
      },
      "TargetPinAddress":{
        "PinID":1717225462,
        "PinOwnerID":827754390
      },
      "ConnectionType":0,
      "ConnectedWireIndex":-1,
      "ConnectedWireSegmentIndex":-1,
      "Points":[{"x":0.0,"y":0.0},{"x":0.0,"y":0.0}]
    }
  ],
  "Displays": null
}