{
  "DLSVersion": "2.1.6",
  "Name": "NOR",
  "NameLocation": 0,
  "ChipType": 0,
  "Size": {
    "x": 0.575,
    "y": 0.5
  },
  "Colour": {
    "r": 0.204367459,
    "g": 0.146405563,
    "b": 0.199912965,
    "a": 1
  },
  "InputPins":[
    {
      "Name":"IN",
      "ID":1280148930,
      "Position":{
        "x":-3.11189,
        "y":-2.889
      },
      "BitCount":1,
      "Colour":0,
      "ValueDisplayMode":0
    },
    {
      "Name":"IN",
      "ID":230078155,
      "Position":{
        "x":-3.11189,
        "y":-3.404
      },
      "BitCount":1,
      "Colour":0,
      "ValueDisplayMode":0
    }
  ],
  "OutputPins":[
    {
      "Name":"OUT",
      "ID":2137381140,
      "Position":{
        "x":0.79232,
        "y":-3.14928
      },
      "BitCount":1,
      "Colour":0,
      "ValueDisplayMode":0
    }
  ],
  "SubChips":[
    {
      "Name":"OR",
      "ID":1096498089,
      "Label":"",
      "Position":{
        "x":-1.59025,
        "y":-3.07587
      },
      "OutputPinColourInfo":[{"PinColour":0,"PinID":1797483099}],
      "InternalData":null
    },
    {
      "Name":"NOT",
      "ID":1524800489,
      "Label":"",
      "Position":{
        "x":-0.7093,
        "y":-3.05585
      },
      "OutputPinColourInfo":[{"PinColour":0,"PinID":14895395}],
      "InternalData":null
    }
  ],
  "Wires":[
    {
      "SourcePinAddress":{
        "PinID":0,
        "PinOwnerID":1280148930
      },
      "TargetPinAddress":{
        "PinID":1660214207,
        "PinOwnerID":1096498089
      },
      "ConnectionType":0,
      "ConnectedWireIndex":-1,
      "ConnectedWireSegmentIndex":-1,
      "Points":[{"x":0.0,"y":0.0},{"x":0.0,"y":0.0}]
    },
    {
      "SourcePinAddress":{
        "PinID":0,
        "PinOwnerID":230078155
      },
      "TargetPinAddress":{
        "PinID":1101441429,
        "PinOwnerID":1096498089
      },
      "ConnectionType":0,
      "ConnectedWireIndex":-1,
      "ConnectedWireSegmentIndex":-1,
      "Points":[{"x":0.0,"y":0.0},{"x":0.0,"y":0.0}]
    },
    {
      "SourcePinAddress":{
        "PinID":1797483099,
        "PinOwnerID":1096498089
      },
      "TargetPinAddress":{
        "PinID":2030901329,
        "PinOwnerID":1524800489
      },
      "ConnectionType":0,
      "ConnectedWireIndex":-1,
      "ConnectedWireSegmentIndex":-1,
      "Points":[{"x":0.0,"y":0.0},{"x":0.0,"y":0.0}]
    },
    {
      "SourcePinAddress":{
        "PinID":14895395,
        "PinOwnerID":1524800489
      },
      "TargetPinAddress":{
        "PinID":0,
        "PinOwnerID":2137381140
      },
      "ConnectionType":0,
      "ConnectedWireIndex":-1,
      "ConnectedWireSegmentIndex":-1,
      "Points":[{"x":0.0,"y":0.0},{"x":0.0,"y":0.0}]
    }
  ],
  "Displays": null
}