{
  "DLSVersion": "2.1.6",
  "Name": "OR",
  "NameLocation": 0,
  "ChipType": 0,
  "Size": {
    "x": 0.425,
    "y": 0.5
  },
  "Colour": {
    "r": 0.0746536851,
    "g": 0.5244671,
    "b": 0.1631968,
    "a": 1
  },
  "InputPins":[
    {
      "Name":"IN",
      "ID":1660214207,
      "Position":{
        "x":-4.07293,
        "y":-2.48857
      },
      "BitCount":1,
      "Colour":0,
      "ValueDisplayMode":0
    },
    {
      "Name":"IN",
      "ID":1101441429,
      "Position":{
        "x":-4.07293,
        "y":-3.00357
      },
      "BitCount":1,
      "Colour":0,
      "ValueDisplayMode":0
    }
  ],
  "OutputPins":[
    {
      "Name":"OUT",
      "ID":1797483099,
      "Position":{
        "x":0.4653,
        "y":-2.7622
      },
      "BitCount":1,
      "Colour":0,
      "ValueDisplayMode":0
    }
  ],
  "SubChips":[
    {
      "Name":"NOT",
      "ID":2126666074,
      "Label":"",
      "Position":{
        "x":-2.35774,
        "y":-2.50192
      },
      "OutputPinColourInfo":[{"PinColour":0,"PinID":14895395}],
      "InternalData":null
    },
    {
      "Name":"NOT",
      "ID":1743968134,
      "Label":"",
      "Position":{
        "x":-2.33772,
        "y":-2.98244
      },
      "OutputPinColourInfo":[{"PinColour":0,"PinID":14895395}],
      "InternalData":null
    },
    {
      "Name":"NAND",
      "ID":126717240,
      "Label":"",
      "Position":{
        "x":-1.15645,
        "y":-2.74885
      },
      "OutputPinColourInfo":[{"PinColour":0,"PinID":2}],
      "InternalData":null
    }
  ],
  "Wires":[
    {
      "SourcePinAddress":{
        "PinID":14895395,
        "PinOwnerID":2126666074
      },
      "TargetPinAddress":{
        "PinID":0,
        "PinOwnerID":126717240
      },
      "ConnectionType":0,
      "ConnectedWireIndex":-1,
      "ConnectedWireSegmentIndex":-1,
      "Points":[{"x":0.0,"y":0.0},{"x":0.0,"y":0.0}]
    },
    {
      "SourcePinAddress":{
        "PinID":14895395,
        "PinOwnerID":1743968134
      },
      "TargetPinAddress":{
        "PinID":1,
        "PinOwnerID":126717240
      },
      "ConnectionType":0,
      "ConnectedWireIndex":-1,
      "ConnectedWireSegmentIndex":-1,
      "Points":[{"x":0.0,"y":0.0},{"x":0.0,"y":0.0}]
    },
    {
      "SourcePinAddress":{
        "PinID":0,
        "PinOwnerID":1660214207
      },
      "TargetPinAddress":{
        "PinID":2030901329,
        "PinOwnerID":2126666074
      },
      "ConnectionType":0,
      "ConnectedWireIndex":-1,
      "ConnectedWireSegmentIndex":-1,
      "Points":[{"x":0.0,"y":0.0},{"x":0.0,"y":0.0}]
    },
    {
      "SourcePinAddress":{
        "PinID":0,
        "PinOwnerID":1101441429
      },
      "TargetPinAddress":{
        "PinID":2030901329,
        "PinOwnerID":1743968134
      },
      "ConnectionType":0,
      "ConnectedWireIndex":-1,
      "ConnectedWireSegmentIndex":-1,
      "Points":[{"x":0.0,"y":0.0},{"x":0.0,"y":0.0}]
    },
    {
      "SourcePinAddress":{
        "PinID":2,
        "PinOwnerID":126717240
      },
      "TargetPinAddress":{
        "PinID":0,
        "PinOwnerID":1797483099
      },
      "ConnectionType":0,
      "ConnectedWireIndex":-1,
      "ConnectedWireSegmentIndex":-1,
      "Points":[{"x":0.0,"y":0.0},{"x":0.0,"y":0.0}]
    }
  ],
  "Displays": null
}