{
  "DLSVersion": "2.1.6",
  "Name": "PC",
  "NameLocation": 0,
  "ChipType": 0,
  "Size": {
    "x": 3.94352,
    "y": 4.5
  },
  "Colour": {
    "r": 0.910804451,
    "g": 0.79187113,
    "b": 0.26693815,
    "a": 1
  },
  "InputPins":[
    {
      "Name":"RET ADDRESS bit9",
      "ID":34209168,
      "Position":{
        "x":-18.15378,
        "y":-12.32739
      },
      "BitCount":1,
      "Colour":0,
      "ValueDisplayMode":0
    },
    {
      "Name":"RET ADDRESS bit8",
      "ID":878862483,
      "Position":{
        "x":-18.14718,
        "y":-12.8633
      },
      "BitCount":1,
      "Colour":0,
      "ValueDisplayMode":0
    },
    {
      "Name":"RET ADDRESS 0~7",
      "ID":622499166,
      "Position":{
        "x":-18.1523,
        "y":-13.9752
      },
      "BitCount":8,
      "Colour":0,
      "ValueDisplayMode":0
    },
    {
      "Name":"JMP ADDRESS bit9",
      "ID":1771338899,
      "Position":{
        "x":-18.10246,
        "y":-15.49061
      },
      "BitCount":1,
      "Colour":0,
      "ValueDisplayMode":0
    },
    {
      "Name":"JMP ADDRESS bit8",
      "ID":1281459534,
      "Position":{
        "x":-18.09586,
        "y":-16.02652
      },
      "BitCount":1,
      "Colour":0,
      "ValueDisplayMode":0
    },
    {
      "Name":"JMP ADDRESS bit7",
      "ID":1011410353,
      "Position":{
        "x":-18.08506,
        "y":-16.541
      },
      "BitCount":1,
      "Colour":0,
      "ValueDisplayMode":0
    },
    {
      "Name":"JMP ADDRESS bit6",
      "ID":198874336,
      "Position":{
        "x":-18.07847,
        "y":-17.08751
      },
      "BitCount":1,
      "Colour":0,
      "ValueDisplayMode":0
    },
    {
      "Name":"JMP ADDRESS bit5",
      "ID":418321379,
      "Position":{
        "x":-18.05027,
        "y":-17.53241
      },
      "BitCount":1,
      "Colour":0,
      "ValueDisplayMode":0
    },
    {
      "Name":"JMP ADDRESS bit4",
      "ID":1394285449,
      "Position":{
        "x":-18.06107,
        "y":-18.02674
      },
      "BitCount":1,
      "Colour":0,
      "ValueDisplayMode":0
    },
    {
      "Name":"JMP ADDRESS bit3",
      "ID":25760576,
      "Position":{
        "x":-18.08506,
        "y":-18.52382
      },
      "BitCount":1,
      "Colour":0,
      "ValueDisplayMode":0
    },
    {
      "Name":"JMP ADDRESS bit2",
      "ID":1513635322,
      "Position":{
        "x":-18.07847,
        "y":-19.01815
      },
      "BitCount":1,
      "Colour":0,
      "ValueDisplayMode":0
    },
    {
      "Name":"JMP ADDRESS bit1",
      "ID":1513648291,
      "Position":{
        "x":-18.05027,
        "y":-19.48044
      },
      "BitCount":1,
      "Colour":0,
      "ValueDisplayMode":0
    },
    {
      "Name":"JMP ADDRESS bit0",
      "ID":1935856831,
      "Position":{
        "x":-18.06107,
        "y":-19.97478
      },
      "BitCount":1,
      "Colour":0,
      "ValueDisplayMode":0
    },
    {
      "Name":"JMP/RET MUX Bit1",
      "ID":733136070,
      "Position":{
        "x":-18.06107,
        "y":-21.23306
      },
      "BitCount":1,
      "Colour":0,
      "ValueDisplayMode":0
    },
    {
      "Name":"JMP/RET MUX Bit0",
      "ID":1981605602,
      "Position":{
        "x":-18.14101,
        "y":-21.84888
      },
      "BitCount":1,
      "Colour":0,
      "ValueDisplayMode":0
    },
    {
      "Name":"CLK",
      "ID":1842220269,
      "Position":{
        "x":-4.91031,
        "y":-22.90982
      },
      "BitCount":1,
      "Colour":0,
      "ValueDisplayMode":0
    },
    {
      "Name":"CLR",
      "ID":942335211,
      "Position":{
        "x":-4.92307,
        "y":-23.44971
      },
      "BitCount":1,
      "Colour":0,
      "ValueDisplayMode":0
    }
  ],
  "OutputPins":[
    {
      "Name":"Current Addr +1",
      "ID":1569634334,
      "Position":{
        "x":4.04153,
        "y":-14.3904
      },
      "BitCount":1,
      "Colour":0,
      "ValueDisplayMode":0
    },
    {
      "Name":"Current Addr +1",
      "ID":1318229604,
      "Position":{
        "x":4.01632,
        "y":-15.02949
      },
      "BitCount":1,
      "Colour":0,
      "ValueDisplayMode":0
    },
    {
      "Name":"Current Addr +1",
      "ID":84881112,
      "Position":{
        "x":4.29672,
        "y":-16.37704
      },
      "BitCount":8,
      "Colour":0,
      "ValueDisplayMode":0
    },
    {
      "Name":"OUT",
      "ID":1862635740,
      "Position":{
        "x":2.07548,
        "y":-17.67539
      },
      "BitCount":1,
      "Colour":0,
      "ValueDisplayMode":0
    },
    {
      "Name":"OUT",
      "ID":1864588046,
      "Position":{
        "x":2.09048,
        "y":-18.1875
      },
      "BitCount":1,
      "Colour":0,
      "ValueDisplayMode":0
    },
    {
      "Name":"OUT",
      "ID":110371908,
      "Position":{
        "x":2.09048,
        "y":-18.6875
      },
      "BitCount":1,
      "Colour":0,
      "ValueDisplayMode":0
    },
    {
      "Name":"OUT",
      "ID":994040985,
      "Position":{
        "x":2.09048,
        "y":-19.1875
      },
      "BitCount":1,
      "Colour":0,
      "ValueDisplayMode":0
    },
    {
      "Name":"OUT",
      "ID":714619582,
      "Position":{
        "x":2.09048,
        "y":-19.6875
      },
      "BitCount":1,
      "Colour":0,
      "ValueDisplayMode":0
    },
    {
      "Name":"OUT",
      "ID":1583040460,
      "Position":{
        "x":2.09048,
        "y":-20.1875
      },
      "BitCount":1,
      "Colour":0,
      "ValueDisplayMode":0
    },
    {
      "Name":"OUT",
      "ID":258605261,
      "Position":{
        "x":2.09048,
        "y":-20.6875
      },
      "BitCount":1,
      "Colour":0,
      "ValueDisplayMode":0
    },
    {
      "Name":"OUT",
      "ID":779515576,
      "Position":{
        "x":2.09048,
        "y":-21.1875
      },
      "BitCount":1,
      "Colour":0,
      "ValueDisplayMode":0
    },
    {
      "Name":"OUT",
      "ID":928090665,
      "Position":{
        "x":2.09048,
        "y":-21.6875
      },
      "BitCount":1,
      "Colour":0,
      "ValueDisplayMode":0
    },
    {
      "Name":"OUT",
      "ID":284811076,
      "Position":{
        "x":2.09048,
        "y":-22.1875
      },
      "BitCount":1,
      "Colour":0,
      "ValueDisplayMode":0
    }
  ],
  "SubChips":[
    {
      "Name":"FULL ADDER",
      "ID":542322171,
      "Label":"",
      "Position":{
        "x":-10.54956,
        "y":-21.8163
      },
      "OutputPinColourInfo":[{"PinColour":0,"PinID":823484302},{"PinColour":0,"PinID":995909447}],
      "InternalData":null
    },
    {
      "Name":"FULL ADDER",
      "ID":2049929819,
      "Label":"",
      "Position":{
        "x":-10.56483,
        "y":-20.9375
      },
      "OutputPinColourInfo":[{"PinColour":0,"PinID":823484302},{"PinColour":0,"PinID":995909447}],
      "InternalData":null
    },
    {
      "Name":"FULL ADDER",
      "ID":183729955,
      "Label":"",
      "Position":{
        "x":-10.56483,
        "y":-20.0625
      },
      "OutputPinColourInfo":[{"PinColour":0,"PinID":823484302},{"PinColour":0,"PinID":995909447}],
      "InternalData":null
    },
    {
      "Name":"FULL ADDER",
      "ID":1770925432,
      "Label":"",
      "Position":{
        "x":-10.56483,
        "y":-19.1875
      },
      "OutputPinColourInfo":[{"PinColour":0,"PinID":823484302},{"PinColour":0,"PinID":995909447}],
      "InternalData":null
    },
    {
      "Name":"FULL ADDER",
      "ID":1440285355,
      "Label":"",
      "Position":{
        "x":-10.56483,
        "y":-15.6875
      },
      "OutputPinColourInfo":[{"PinColour":0,"PinID":823484302},{"PinColour":0,"PinID":995909447}],
      "InternalData":null
    },
    {
      "Name":"FULL ADDER",
      "ID":399989225,
      "Label":"",
      "Position":{
        "x":-10.56483,
        "y":-16.5625
      },
      "OutputPinColourInfo":[{"PinColour":0,"PinID":823484302},{"PinColour":0,"PinID":995909447}],
      "InternalData":null
    },
    {
      "Name":"FULL ADDER",
      "ID":985259837,
      "Label":"",
      "Position":{
        "x":-10.56483,
        "y":-17.4375
      },
      "OutputPinColourInfo":[{"PinColour":0,"PinID":823484302},{"PinColour":0,"PinID":995909447}],
      "InternalData":null
    },
    {
      "Name":"FULL ADDER",
      "ID":634573189,
      "Label":"",
      "Position":{
        "x":-10.56483,
        "y":-18.3125
      },
      "OutputPinColourInfo":[{"PinColour":0,"PinID":823484302},{"PinColour":0,"PinID":995909447}],
      "InternalData":null
    },
    {
      "Name":"FULL ADDER",
      "ID":1431731916,
      "Label":"",
      "Position":{
        "x":-10.56483,
        "y":-14.8125
      },
      "OutputPinColourInfo":[{"PinColour":0,"PinID":823484302},{"PinColour":0,"PinID":995909447}],
      "InternalData":null
    },
    {
      "Name":"FULL ADDER",
      "ID":2087282404,
      "Label":"",
      "Position":{
        "x":-10.56483,
        "y":-13.9375
      },
      "OutputPinColourInfo":[{"PinColour":0,"PinID":823484302},{"PinColour":0,"PinID":995909447}],
      "InternalData":null
    },
    {
      "Name":"NOT",
      "ID":1502907134,
      "Label":"",
      "Position":{
        "x":-12.04315,
        "y":-22.93009
      },
      "OutputPinColourInfo":[{"PinColour":0,"PinID":14895395}],
      "InternalData":null
    },
    {
      "Name":"MS D LATCH WITH CLR",
      "ID":147304182,
      "Label":"",
      "Position":{
        "x":-2.94824,
        "y":-14.42683
      },
      "OutputPinColourInfo":[{"PinColour":0,"PinID":995919985}],
      "InternalData":null
    },
    {
      "Name":"MS D LATCH WITH CLR",
      "ID":2140299478,
      "Label":"",
      "Position":{
        "x":-2.97365,
        "y":-15.26524
      },
      "OutputPinColourInfo":[{"PinColour":0,"PinID":995919985}],
      "InternalData":null
    },
    {
      "Name":"MS D LATCH WITH CLR",
      "ID":1682925786,
      "Label":"",
      "Position":{
        "x":-2.95671,
        "y":-16.12906
      },
      "OutputPinColourInfo":[{"PinColour":0,"PinID":995919985}],
      "InternalData":null
    },
    {
      "Name":"MS D LATCH WITH CLR",
      "ID":837135430,
      "Label":"",
      "Position":{
        "x":-2.92283,
        "y":-17.00982
      },
      "OutputPinColourInfo":[{"PinColour":0,"PinID":995919985}],
      "InternalData":null
    },
    {
      "Name":"MS D LATCH WITH CLR",
      "ID":1388178090,
      "Label":"",
      "Position":{
        "x":-2.93888,
        "y":-17.81958
      },
      "OutputPinColourInfo":[{"PinColour":0,"PinID":995919985}],
      "InternalData":null
    },
    {
      "Name":"MS D LATCH WITH CLR",
      "ID":1883096148,
      "Label":"",
      "Position":{
        "x":-2.9697,
        "y":-18.71422
      },
      "OutputPinColourInfo":[{"PinColour":0,"PinID":995919985}],
      "InternalData":null
    },
    {
      "Name":"MS D LATCH WITH CLR",
      "ID":842901292,
      "Label":"",
      "Position":{
        "x":-2.96175,
        "y":-19.6589
      },
      "OutputPinColourInfo":[{"PinColour":0,"PinID":995919985}],
      "InternalData":null
    },
    {
      "Name":"MS D LATCH WITH CLR",
      "ID":220215862,
      "Label":"",
      "Position":{
        "x":-2.93427,
        "y":-20.55133
      },
      "OutputPinColourInfo":[{"PinColour":0,"PinID":995919985}],
      "InternalData":null
    },
    {
      "Name":"MS D LATCH WITH CLR",
      "ID":443513659,
      "Label":"",
      "Position":{
        "x":-2.92472,
        "y":-21.42233
      },
      "OutputPinColourInfo":[{"PinColour":0,"PinID":995919985}],
      "InternalData":null
    },
    {
      "Name":"MS D LATCH WITH CLR",
      "ID":313812412,
      "Label":"",
      "Position":{
        "x":-2.99628,
        "y":-22.2825
      },
      "OutputPinColourInfo":[{"PinColour":0,"PinID":995919985}],
      "InternalData":null
    },
    {
      "Name":"1-8BIT",
      "ID":1332841380,
      "Label":"",
      "Position":{
        "x":-8.80257,
        "y":-19.66866
      },
      "OutputPinColourInfo":[{"PinColour":0,"PinID":8}],
      "InternalData":null
    },
    {
      "Name":"8-1BIT",
      "ID":977688806,
      "Label":"",
      "Position":{
        "x":-5.56632,
        "y":-20.50232
      },
      "OutputPinColourInfo":[{"PinColour":0,"PinID":1},{"PinColour":0,"PinID":2},{"PinColour":0,"PinID":3},{"PinColour":0,"PinID":4},{"PinColour":0,"PinID":5},{"PinColour":0,"PinID":6},{"PinColour":0,"PinID":7},{"PinColour":0,"PinID":8}],
      "InternalData":null
    },
    {
      "Name":"1-8BIT",
      "ID":74941733,
      "Label":"",
      "Position":{
        "x":-13.95751,
        "y":-19.11562
      },
      "OutputPinColourInfo":[{"PinColour":0,"PinID":8}],
      "InternalData":null
    },
    {
      "Name":"1-8BIT",
      "ID":115374724,
      "Label":"",
      "Position":{
        "x":2.1889,
        "y":-16.32476
      },
      "OutputPinColourInfo":[{"PinColour":0,"PinID":8}],
      "InternalData":null
    },
    {
      "Name":"10B 3 way MUX",
      "ID":98844697,
      "Label":"",
      "Position":{
        "x":-7.13828,
        "y":-18.62773
      },
      "OutputPinColourInfo":[{"PinColour":0,"PinID":355827659},{"PinColour":0,"PinID":1692261661},{"PinColour":0,"PinID":1405206278}],
      "InternalData":null
    }
  ],
  "Wires":[
    {
      "SourcePinAddress":{
        "PinID":823484302,
        "PinOwnerID":2049929819
      },
      "TargetPinAddress":{
        "PinID":446244744,
        "PinOwnerID":183729955
      },
      "ConnectionType":0,
      "ConnectedWireIndex":-1,
      "ConnectedWireSegmentIndex":-1,
      "Points":[{"x":0.0,"y":0.0},{"x":-9.89007,"y":-20.6875},{"x":-9.89007,"y":-20.50299},{"x":-11.25764,"y":-20.50299},{"x":-11.25764,"y":-20.31693},{"x":0.0,"y":0.0}]
    },
    {
      "SourcePinAddress":{
        "PinID":823484302,
        "PinOwnerID":985259837
      },
      "TargetPinAddress":{
        "PinID":446244744,
        "PinOwnerID":399989225
      },
      "ConnectionType":0,
      "ConnectedWireIndex":-1,
      "ConnectedWireSegmentIndex":-1,
      "Points":[{"x":0.0,"y":0.0},{"x":-9.89007,"y":-17.1875},{"x":-9.89007,"y":-17.00299},{"x":-11.25764,"y":-17.00299},{"x":-11.25764,"y":-16.81693},{"x":0.0,"y":0.0}]
    },
    {
      "SourcePinAddress":{
        "PinID":823484302,
        "PinOwnerID":1770925432
      },
      "TargetPinAddress":{
        "PinID":446244744,
        "PinOwnerID":634573189
      },
      "ConnectionType":0,
      "ConnectedWireIndex":-1,
      "ConnectedWireSegmentIndex":-1,
      "Points":[{"x":0.0,"y":0.0},{"x":-9.85303,"y":-18.9375},{"x":-9.85303,"y":-18.76364},{"x":-11.26163,"y":-18.76364},{"x":-11.26163,"y":-18.58563},{"x":0.0,"y":0.0}]
    },
    {
      "SourcePinAddress":{
        "PinID":823484302,
        "PinOwnerID":1440285355
      },
      "TargetPinAddress":{
        "PinID":446244744,
        "PinOwnerID":1431731916
      },
      "ConnectionType":0,
      "ConnectedWireIndex":-1,
      "ConnectedWireSegmentIndex":-1,
      "Points":[{"x":0.0,"y":0.0},{"x":-9.85573,"y":-15.4375},{"x":-9.85573,"y":-15.2568},{"x":-11.28978,"y":-15.2568},{"x":-11.28978,"y":-15.05193},{"x":0.0,"y":0.0}]
    },
    {
      "SourcePinAddress":{
        "PinID":14895395,
        "PinOwnerID":1502907134
      },
      "TargetPinAddress":{
        "PinID":446244744,
        "PinOwnerID":542322171
      },
      "ConnectionType":0,
      "ConnectedWireIndex":-1,
      "ConnectedWireSegmentIndex":-1,
      "Points":[{"x":0.0,"y":0.0},{"x":0.0,"y":0.0}]
    },
    {
      "SourcePinAddress":{
        "PinID":823484302,
        "PinOwnerID":542322171
      },
      "TargetPinAddress":{
        "PinID":446244744,
        "PinOwnerID":2049929819
      },
      "ConnectionType":0,
      "ConnectedWireIndex":-1,
      "ConnectedWireSegmentIndex":-1,
      "Points":[{"x":0.0,"y":0.0},{"x":-9.87815,"y":-21.5663},{"x":-9.87815,"y":-21.46016},{"x":-9.87815,"y":-21.39172},{"x":-11.25557,"y":-21.39172},{"x":-11.25557,"y":-21.17784},{"x":0.0,"y":0.0}]
    },
    {
      "SourcePinAddress":{
        "PinID":823484302,
        "PinOwnerID":183729955
      },
      "TargetPinAddress":{
        "PinID":446244744,
        "PinOwnerID":1770925432
      },
      "ConnectionType":0,
      "ConnectedWireIndex":-1,
      "ConnectedWireSegmentIndex":-1,
      "Points":[{"x":0.0,"y":0.0},{"x":-9.88671,"y":-19.8125},{"x":-9.88671,"y":-19.62076},{"x":-11.23846,"y":-19.62076},{"x":-11.23846,"y":-19.43254},{"x":0.0,"y":0.0}]
    },
    {
      "SourcePinAddress":{
        "PinID":823484302,
        "PinOwnerID":634573189
      },
      "TargetPinAddress":{
        "PinID":446244744,
        "PinOwnerID":985259837
      },
      "ConnectionType":0,
      "ConnectedWireIndex":-1,
      "ConnectedWireSegmentIndex":-1,
      "Points":[{"x":0.0,"y":0.0},{"x":-9.86104,"y":-18.0625},{"x":-9.86104,"y":-17.87546},{"x":-11.2299,"y":-17.87546},{"x":0.0,"y":0.0}]
    },
    {
      "SourcePinAddress":{
        "PinID":823484302,
        "PinOwnerID":399989225
      },
      "TargetPinAddress":{
        "PinID":446244744,
        "PinOwnerID":1440285355
      },
      "ConnectionType":0,
      "ConnectedWireIndex":-1,
      "ConnectedWireSegmentIndex":-1,
      "Points":[{"x":0.0,"y":0.0},{"x":-9.88671,"y":-16.3125},{"x":-9.88671,"y":-16.14726},{"x":-11.21279,"y":-16.14726},{"x":0.0,"y":0.0}]
    },
    {
      "SourcePinAddress":{
        "PinID":823484302,
        "PinOwnerID":1431731916
      },
      "TargetPinAddress":{
        "PinID":446244744,
        "PinOwnerID":2087282404
      },
      "ConnectionType":0,
      "ConnectedWireIndex":-1,
      "ConnectedWireSegmentIndex":-1,
      "Points":[{"x":0.0,"y":0.0},{"x":-9.86677,"y":-14.5625},{"x":-9.86677,"y":-14.37783},{"x":-11.19183,"y":-14.37783},{"x":0.0,"y":0.0}]
    },
    {
      "SourcePinAddress":{
        "PinID":0,
        "PinOwnerID":1842220269
      },
      "TargetPinAddress":{
        "PinID":890107289,
        "PinOwnerID":147304182
      },
      "ConnectionType":0,
      "ConnectedWireIndex":-1,
      "ConnectedWireSegmentIndex":-1,
      "Points":[{"x":0.0,"y":0.0},{"x":-4.16031,"y":-14.44348},{"x":0.0,"y":0.0}]
    },
    {
      "SourcePinAddress":{
        "PinID":0,
        "PinOwnerID":1842220269
      },
      "TargetPinAddress":{
        "PinID":890107289,
        "PinOwnerID":2140299478
      },
      "ConnectionType":1,
      "ConnectedWireIndex":10,
      "ConnectedWireSegmentIndex":0,
      "Points":[{"x":-4.16031,"y":-15.26524},{"x":0.0,"y":0.0}]
    },
    {
      "SourcePinAddress":{
        "PinID":0,
        "PinOwnerID":1842220269
      },
      "TargetPinAddress":{
        "PinID":890107289,
        "PinOwnerID":1682925786
      },
      "ConnectionType":1,
      "ConnectedWireIndex":10,
      "ConnectedWireSegmentIndex":0,
      "Points":[{"x":-4.16031,"y":-16.12906},{"x":0.0,"y":0.0}]
    },
    {
      "SourcePinAddress":{
        "PinID":0,
        "PinOwnerID":1842220269
      },
      "TargetPinAddress":{
        "PinID":890107289,
        "PinOwnerID":837135430
      },
      "ConnectionType":1,
      "ConnectedWireIndex":10,
      "ConnectedWireSegmentIndex":0,
      "Points":[{"x":-4.16031,"y":-17.00982},{"x":0.0,"y":0.0}]
    },
    {
      "SourcePinAddress":{
        "PinID":0,
        "PinOwnerID":1842220269
      },
      "TargetPinAddress":{
        "PinID":890107289,
        "PinOwnerID":1388178090
      },
      "ConnectionType":1,
      "ConnectedWireIndex":10,
      "ConnectedWireSegmentIndex":0,
      "Points":[{"x":-4.16031,"y":-17.81958},{"x":0.0,"y":0.0}]
    },
    {
      "SourcePinAddress":{
        "PinID":0,
        "PinOwnerID":1842220269
      },
      "TargetPinAddress":{
        "PinID":890107289,
        "PinOwnerID":1883096148
      },
      "ConnectionType":1,
      "ConnectedWireIndex":10,
      "ConnectedWireSegmentIndex":0,
      "Points":[{"x":-4.16031,"y":-18.71422},{"x":0.0,"y":0.0}]
    },
    {
      "SourcePinAddress":{
        "PinID":0,
        "PinOwnerID":1842220269
      },
      "TargetPinAddress":{
        "PinID":890107289,
        "PinOwnerID":842901292
      },
      "ConnectionType":1,
      "ConnectedWireIndex":10,
      "ConnectedWireSegmentIndex":0,
      "Points":[{"x":-4.16031,"y":-19.6589},{"x":0.0,"y":0.0}]
    },
    {
      "SourcePinAddress":{
        "PinID":0,
        "PinOwnerID":1842220269
      },
      "TargetPinAddress":{
        "PinID":890107289,
        "PinOwnerID":220215862
      },
      "ConnectionType":1,
      "ConnectedWireIndex":10,
      "ConnectedWireSegmentIndex":0,
      "Points":[{"x":-4.16031,"y":-20.55133},{"x":0.0,"y":0.0}]
    },
    {
      "SourcePinAddress":{
        "PinID":0,
        "PinOwnerID":1842220269
      },
      "TargetPinAddress":{
        "PinID":890107289,
        "PinOwnerID":443513659
      },
      "ConnectionType":1,
      "ConnectedWireIndex":10,
      "ConnectedWireSegmentIndex":0,
      "Points":[{"x":-4.16031,"y":-21.42233},{"x":0.0,"y":0.0}]
    },
    {
      "SourcePinAddress":{
        "PinID":0,
        "PinOwnerID":1842220269
      },
      "TargetPinAddress":{
        "PinID":890107289,
        "PinOwnerID":313812412
      },
      "ConnectionType":1,
      "ConnectedWireIndex":10,
      "ConnectedWireSegmentIndex":0,
      "Points":[{"x":-4.16031,"y":-22.2825},{"x":0.0,"y":0.0}]
    },
    {
      "SourcePinAddress":{
        "PinID":0,
        "PinOwnerID":942335211
      },
      "TargetPinAddress":{
        "PinID":274702613,
        "PinOwnerID":147304182
      },
      "ConnectionType":0,
      "ConnectedWireIndex":-1,
      "ConnectedWireSegmentIndex":-1,
      "Points":[{"x":0.0,"y":0.0},{"x":-4.00846,"y":-23.44971},{"x":-4.00846,"y":-14.6738},{"x":0.0,"y":0.0}]
    },
    {
      "SourcePinAddress":{
        "PinID":0,
        "PinOwnerID":942335211
      },
      "TargetPinAddress":{
        "PinID":274702613,
        "PinOwnerID":2140299478
      },
      "ConnectionType":1,
      "ConnectedWireIndex":20,
      "ConnectedWireSegmentIndex":1,
      "Points":[{"x":-4.00846,"y":-15.51524},{"x":0.0,"y":0.0}]
    },
    {
      "SourcePinAddress":{
        "PinID":0,
        "PinOwnerID":942335211
      },
      "TargetPinAddress":{
        "PinID":274702613,
        "PinOwnerID":1682925786
      },
      "ConnectionType":1,
      "ConnectedWireIndex":20,
      "ConnectedWireSegmentIndex":1,
      "Points":[{"x":-4.00846,"y":-16.40073},{"x":-3.95559,"y":-16.37906},{"x":0.0,"y":0.0}]
    },
    {
      "SourcePinAddress":{
        "PinID":0,
        "PinOwnerID":942335211
      },
      "TargetPinAddress":{
        "PinID":274702613,
        "PinOwnerID":837135430
      },
      "ConnectionType":1,
      "ConnectedWireIndex":20,
      "ConnectedWireSegmentIndex":1,
      "Points":[{"x":-4.00846,"y":-17.25982},{"x":0.0,"y":0.0}]
    },
    {
      "SourcePinAddress":{
        "PinID":0,
        "PinOwnerID":942335211
      },
      "TargetPinAddress":{
        "PinID":274702613,
        "PinOwnerID":1388178090
      },
      "ConnectionType":1,
      "ConnectedWireIndex":20,
      "ConnectedWireSegmentIndex":1,
      "Points":[{"x":-4.00846,"y":-18.06958},{"x":0.0,"y":0.0}]
    },
    {
      "SourcePinAddress":{
        "PinID":0,
        "PinOwnerID":942335211
      },
      "TargetPinAddress":{
        "PinID":274702613,
        "PinOwnerID":1883096148
      },
      "ConnectionType":1,
      "ConnectedWireIndex":20,
      "ConnectedWireSegmentIndex":1,
      "Points":[{"x":-4.00846,"y":-18.96422},{"x":0.0,"y":0.0}]
    },
    {
      "SourcePinAddress":{
        "PinID":0,
        "PinOwnerID":942335211
      },
      "TargetPinAddress":{
        "PinID":274702613,
        "PinOwnerID":842901292
      },
      "ConnectionType":1,
      "ConnectedWireIndex":20,
      "ConnectedWireSegmentIndex":1,
      "Points":[{"x":-4.00846,"y":-19.9089},{"x":0.0,"y":0.0}]
    },
    {
      "SourcePinAddress":{
        "PinID":0,
        "PinOwnerID":942335211
      },
      "TargetPinAddress":{
        "PinID":274702613,
        "PinOwnerID":220215862
      },
      "ConnectionType":1,
      "ConnectedWireIndex":20,
      "ConnectedWireSegmentIndex":1,
      "Points":[{"x":-4.00846,"y":-20.80133},{"x":0.0,"y":0.0}]
    },
    {
      "SourcePinAddress":{
        "PinID":0,
        "PinOwnerID":942335211
      },
      "TargetPinAddress":{
        "PinID":274702613,
        "PinOwnerID":443513659
      },
      "ConnectionType":1,
      "ConnectedWireIndex":20,
      "ConnectedWireSegmentIndex":1,
      "Points":[{"x":-4.00846,"y":-21.67233},{"x":0.0,"y":0.0}]
    },
    {
      "SourcePinAddress":{
        "PinID":0,
        "PinOwnerID":942335211
      },
      "TargetPinAddress":{
        "PinID":274702613,
        "PinOwnerID":313812412
      },
      "ConnectionType":1,
      "ConnectedWireIndex":20,
      "ConnectedWireSegmentIndex":1,
      "Points":[{"x":-4.00846,"y":-22.5325},{"x":0.0,"y":0.0}]
    },
    {
      "SourcePinAddress":{
        "PinID":995919985,
        "PinOwnerID":313812412
      },
      "TargetPinAddress":{
        "PinID":0,
        "PinOwnerID":284811076
      },
      "ConnectionType":0,
      "ConnectedWireIndex":-1,
      "ConnectedWireSegmentIndex":-1,
      "Points":[{"x":0.0,"y":0.0},{"x":-1.8965,"y":-22.33306},{"x":0.0,"y":0.0}]
    },
    {
      "SourcePinAddress":{
        "PinID":995919985,
        "PinOwnerID":443513659
      },
      "TargetPinAddress":{
        "PinID":0,
        "PinOwnerID":928090665
      },
      "ConnectionType":0,
      "ConnectedWireIndex":-1,
      "ConnectedWireSegmentIndex":-1,
      "Points":[{"x":0.0,"y":0.0},{"x":-1.88681,"y":-21.4511},{"x":0.0,"y":0.0}]
    },
    {
      "SourcePinAddress":{
        "PinID":995919985,
        "PinOwnerID":220215862
      },
      "TargetPinAddress":{
        "PinID":0,
        "PinOwnerID":779515576
      },
      "ConnectionType":0,
      "ConnectedWireIndex":-1,
      "ConnectedWireSegmentIndex":-1,
      "Points":[{"x":0.0,"y":0.0},{"x":-1.87712,"y":-20.54006},{"x":0.0,"y":0.0}]
    },
    {
      "SourcePinAddress":{
        "PinID":995919985,
        "PinOwnerID":842901292
      },
      "TargetPinAddress":{
        "PinID":0,
        "PinOwnerID":258605261
      },
      "ConnectionType":0,
      "ConnectedWireIndex":-1,
      "ConnectedWireSegmentIndex":-1,
      "Points":[{"x":0.0,"y":0.0},{"x":-1.8965,"y":-19.6589},{"x":-1.8965,"y":-19.64626},{"x":0.0,"y":0.0}]
    },
    {
      "SourcePinAddress":{
        "PinID":995919985,
        "PinOwnerID":1883096148
      },
      "TargetPinAddress":{
        "PinID":0,
        "PinOwnerID":1583040460
      },
      "ConnectionType":0,
      "ConnectedWireIndex":-1,
      "ConnectedWireSegmentIndex":-1,
      "Points":[{"x":0.0,"y":0.0},{"x":-1.84804,"y":-18.76644},{"x":-1.84804,"y":-18.75229},{"x":0.0,"y":0.0}]
    },
    {
      "SourcePinAddress":{
        "PinID":995919985,
        "PinOwnerID":1388178090
      },
      "TargetPinAddress":{
        "PinID":0,
        "PinOwnerID":714619582
      },
      "ConnectionType":0,
      "ConnectedWireIndex":-1,
      "ConnectedWireSegmentIndex":-1,
      "Points":[{"x":0.0,"y":0.0},{"x":-1.86742,"y":-17.87478},{"x":0.0,"y":0.0}]
    },
    {
      "SourcePinAddress":{
        "PinID":995919985,
        "PinOwnerID":837135430
      },
      "TargetPinAddress":{
        "PinID":0,
        "PinOwnerID":994040985
      },
      "ConnectionType":0,
      "ConnectedWireIndex":-1,
      "ConnectedWireSegmentIndex":-1,
      "Points":[{"x":0.0,"y":0.0},{"x":-1.82139,"y":-17.02978},{"x":0.0,"y":0.0}]
    },
    {
      "SourcePinAddress":{
        "PinID":995919985,
        "PinOwnerID":1682925786
      },
      "TargetPinAddress":{
        "PinID":0,
        "PinOwnerID":110371908
      },
      "ConnectionType":0,
      "ConnectedWireIndex":-1,
      "ConnectedWireSegmentIndex":-1,
      "Points":[{"x":0.0,"y":0.0},{"x":-1.79306,"y":-16.17393},{"x":0.0,"y":0.0}]
    },
    {
      "SourcePinAddress":{
        "PinID":995919985,
        "PinOwnerID":2140299478
      },
      "TargetPinAddress":{
        "PinID":0,
        "PinOwnerID":1864588046
      },
      "ConnectionType":0,
      "ConnectedWireIndex":-1,
      "ConnectedWireSegmentIndex":-1,
      "Points":[{"x":0.0,"y":0.0},{"x":-1.8965,"y":-15.3258},{"x":0.0,"y":0.0}]
    },
    {
      "SourcePinAddress":{
        "PinID":995919985,
        "PinOwnerID":147304182
      },
      "TargetPinAddress":{
        "PinID":0,
        "PinOwnerID":1862635740
      },
      "ConnectionType":0,
      "ConnectedWireIndex":-1,
      "ConnectedWireSegmentIndex":-1,
      "Points":[{"x":0.0,"y":0.0},{"x":-1.84466,"y":-14.44341},{"x":0.0,"y":0.0}]
    },
    {
      "SourcePinAddress":{
        "PinID":995919985,
        "PinOwnerID":313812412
      },
      "TargetPinAddress":{
        "PinID":1466071119,
        "PinOwnerID":542322171
      },
      "ConnectionType":1,
      "ConnectedWireIndex":30,
      "ConnectedWireSegmentIndex":0,
      "Points":[{"x":-2.01063,"y":-22.30899},{"x":-2.01065,"y":-21.8163},{"x":0.0,"y":0.0}]
    },
    {
      "SourcePinAddress":{
        "PinID":995919985,
        "PinOwnerID":443513659
      },
      "TargetPinAddress":{
        "PinID":1466071119,
        "PinOwnerID":2049929819
      },
      "ConnectionType":1,
      "ConnectedWireIndex":31,
      "ConnectedWireSegmentIndex":1,
      "Points":[{"x":-1.82443,"y":-21.45567},{"x":-1.82485,"y":-20.9375},{"x":0.0,"y":0.0}]
    },
    {
      "SourcePinAddress":{
        "PinID":995919985,
        "PinOwnerID":220215862
      },
      "TargetPinAddress":{
        "PinID":1466071119,
        "PinOwnerID":183729955
      },
      "ConnectionType":1,
      "ConnectedWireIndex":32,
      "ConnectedWireSegmentIndex":0,
      "Points":[{"x":-1.88444,"y":-20.54048},{"x":-1.88291,"y":-20.0625},{"x":0.0,"y":0.0}]
    },
    {
      "SourcePinAddress":{
        "PinID":995919985,
        "PinOwnerID":842901292
      },
      "TargetPinAddress":{
        "PinID":1466071119,
        "PinOwnerID":1770925432
      },
      "ConnectionType":1,
      "ConnectedWireIndex":33,
      "ConnectedWireSegmentIndex":0,
      "Points":[{"x":-1.90614,"y":-19.6589},{"x":-1.90614,"y":-19.59173},{"x":-1.90614,"y":-19.1875},{"x":0.0,"y":0.0}]
    },
    {
      "SourcePinAddress":{
        "PinID":995919985,
        "PinOwnerID":1883096148
      },
      "TargetPinAddress":{
        "PinID":1466071119,
        "PinOwnerID":634573189
      },
      "ConnectionType":1,
      "ConnectedWireIndex":34,
      "ConnectedWireSegmentIndex":0,
      "Points":[{"x":-1.94843,"y":-18.7464},{"x":-1.95259,"y":-18.3125},{"x":0.0,"y":0.0}]
    },
    {
      "SourcePinAddress":{
        "PinID":995919985,
        "PinOwnerID":1388178090
      },
      "TargetPinAddress":{
        "PinID":1466071119,
        "PinOwnerID":985259837
      },
      "ConnectionType":1,
      "ConnectedWireIndex":35,
      "ConnectedWireSegmentIndex":0,
      "Points":[{"x":-1.8989,"y":-17.86656},{"x":-1.89453,"y":-17.4375},{"x":0.0,"y":0.0}]
    },
    {
      "SourcePinAddress":{
        "PinID":995919985,
        "PinOwnerID":837135430
      },
      "TargetPinAddress":{
        "PinID":1466071119,
        "PinOwnerID":399989225
      },
      "ConnectionType":1,
      "ConnectedWireIndex":36,
      "ConnectedWireSegmentIndex":0,
      "Points":[{"x":-1.8338699999999999,"y":-17.02875},{"x":-1.83646,"y":-16.5625},{"x":0.0,"y":0.0}]
    },
    {
      "SourcePinAddress":{
        "PinID":995919985,
        "PinOwnerID":1682925786
      },
      "TargetPinAddress":{
        "PinID":1466071119,
        "PinOwnerID":1440285355
      },
      "ConnectionType":1,
      "ConnectedWireIndex":37,
      "ConnectedWireSegmentIndex":1,
      "Points":[{"x":-1.78942,"y":-16.17685},{"x":-1.79001,"y":-15.6875},{"x":0.0,"y":0.0}]
    },
    {
      "SourcePinAddress":{
        "PinID":995919985,
        "PinOwnerID":2140299478
      },
      "TargetPinAddress":{
        "PinID":1466071119,
        "PinOwnerID":1431731916
      },
      "ConnectionType":1,
      "ConnectedWireIndex":38,
      "ConnectedWireSegmentIndex":1,
      "Points":[{"x":-1.86381,"y":-15.3547},{"x":-1.88291,"y":-14.8125},{"x":0.0,"y":0.0}]
    },
    {
      "SourcePinAddress":{
        "PinID":995919985,
        "PinOwnerID":147304182
      },
      "TargetPinAddress":{
        "PinID":1466071119,
        "PinOwnerID":2087282404
      },
      "ConnectionType":1,
      "ConnectedWireIndex":39,
      "ConnectedWireSegmentIndex":1,
      "Points":[{"x":-1.83881,"y":-14.44938},{"x":-1.82485,"y":-13.9375},{"x":0.0,"y":0.0}]
    },
    {
      "SourcePinAddress":{
        "PinID":995909447,
        "PinOwnerID":542322171
      },
      "TargetPinAddress":{
        "PinID":7,
        "PinOwnerID":1332841380
      },
      "ConnectionType":0,
      "ConnectedWireIndex":-1,
      "ConnectedWireSegmentIndex":-1,
      "Points":[{"x":0.0,"y":0.0},{"x":0.0,"y":0.0}]
    },
    {
      "SourcePinAddress":{
        "PinID":995909447,
        "PinOwnerID":2049929819
      },
      "TargetPinAddress":{
        "PinID":6,
        "PinOwnerID":1332841380
      },
      "ConnectionType":0,
      "ConnectedWireIndex":-1,
      "ConnectedWireSegmentIndex":-1,
      "Points":[{"x":0.0,"y":0.0},{"x":0.0,"y":0.0}]
    },
    {
      "SourcePinAddress":{
        "PinID":995909447,
        "PinOwnerID":183729955
      },
      "TargetPinAddress":{
        "PinID":5,
        "PinOwnerID":1332841380
      },
      "ConnectionType":0,
      "ConnectedWireIndex":-1,
      "ConnectedWireSegmentIndex":-1,
      "Points":[{"x":0.0,"y":0.0},{"x":0.0,"y":0.0}]
    },
    {
      "SourcePinAddress":{
        "PinID":995909447,
        "PinOwnerID":1770925432
      },
      "TargetPinAddress":{
        "PinID":4,
        "PinOwnerID":1332841380
      },
      "ConnectionType":0,
      "ConnectedWireIndex":-1,
      "ConnectedWireSegmentIndex":-1,
      "Points":[{"x":0.0,"y":0.0},{"x":0.0,"y":0.0}]
    },
    {
      "SourcePinAddress":{
        "PinID":995909447,
        "PinOwnerID":634573189
      },
      "TargetPinAddress":{
        "PinID":3,
        "PinOwnerID":1332841380
      },
      "ConnectionType":0,
      "ConnectedWireIndex":-1,
      "ConnectedWireSegmentIndex":-1,
      "Points":[{"x":0.0,"y":0.0},{"x":0.0,"y":0.0}]
    },
    {
      "SourcePinAddress":{
        "PinID":995909447,
        "PinOwnerID":985259837
      },
      "TargetPinAddress":{
        "PinID":2,
        "PinOwnerID":1332841380
      },
      "ConnectionType":0,
      "ConnectedWireIndex":-1,
      "ConnectedWireSegmentIndex":-1,
      "Points":[{"x":0.0,"y":0.0},{"x":0.0,"y":0.0}]
    },
    {
      "SourcePinAddress":{
        "PinID":995909447,
        "PinOwnerID":399989225
      },
      "TargetPinAddress":{
        "PinID":1,
        "PinOwnerID":1332841380
      },
      "ConnectionType":0,
      "ConnectedWireIndex":-1,
      "ConnectedWireSegmentIndex":-1,
      "Points":[{"x":0.0,"y":0.0},{"x":0.0,"y":0.0}]
    },
    {
      "SourcePinAddress":{
        "PinID":995909447,
        "PinOwnerID":1440285355
      },
      "TargetPinAddress":{
        "PinID":0,
        "PinOwnerID":1332841380
      },
      "ConnectionType":0,
      "ConnectedWireIndex":-1,
      "ConnectedWireSegmentIndex":-1,
      "Points":[{"x":0.0,"y":0.0},{"x":0.0,"y":0.0}]
    },
    {
      "SourcePinAddress":{
        "PinID":1,
        "PinOwnerID":977688806
      },
      "TargetPinAddress":{
        "PinID":1761855297,
        "PinOwnerID":1682925786
      },
      "ConnectionType":0,
      "ConnectedWireIndex":-1,
      "ConnectedWireSegmentIndex":-1,
      "Points":[{"x":0.0,"y":0.0},{"x":-4.99615,"y":-19.02566},{"x":-4.99615,"y":-15.86784},{"x":0.0,"y":0.0}]
    },
    {
      "SourcePinAddress":{
        "PinID":2,
        "PinOwnerID":977688806
      },
      "TargetPinAddress":{
        "PinID":1761855297,
        "PinOwnerID":837135430
      },
      "ConnectionType":0,
      "ConnectedWireIndex":-1,
      "ConnectedWireSegmentIndex":-1,
      "Points":[{"x":0.0,"y":0.0},{"x":-4.86907,"y":-19.27566},{"x":-4.86907,"y":-16.74619},{"x":0.0,"y":0.0}]
    },
    {
      "SourcePinAddress":{
        "PinID":3,
        "PinOwnerID":977688806
      },
      "TargetPinAddress":{
        "PinID":1761855297,
        "PinOwnerID":1388178090
      },
      "ConnectionType":0,
      "ConnectedWireIndex":-1,
      "ConnectedWireSegmentIndex":-1,
      "Points":[{"x":0.0,"y":0.0},{"x":-4.79674,"y":-19.52566},{"x":-4.79674,"y":-17.55221},{"x":0.0,"y":0.0}]
    },
    {
      "SourcePinAddress":{
        "PinID":4,
        "PinOwnerID":977688806
      },
      "TargetPinAddress":{
        "PinID":1761855297,
        "PinOwnerID":1883096148
      },
      "ConnectionType":0,
      "ConnectedWireIndex":-1,
      "ConnectedWireSegmentIndex":-1,
      "Points":[{"x":0.0,"y":0.0},{"x":-4.6624,"y":-19.77566},{"x":-4.6624,"y":-18.46156},{"x":0.0,"y":0.0}]
    },
    {
      "SourcePinAddress":{
        "PinID":5,
        "PinOwnerID":977688806
      },
      "TargetPinAddress":{
        "PinID":1761855297,
        "PinOwnerID":842901292
      },
      "ConnectionType":0,
      "ConnectedWireIndex":-1,
      "ConnectedWireSegmentIndex":-1,
      "Points":[{"x":0.0,"y":0.0},{"x":-4.49706,"y":-20.02566},{"x":-4.49706,"y":-19.41225},{"x":0.0,"y":0.0}]
    },
    {
      "SourcePinAddress":{
        "PinID":6,
        "PinOwnerID":977688806
      },
      "TargetPinAddress":{
        "PinID":1761855297,
        "PinOwnerID":220215862
      },
      "ConnectionType":0,
      "ConnectedWireIndex":-1,
      "ConnectedWireSegmentIndex":-1,
      "Points":[{"x":0.0,"y":0.0},{"x":0.0,"y":0.0}]
    },
    {
      "SourcePinAddress":{
        "PinID":7,
        "PinOwnerID":977688806
      },
      "TargetPinAddress":{
        "PinID":1761855297,
        "PinOwnerID":443513659
      },
      "ConnectionType":0,
      "ConnectedWireIndex":-1,
      "ConnectedWireSegmentIndex":-1,
      "Points":[{"x":0.0,"y":0.0},{"x":-4.5074,"y":-20.52566},{"x":-4.5074,"y":-21.14829},{"x":0.0,"y":0.0}]
    },
    {
      "SourcePinAddress":{
        "PinID":8,
        "PinOwnerID":977688806
      },
      "TargetPinAddress":{
        "PinID":1761855297,
        "PinOwnerID":313812412
      },
      "ConnectionType":0,
      "ConnectedWireIndex":-1,
      "ConnectedWireSegmentIndex":-1,
      "Points":[{"x":0.0,"y":0.0},{"x":-4.71407,"y":-20.77566},{"x":-4.71407,"y":-22.03698},{"x":0.0,"y":0.0}]
    },
    {
      "SourcePinAddress":{
        "PinID":0,
        "PinOwnerID":1935856831
      },
      "TargetPinAddress":{
        "PinID":7,
        "PinOwnerID":74941733
      },
      "ConnectionType":0,
      "ConnectedWireIndex":-1,
      "ConnectedWireSegmentIndex":-1,
      "Points":[{"x":0.0,"y":0.0},{"x":0.0,"y":0.0}]
    },
    {
      "SourcePinAddress":{
        "PinID":0,
        "PinOwnerID":1513648291
      },
      "TargetPinAddress":{
        "PinID":6,
        "PinOwnerID":74941733
      },
      "ConnectionType":0,
      "ConnectedWireIndex":-1,
      "ConnectedWireSegmentIndex":-1,
      "Points":[{"x":0.0,"y":0.0},{"x":0.0,"y":0.0}]
    },
    {
      "SourcePinAddress":{
        "PinID":0,
        "PinOwnerID":1513635322
      },
      "TargetPinAddress":{
        "PinID":5,
        "PinOwnerID":74941733
      },
      "ConnectionType":0,
      "ConnectedWireIndex":-1,
      "ConnectedWireSegmentIndex":-1,
      "Points":[{"x":0.0,"y":0.0},{"x":0.0,"y":0.0}]
    },
    {
      "SourcePinAddress":{
        "PinID":0,
        "PinOwnerID":25760576
      },
      "TargetPinAddress":{
        "PinID":4,
        "PinOwnerID":74941733
      },
      "ConnectionType":0,
      "ConnectedWireIndex":-1,
      "ConnectedWireSegmentIndex":-1,
      "Points":[{"x":0.0,"y":0.0},{"x":0.0,"y":0.0}]
    },
    {
      "SourcePinAddress":{
        "PinID":0,
        "PinOwnerID":1394285449
      },
      "TargetPinAddress":{
        "PinID":3,
        "PinOwnerID":74941733
      },
      "ConnectionType":0,
      "ConnectedWireIndex":-1,
      "ConnectedWireSegmentIndex":-1,
      "Points":[{"x":0.0,"y":0.0},{"x":0.0,"y":0.0}]
    },
    {
      "SourcePinAddress":{
        "PinID":0,
        "PinOwnerID":418321379
      },
      "TargetPinAddress":{
        "PinID":2,
        "PinOwnerID":74941733
      },
      "ConnectionType":0,
      "ConnectedWireIndex":-1,
      "ConnectedWireSegmentIndex":-1,
      "Points":[{"x":0.0,"y":0.0},{"x":0.0,"y":0.0}]
    },
    {
      "SourcePinAddress":{
        "PinID":0,
        "PinOwnerID":198874336
      },
      "TargetPinAddress":{
        "PinID":1,
        "PinOwnerID":74941733
      },
      "ConnectionType":0,
      "ConnectedWireIndex":-1,
      "ConnectedWireSegmentIndex":-1,
      "Points":[{"x":0.0,"y":0.0},{"x":0.0,"y":0.0}]
    },
    {
      "SourcePinAddress":{
        "PinID":0,
        "PinOwnerID":1011410353
      },
      "TargetPinAddress":{
        "PinID":0,
        "PinOwnerID":74941733
      },
      "ConnectionType":0,
      "ConnectedWireIndex":-1,
      "ConnectedWireSegmentIndex":-1,
      "Points":[{"x":0.0,"y":0.0},{"x":0.0,"y":0.0}]
    },
    {
      "SourcePinAddress":{
        "PinID":995909447,
        "PinOwnerID":1431731916
      },
      "TargetPinAddress":{
        "PinID":0,
        "PinOwnerID":1318229604
      },
      "ConnectionType":0,
      "ConnectedWireIndex":-1,
      "ConnectedWireSegmentIndex":-1,
      "Points":[{"x":0.0,"y":0.0},{"x":-8.22472,"y":-15.0625},{"x":0.0,"y":0.0}]
    },
    {
      "SourcePinAddress":{
        "PinID":995909447,
        "PinOwnerID":2087282404
      },
      "TargetPinAddress":{
        "PinID":0,
        "PinOwnerID":1569634334
      },
      "ConnectionType":0,
      "ConnectedWireIndex":-1,
      "ConnectedWireSegmentIndex":-1,
      "Points":[{"x":0.0,"y":0.0},{"x":-8.01552,"y":-14.1875},{"x":-8.01552,"y":-14.20954},{"x":0.0,"y":0.0}]
    },
    {
      "SourcePinAddress":{
        "PinID":995909447,
        "PinOwnerID":542322171
      },
      "TargetPinAddress":{
        "PinID":7,
        "PinOwnerID":115374724
      },
      "ConnectionType":1,
      "ConnectedWireIndex":50,
      "ConnectedWireSegmentIndex":0,
      "Points":[{"x":-9.70798,"y":-21.32113},{"x":1.19205,"y":-17.19865},{"x":0.0,"y":0.0}]
    },
    {
      "SourcePinAddress":{
        "PinID":995909447,
        "PinOwnerID":2049929819
      },
      "TargetPinAddress":{
        "PinID":6,
        "PinOwnerID":115374724
      },
      "ConnectionType":1,
      "ConnectedWireIndex":51,
      "ConnectedWireSegmentIndex":0,
      "Points":[{"x":-9.70471,"y":-20.73524},{"x":1.15858,"y":-16.67902},{"x":0.0,"y":0.0}]
    },
    {
      "SourcePinAddress":{
        "PinID":995909447,
        "PinOwnerID":183729955
      },
      "TargetPinAddress":{
        "PinID":5,
        "PinOwnerID":115374724
      },
      "ConnectionType":1,
      "ConnectedWireIndex":52,
      "ConnectedWireSegmentIndex":0,
      "Points":[{"x":-9.64972,"y":-20.15431},{"x":1.16859,"y":-16.07199},{"x":0.0,"y":0.0}]
    },
    {
      "SourcePinAddress":{
        "PinID":995909447,
        "PinOwnerID":1770925432
      },
      "TargetPinAddress":{
        "PinID":4,
        "PinOwnerID":115374724
      },
      "ConnectionType":1,
      "ConnectedWireIndex":53,
      "ConnectedWireSegmentIndex":0,
      "Points":[{"x":-9.69585,"y":-19.62244},{"x":1.11721,"y":-15.55966},{"x":0.0,"y":0.0}]
    },
    {
      "SourcePinAddress":{
        "PinID":995909447,
        "PinOwnerID":634573189
      },
      "TargetPinAddress":{
        "PinID":3,
        "PinOwnerID":115374724
      },
      "ConnectionType":1,
      "ConnectedWireIndex":54,
      "ConnectedWireSegmentIndex":0,
      "Points":[{"x":-9.55163,"y":-19.28404},{"x":1.08931,"y":-15.03128},{"x":0.0,"y":0.0}]
    },
    {
      "SourcePinAddress":{
        "PinID":995909447,
        "PinOwnerID":985259837
      },
      "TargetPinAddress":{
        "PinID":2,
        "PinOwnerID":115374724
      },
      "ConnectionType":1,
      "ConnectedWireIndex":55,
      "ConnectedWireSegmentIndex":0,
      "Points":[{"x":-9.61235,"y":-18.72252},{"x":1.06097,"y":-14.50945},{"x":0.0,"y":0.0}]
    },
    {
      "SourcePinAddress":{
        "PinID":995909447,
        "PinOwnerID":399989225
      },
      "TargetPinAddress":{
        "PinID":1,
        "PinOwnerID":115374724
      },
      "ConnectionType":1,
      "ConnectedWireIndex":56,
      "ConnectedWireSegmentIndex":0,
      "Points":[{"x":-9.68387,"y":-18.0111},{"x":1.04004,"y":-13.91044},{"x":0.0,"y":0.0}]
    },
    {
      "SourcePinAddress":{
        "PinID":995909447,
        "PinOwnerID":1440285355
      },
      "TargetPinAddress":{
        "PinID":0,
        "PinOwnerID":115374724
      },
      "ConnectionType":1,
      "ConnectedWireIndex":57,
      "ConnectedWireSegmentIndex":0,
      "Points":[{"x":-9.63812,"y":-17.6677},{"x":1.07798,"y":-13.36789},{"x":0.0,"y":0.0}]
    },
    {
      "SourcePinAddress":{
        "PinID":8,
        "PinOwnerID":115374724
      },
      "TargetPinAddress":{
        "PinID":0,
        "PinOwnerID":84881112
      },
      "ConnectionType":0,
      "ConnectedWireIndex":-1,
      "ConnectedWireSegmentIndex":-1,
      "Points":[{"x":0.0,"y":0.0},{"x":0.0,"y":0.0}]
    },
    {
      "SourcePinAddress":{
        "PinID":8,
        "PinOwnerID":1332841380
      },
      "TargetPinAddress":{
        "PinID":1629988037,
        "PinOwnerID":98844697
      },
      "ConnectionType":0,
      "ConnectedWireIndex":-1,
      "ConnectedWireSegmentIndex":-1,
      "Points":[{"x":0.0,"y":0.0},{"x":0.0,"y":0.0}]
    },
    {
      "SourcePinAddress":{
        "PinID":1405206278,
        "PinOwnerID":98844697
      },
      "TargetPinAddress":{
        "PinID":0,
        "PinOwnerID":977688806
      },
      "ConnectionType":0,
      "ConnectedWireIndex":-1,
      "ConnectedWireSegmentIndex":-1,
      "Points":[{"x":0.0,"y":0.0},{"x":0.0,"y":0.0}]
    },
    {
      "SourcePinAddress":{
        "PinID":0,
        "PinOwnerID":733136070
      },
      "TargetPinAddress":{
        "PinID":304504927,
        "PinOwnerID":98844697
      },
      "ConnectionType":0,
      "ConnectedWireIndex":-1,
      "ConnectedWireSegmentIndex":-1,
      "Points":[{"x":0.0,"y":0.0},{"x":-13.13472,"y":-21.23306},{"x":-13.13472,"y":-23.51322},{"x":-7.9299,"y":-23.51322},{"x":-7.9299,"y":-19.99145},{"x":0.0,"y":0.0}]
    },
    {
      "SourcePinAddress":{
        "PinID":0,
        "PinOwnerID":1981605602
      },
      "TargetPinAddress":{
        "PinID":900919391,
        "PinOwnerID":98844697
      },
      "ConnectionType":0,
      "ConnectedWireIndex":-1,
      "ConnectedWireSegmentIndex":-1,
      "Points":[{"x":0.0,"y":0.0},{"x":-13.35848,"y":-21.84962},{"x":-13.35848,"y":-23.63969},{"x":-8.02719,"y":-23.63969},{"x":-8.02719,"y":-20.25273},{"x":0.0,"y":0.0}]
    },
    {
      "SourcePinAddress":{
        "PinID":8,
        "PinOwnerID":74941733
      },
      "TargetPinAddress":{
        "PinID":619648610,
        "PinOwnerID":98844697
      },
      "ConnectionType":0,
      "ConnectedWireIndex":-1,
      "ConnectedWireSegmentIndex":-1,
      "Points":[{"x":0.0,"y":0.0},{"x":-13.03598,"y":-19.05401},{"x":-13.03598,"y":-18.62773},{"x":0.0,"y":0.0}]
    },
    {
      "SourcePinAddress":{
        "PinID":995909447,
        "PinOwnerID":2087282404
      },
      "TargetPinAddress":{
        "PinID":1891884391,
        "PinOwnerID":98844697
      },
      "ConnectionType":1,
      "ConnectedWireIndex":75,
      "ConnectedWireSegmentIndex":2,
      "Points":[{"x":-7.9405,"y":-14.21074},{"x":-7.9405,"y":-19.01791},{"x":0.0,"y":0.0}]
    },
    {
      "SourcePinAddress":{
        "PinID":995909447,
        "PinOwnerID":1431731916
      },
      "TargetPinAddress":{
        "PinID":1535889229,
        "PinOwnerID":98844697
      },
      "ConnectionType":1,
      "ConnectedWireIndex":74,
      "ConnectedWireSegmentIndex":1,
      "Points":[{"x":-8.03077,"y":-15.06194},{"x":-8.03077,"y":-19.25273},{"x":0.0,"y":0.0}]
    },
    {
      "SourcePinAddress":{
        "PinID":0,
        "PinOwnerID":1281459534
      },
      "TargetPinAddress":{
        "PinID":1544862951,
        "PinOwnerID":98844697
      },
      "ConnectionType":0,
      "ConnectedWireIndex":-1,
      "ConnectedWireSegmentIndex":-1,
      "Points":[{"x":0.0,"y":0.0},{"x":-13.16874,"y":-16.0315},{"x":-13.16874,"y":-18.25273},{"x":0.0,"y":0.0}]
    },
    {
      "SourcePinAddress":{
        "PinID":0,
        "PinOwnerID":1771338899
      },
      "TargetPinAddress":{
        "PinID":601135710,
        "PinOwnerID":98844697
      },
      "ConnectionType":0,
      "ConnectedWireIndex":-1,
      "ConnectedWireSegmentIndex":-1,
      "Points":[{"x":0.0,"y":0.0},{"x":-12.91556,"y":-15.49061},{"x":-12.91556,"y":-17.95892},{"x":-12.91556,"y":-17.98342},{"x":0.0,"y":0.0}]
    },
    {
      "SourcePinAddress":{
        "PinID":0,
        "PinOwnerID":622499166
      },
      "TargetPinAddress":{
        "PinID":460381244,
        "PinOwnerID":98844697
      },
      "ConnectionType":0,
      "ConnectedWireIndex":-1,
      "ConnectedWireSegmentIndex":-1,
      "Points":[{"x":0.0,"y":0.0},{"x":-12.66017,"y":-14.00787},{"x":-12.66017,"y":-17.62773},{"x":0.0,"y":0.0}]
    },
    {
      "SourcePinAddress":{
        "PinID":0,
        "PinOwnerID":878862483
      },
      "TargetPinAddress":{
        "PinID":1038918082,
        "PinOwnerID":98844697
      },
      "ConnectionType":0,
      "ConnectedWireIndex":-1,
      "ConnectedWireSegmentIndex":-1,
      "Points":[{"x":0.0,"y":0.0},{"x":-17.27021,"y":-12.82139},{"x":-12.32772,"y":-12.82139},{"x":-12.32772,"y":-17.25273},{"x":0.0,"y":0.0}]
    },
    {
      "SourcePinAddress":{
        "PinID":0,
        "PinOwnerID":34209168
      },
      "TargetPinAddress":{
        "PinID":2067171140,
        "PinOwnerID":98844697
      },
      "ConnectionType":0,
      "ConnectedWireIndex":-1,
      "ConnectedWireSegmentIndex":-1,
      "Points":[{"x":0.0,"y":0.0},{"x":-12.14349,"y":-12.26911},{"x":-12.14349,"y":-17.00273},{"x":0.0,"y":0.0}]
    },
    {
      "SourcePinAddress":{
        "PinID":1692261661,
        "PinOwnerID":98844697
      },
      "TargetPinAddress":{
        "PinID":1761855297,
        "PinOwnerID":2140299478
      },
      "ConnectionType":0,
      "ConnectedWireIndex":-1,
      "ConnectedWireSegmentIndex":-1,
      "Points":[{"x":0.0,"y":0.0},{"x":0.0,"y":0.0}]
    },
    {
      "SourcePinAddress":{
        "PinID":355827659,
        "PinOwnerID":98844697
      },
      "TargetPinAddress":{
        "PinID":1761855297,
        "PinOwnerID":147304182
      },
      "ConnectionType":0,
      "ConnectedWireIndex":-1,
      "ConnectedWireSegmentIndex":-1,
      "Points":[{"x":0.0,"y":0.0},{"x":0.0,"y":0.0}]
    }
  ],
  "Displays":[]
}