{
  "DLSVersion": "2.1.6",
  "Name": "s4 8B DataMem 1",
  "NameLocation": 0,
  "ChipType": 0,
  "Size": {
    "x": 1.475,
    "y": 1.75
  },
  "Colour": {
    "r": 0.638004959,
    "g": 0.354225665,
    "b": 0.235220164,
    "a": 1
  },
  "InputPins":[
    {
      "Name":"Data",
      "ID":239679674,
      "Position":{
        "x":4.68009,
        "y":252.69971
      },
      "BitCount":8,
      "Colour":0,
      "ValueDisplayMode":0
    },
    {
      "Name":"ADDR bit1",
      "ID":774149005,
      "Position":{
        "x":4.72037,
        "y":252.06924
      },
      "BitCount":1,
      "Colour":0,
      "ValueDisplayMode":0
    },
    {
      "Name":"ADDR bit0",
      "ID":1501199287,
      "Position":{
        "x":4.76923,
        "y":251.49911
      },
      "BitCount":1,
      "Colour":0,
      "ValueDisplayMode":0
    },
    {
      "Name":"Write Enabled",
      "ID":1730896820,
      "Position":{
        "x":4.76325,
        "y":249.15868
      },
      "BitCount":1,
      "Colour":0,
      "ValueDisplayMode":0
    },
    {
      "Name":"CLK",
      "ID":1938570931,
      "Position":{
        "x":4.75904,
        "y":248.6613
      },
      "BitCount":1,
      "Colour":0,
      "ValueDisplayMode":0
    },
    {
      "Name":"EN",
      "ID":1697762311,
      "Position":{
        "x":4.74579,
        "y":248.05421
      },
      "BitCount":1,
      "Colour":0,
      "ValueDisplayMode":0
    }
  ],
  "OutputPins":[
    {
      "Name":"OUT",
      "ID":2068336395,
      "Position":{
        "x":30.36394,
        "y":257.26886
      },
      "BitCount":8,
      "Colour":0,
      "ValueDisplayMode":0
    }
  ],
  "SubChips":[
    {
      "Name":"8B Register",
      "ID":205745382,
      "Label":"",
      "Position":{
        "x":15.37472,
        "y":256.90805
      },
      "OutputPinColourInfo":[{"PinColour":0,"PinID":37034238},{"PinColour":0,"PinID":1982614289},{"PinColour":0,"PinID":435990342},{"PinColour":0,"PinID":1443564094},{"PinColour":0,"PinID":1768011263},{"PinColour":0,"PinID":1929807151},{"PinColour":0,"PinID":983414596},{"PinColour":0,"PinID":628400352}],
      "InternalData":null
    },
    {
      "Name":"1-8BIT",
      "ID":1954709795,
      "Label":"",
      "Position":{
        "x":17.39007,
        "y":256.85095
      },
      "OutputPinColourInfo":[{"PinColour":0,"PinID":8}],
      "InternalData":null
    },
    {
      "Name":"8-1BIT",
      "ID":1600330943,
      "Label":"",
      "Position":{
        "x":12.57546,
        "y":256.90601
      },
      "OutputPinColourInfo":[{"PinColour":0,"PinID":1},{"PinColour":0,"PinID":2},{"PinColour":0,"PinID":3},{"PinColour":0,"PinID":4},{"PinColour":0,"PinID":5},{"PinColour":0,"PinID":6},{"PinColour":0,"PinID":7},{"PinColour":0,"PinID":8}],
      "InternalData":null
    },
    {
      "Name":"8B Cancler",
      "ID":55154085,
      "Label":"",
      "Position":{
        "x":20.23198,
        "y":256.71606
      },
      "OutputPinColourInfo":[{"PinColour":0,"PinID":1164945729}],
      "InternalData":null
    },
    {
      "Name":"NOT",
      "ID":1863392093,
      "Label":"",
      "Position":{
        "x":19.00696,
        "y":256.46066
      },
      "OutputPinColourInfo":[{"PinColour":0,"PinID":14895395}],
      "InternalData":null
    },
    {
      "Name":"2B Decoder",
      "ID":340628082,
      "Label":"",
      "Position":{
        "x":12.15575,
        "y":251.74606
      },
      "OutputPinColourInfo":[{"PinColour":0,"PinID":664193772},{"PinColour":0,"PinID":2015310352},{"PinColour":0,"PinID":1102724948},{"PinColour":0,"PinID":1318747156}],
      "InternalData":null
    },
    {
      "Name":"2B Decoder",
      "ID":217672716,
      "Label":"",
      "Position":{
        "x":12.21789,
        "y":250.52275
      },
      "OutputPinColourInfo":[{"PinColour":0,"PinID":664193772},{"PinColour":0,"PinID":2015310352},{"PinColour":0,"PinID":1102724948},{"PinColour":0,"PinID":1318747156}],
      "InternalData":null
    },
    {
      "Name":"Cancler",
      "ID":627994297,
      "Label":"",
      "Position":{
        "x":8.62573,
        "y":251.2859
      },
      "OutputPinColourInfo":[{"PinColour":0,"PinID":1616067258}],
      "InternalData":null
    },
    {
      "Name":"Cancler",
      "ID":1424098094,
      "Label":"",
      "Position":{
        "x":8.53608,
        "y":252.04044
      },
      "OutputPinColourInfo":[{"PinColour":0,"PinID":1616067258}],
      "InternalData":null
    },
    {
      "Name":"NOT",
      "ID":875583949,
      "Label":"",
      "Position":{
        "x":6.9245,
        "y":248.0936
      },
      "OutputPinColourInfo":[{"PinColour":0,"PinID":14895395}],
      "InternalData":null
    },
    {
      "Name":"NOT",
      "ID":1942539345,
      "Label":"",
      "Position":{
        "x":6.97174,
        "y":248.63887
      },
      "OutputPinColourInfo":[{"PinColour":0,"PinID":14895395}],
      "InternalData":null
    },
    {
      "Name":"Cancler",
      "ID":1028767212,
      "Label":"",
      "Position":{
        "x":14.08238,
        "y":250.39134
      },
      "OutputPinColourInfo":[{"PinColour":0,"PinID":1616067258}],
      "InternalData":null
    },
    {
      "Name":"Cancler",
      "ID":414498583,
      "Label":"",
      "Position":{
        "x":14.01546,
        "y":250.98665
      },
      "OutputPinColourInfo":[{"PinColour":0,"PinID":1616067258}],
      "InternalData":null
    },
    {
      "Name":"Cancler",
      "ID":424795471,
      "Label":"",
      "Position":{
        "x":14.06202,
        "y":249.16422
      },
      "OutputPinColourInfo":[{"PinColour":0,"PinID":1616067258}],
      "InternalData":null
    },
    {
      "Name":"Cancler",
      "ID":1839842043,
      "Label":"",
      "Position":{
        "x":14.09481,
        "y":249.78047
      },
      "OutputPinColourInfo":[{"PinColour":0,"PinID":1616067258}],
      "InternalData":null
    },
    {
      "Name":"Cancler",
      "ID":1955045295,
      "Label":"",
      "Position":{
        "x":14.08317,
        "y":252.44786
      },
      "OutputPinColourInfo":[{"PinColour":0,"PinID":1616067258}],
      "InternalData":null
    },
    {
      "Name":"Cancler",
      "ID":1752396891,
      "Label":"",
      "Position":{
        "x":14.05038,
        "y":251.8316
      },
      "OutputPinColourInfo":[{"PinColour":0,"PinID":1616067258}],
      "InternalData":null
    },
    {
      "Name":"Cancler",
      "ID":628891672,
      "Label":"",
      "Position":{
        "x":14.07074,
        "y":253.05873
      },
      "OutputPinColourInfo":[{"PinColour":0,"PinID":1616067258}],
      "InternalData":null
    },
    {
      "Name":"Cancler",
      "ID":105757980,
      "Label":"",
      "Position":{
        "x":14.00382,
        "y":253.65404
      },
      "OutputPinColourInfo":[{"PinColour":0,"PinID":1616067258}],
      "InternalData":null
    },
    {
      "Name":"NOT",
      "ID":2113549355,
      "Label":"",
      "Position":{
        "x":12.18414,
        "y":248.99573
      },
      "OutputPinColourInfo":[{"PinColour":0,"PinID":14895395}],
      "InternalData":null
    },
    {
      "Name":"8B Register",
      "ID":936885512,
      "Label":"",
      "Position":{
        "x":15.41353,
        "y":259.2579
      },
      "OutputPinColourInfo":[{"PinColour":0,"PinID":37034238},{"PinColour":0,"PinID":1982614289},{"PinColour":0,"PinID":435990342},{"PinColour":0,"PinID":1443564094},{"PinColour":0,"PinID":1768011263},{"PinColour":0,"PinID":1929807151},{"PinColour":0,"PinID":983414596},{"PinColour":0,"PinID":628400352}],
      "InternalData":null
    },
    {
      "Name":"1-8BIT",
      "ID":336009031,
      "Label":"",
      "Position":{
        "x":17.42888,
        "y":259.20081
      },
      "OutputPinColourInfo":[{"PinColour":0,"PinID":8}],
      "InternalData":null
    },
    {
      "Name":"8-1BIT",
      "ID":1998730011,
      "Label":"",
      "Position":{
        "x":12.61426,
        "y":259.25586
      },
      "OutputPinColourInfo":[{"PinColour":0,"PinID":1},{"PinColour":0,"PinID":2},{"PinColour":0,"PinID":3},{"PinColour":0,"PinID":4},{"PinColour":0,"PinID":5},{"PinColour":0,"PinID":6},{"PinColour":0,"PinID":7},{"PinColour":0,"PinID":8}],
      "InternalData":null
    },
    {
      "Name":"8B Cancler",
      "ID":1578933180,
      "Label":"",
      "Position":{
        "x":20.27079,
        "y":259.06592
      },
      "OutputPinColourInfo":[{"PinColour":0,"PinID":1164945729}],
      "InternalData":null
    },
    {
      "Name":"NOT",
      "ID":646698139,
      "Label":"",
      "Position":{
        "x":19.04576,
        "y":258.81052
      },
      "OutputPinColourInfo":[{"PinColour":0,"PinID":14895395}],
      "InternalData":null
    },
    {
      "Name":"8B Register",
      "ID":1340397211,
      "Label":"",
      "Position":{
        "x":15.47768,
        "y":261.62219
      },
      "OutputPinColourInfo":[{"PinColour":0,"PinID":37034238},{"PinColour":0,"PinID":1982614289},{"PinColour":0,"PinID":435990342},{"PinColour":0,"PinID":1443564094},{"PinColour":0,"PinID":1768011263},{"PinColour":0,"PinID":1929807151},{"PinColour":0,"PinID":983414596},{"PinColour":0,"PinID":628400352}],
      "InternalData":null
    },
    {
      "Name":"1-8BIT",
      "ID":820886132,
      "Label":"",
      "Position":{
        "x":17.49304,
        "y":261.56509
      },
      "OutputPinColourInfo":[{"PinColour":0,"PinID":8}],
      "InternalData":null
    },
    {
      "Name":"8-1BIT",
      "ID":1447648109,
      "Label":"",
      "Position":{
        "x":12.67842,
        "y":261.62015
      },
      "OutputPinColourInfo":[{"PinColour":0,"PinID":1},{"PinColour":0,"PinID":2},{"PinColour":0,"PinID":3},{"PinColour":0,"PinID":4},{"PinColour":0,"PinID":5},{"PinColour":0,"PinID":6},{"PinColour":0,"PinID":7},{"PinColour":0,"PinID":8}],
      "InternalData":null
    },
    {
      "Name":"8B Cancler",
      "ID":1125626369,
      "Label":"",
      "Position":{
        "x":20.33495,
        "y":261.43021
      },
      "OutputPinColourInfo":[{"PinColour":0,"PinID":1164945729}],
      "InternalData":null
    },
    {
      "Name":"NOT",
      "ID":992792034,
      "Label":"",
      "Position":{
        "x":19.10992,
        "y":261.1748
      },
      "OutputPinColourInfo":[{"PinColour":0,"PinID":14895395}],
      "InternalData":null
    },
    {
      "Name":"8B Register",
      "ID":2093628404,
      "Label":"",
      "Position":{
        "x":15.51649,
        "y":263.97205
      },
      "OutputPinColourInfo":[{"PinColour":0,"PinID":37034238},{"PinColour":0,"PinID":1982614289},{"PinColour":0,"PinID":435990342},{"PinColour":0,"PinID":1443564094},{"PinColour":0,"PinID":1768011263},{"PinColour":0,"PinID":1929807151},{"PinColour":0,"PinID":983414596},{"PinColour":0,"PinID":628400352}],
      "InternalData":null
    },
    {
      "Name":"1-8BIT",
      "ID":433520923,
      "Label":"",
      "Position":{
        "x":17.53184,
        "y":263.91495
      },
      "OutputPinColourInfo":[{"PinColour":0,"PinID":8}],
      "InternalData":null
    },
    {
      "Name":"8-1BIT",
      "ID":1283526571,
      "Label":"",
      "Position":{
        "x":12.71723,
        "y":263.97
      },
      "OutputPinColourInfo":[{"PinColour":0,"PinID":1},{"PinColour":0,"PinID":2},{"PinColour":0,"PinID":3},{"PinColour":0,"PinID":4},{"PinColour":0,"PinID":5},{"PinColour":0,"PinID":6},{"PinColour":0,"PinID":7},{"PinColour":0,"PinID":8}],
      "InternalData":null
    },
    {
      "Name":"8B Cancler",
      "ID":1758881087,
      "Label":"",
      "Position":{
        "x":20.37375,
        "y":263.78006
      },
      "OutputPinColourInfo":[{"PinColour":0,"PinID":1164945729}],
      "InternalData":null
    },
    {
      "Name":"NOT",
      "ID":475283173,
      "Label":"",
      "Position":{
        "x":19.14873,
        "y":263.52466
      },
      "OutputPinColourInfo":[{"PinColour":0,"PinID":14895395}],
      "InternalData":null
    },
    {
      "Name":"8Bitwise OR",
      "ID":142152561,
      "Label":"",
      "Position":{
        "x":22.82622,
        "y":256.9563
      },
      "OutputPinColourInfo":[{"PinColour":0,"PinID":2006674237}],
      "InternalData":null
    },
    {
      "Name":"8Bitwise OR",
      "ID":778539638,
      "Label":"",
      "Position":{
        "x":22.81348,
        "y":258.11551
      },
      "OutputPinColourInfo":[{"PinColour":0,"PinID":2006674237}],
      "InternalData":null
    },
    {
      "Name":"8Bitwise OR",
      "ID":1574832162,
      "Label":"",
      "Position":{
        "x":24.57777,
        "y":257.4404
      },
      "OutputPinColourInfo":[{"PinColour":0,"PinID":2006674237}],
      "InternalData":null
    },
    {
      "Name":"Cancler",
      "ID":739172841,
      "Label":"",
      "Position":{
        "x":16.36974,
        "y":249.14142
      },
      "OutputPinColourInfo":[{"PinColour":0,"PinID":1616067258}],
      "InternalData":null
    },
    {
      "Name":"Cancler",
      "ID":1077422825,
      "Label":"",
      "Position":{
        "x":16.40253,
        "y":249.75768
      },
      "OutputPinColourInfo":[{"PinColour":0,"PinID":1616067258}],
      "InternalData":null
    },
    {
      "Name":"Cancler",
      "ID":1905780161,
      "Label":"",
      "Position":{
        "x":16.3901,
        "y":250.36855
      },
      "OutputPinColourInfo":[{"PinColour":0,"PinID":1616067258}],
      "InternalData":null
    },
    {
      "Name":"Cancler",
      "ID":1306746373,
      "Label":"",
      "Position":{
        "x":16.32319,
        "y":250.96385
      },
      "OutputPinColourInfo":[{"PinColour":0,"PinID":1616067258}],
      "InternalData":null
    },
    {
      "Name":"8B Cancler",
      "ID":132368510,
      "Label":"",
      "Position":{
        "x":26.94736,
        "y":257.32858
      },
      "OutputPinColourInfo":[{"PinColour":0,"PinID":1164945729}],
      "InternalData":null
    }
  ],
  "Wires":[
    {
      "SourcePinAddress":{
        "PinID":1,
        "PinOwnerID":1600330943
      },
      "TargetPinAddress":{
        "PinID":1392758076,
        "PinOwnerID":205745382
      },
      "ConnectionType":0,
      "ConnectedWireIndex":-1,
      "ConnectedWireSegmentIndex":-1,
      "Points":[{"x":0.0,"y":0.0},{"x":0.0,"y":0.0}]
    },
    {
      "SourcePinAddress":{
        "PinID":2,
        "PinOwnerID":1600330943
      },
      "TargetPinAddress":{
        "PinID":417269540,
        "PinOwnerID":205745382
      },
      "ConnectionType":0,
      "ConnectedWireIndex":-1,
      "ConnectedWireSegmentIndex":-1,
      "Points":[{"x":0.0,"y":0.0},{"x":0.0,"y":0.0}]
    },
    {
      "SourcePinAddress":{
        "PinID":3,
        "PinOwnerID":1600330943
      },
      "TargetPinAddress":{
        "PinID":286388281,
        "PinOwnerID":205745382
      },
      "ConnectionType":0,
      "ConnectedWireIndex":-1,
      "ConnectedWireSegmentIndex":-1,
      "Points":[{"x":0.0,"y":0.0},{"x":0.0,"y":0.0}]
    },
    {
      "SourcePinAddress":{
        "PinID":4,
        "PinOwnerID":1600330943
      },
      "TargetPinAddress":{
        "PinID":1858606326,
        "PinOwnerID":205745382
      },
      "ConnectionType":0,
      "ConnectedWireIndex":-1,
      "ConnectedWireSegmentIndex":-1,
      "Points":[{"x":0.0,"y":0.0},{"x":0.0,"y":0.0}]
    },
    {
      "SourcePinAddress":{
        "PinID":5,
        "PinOwnerID":1600330943
      },
      "TargetPinAddress":{
        "PinID":420992053,
        "PinOwnerID":205745382
      },
      "ConnectionType":0,
      "ConnectedWireIndex":-1,
      "ConnectedWireSegmentIndex":-1,
      "Points":[{"x":0.0,"y":0.0},{"x":0.0,"y":0.0}]
    },
    {
      "SourcePinAddress":{
        "PinID":6,
        "PinOwnerID":1600330943
      },
      "TargetPinAddress":{
        "PinID":2040735824,
        "PinOwnerID":205745382
      },
      "ConnectionType":0,
      "ConnectedWireIndex":-1,
      "ConnectedWireSegmentIndex":-1,
      "Points":[{"x":0.0,"y":0.0},{"x":0.0,"y":0.0}]
    },
    {
      "SourcePinAddress":{
        "PinID":7,
        "PinOwnerID":1600330943
      },
      "TargetPinAddress":{
        "PinID":1855074716,
        "PinOwnerID":205745382
      },
      "ConnectionType":0,
      "ConnectedWireIndex":-1,
      "ConnectedWireSegmentIndex":-1,
      "Points":[{"x":0.0,"y":0.0},{"x":0.0,"y":0.0}]
    },
    {
      "SourcePinAddress":{
        "PinID":8,
        "PinOwnerID":1600330943
      },
      "TargetPinAddress":{
        "PinID":1051531529,
        "PinOwnerID":205745382
      },
      "ConnectionType":0,
      "ConnectedWireIndex":-1,
      "ConnectedWireSegmentIndex":-1,
      "Points":[{"x":0.0,"y":0.0},{"x":0.0,"y":0.0}]
    },
    {
      "SourcePinAddress":{
        "PinID":37034238,
        "PinOwnerID":205745382
      },
      "TargetPinAddress":{
        "PinID":0,
        "PinOwnerID":1954709795
      },
      "ConnectionType":0,
      "ConnectedWireIndex":-1,
      "ConnectedWireSegmentIndex":-1,
      "Points":[{"x":0.0,"y":0.0},{"x":0.0,"y":0.0}]
    },
    {
      "SourcePinAddress":{
        "PinID":1982614289,
        "PinOwnerID":205745382
      },
      "TargetPinAddress":{
        "PinID":1,
        "PinOwnerID":1954709795
      },
      "ConnectionType":0,
      "ConnectedWireIndex":-1,
      "ConnectedWireSegmentIndex":-1,
      "Points":[{"x":0.0,"y":0.0},{"x":0.0,"y":0.0}]
    },
    {
      "SourcePinAddress":{
        "PinID":435990342,
        "PinOwnerID":205745382
      },
      "TargetPinAddress":{
        "PinID":2,
        "PinOwnerID":1954709795
      },
      "ConnectionType":0,
      "ConnectedWireIndex":-1,
      "ConnectedWireSegmentIndex":-1,
      "Points":[{"x":0.0,"y":0.0},{"x":0.0,"y":0.0}]
    },
    {
      "SourcePinAddress":{
        "PinID":1443564094,
        "PinOwnerID":205745382
      },
      "TargetPinAddress":{
        "PinID":3,
        "PinOwnerID":1954709795
      },
      "ConnectionType":0,
      "ConnectedWireIndex":-1,
      "ConnectedWireSegmentIndex":-1,
      "Points":[{"x":0.0,"y":0.0},{"x":0.0,"y":0.0}]
    },
    {
      "SourcePinAddress":{
        "PinID":1768011263,
        "PinOwnerID":205745382
      },
      "TargetPinAddress":{
        "PinID":4,
        "PinOwnerID":1954709795
      },
      "ConnectionType":0,
      "ConnectedWireIndex":-1,
      "ConnectedWireSegmentIndex":-1,
      "Points":[{"x":0.0,"y":0.0},{"x":0.0,"y":0.0}]
    },
    {
      "SourcePinAddress":{
        "PinID":1929807151,
        "PinOwnerID":205745382
      },
      "TargetPinAddress":{
        "PinID":5,
        "PinOwnerID":1954709795
      },
      "ConnectionType":0,
      "ConnectedWireIndex":-1,
      "ConnectedWireSegmentIndex":-1,
      "Points":[{"x":0.0,"y":0.0},{"x":0.0,"y":0.0}]
    },
    {
      "SourcePinAddress":{
        "PinID":983414596,
        "PinOwnerID":205745382
      },
      "TargetPinAddress":{
        "PinID":6,
        "PinOwnerID":1954709795
      },
      "ConnectionType":0,
      "ConnectedWireIndex":-1,
      "ConnectedWireSegmentIndex":-1,
      "Points":[{"x":0.0,"y":0.0},{"x":0.0,"y":0.0}]
    },
    {
      "SourcePinAddress":{
        "PinID":628400352,
        "PinOwnerID":205745382
      },
      "TargetPinAddress":{
        "PinID":7,
        "PinOwnerID":1954709795
      },
      "ConnectionType":0,
      "ConnectedWireIndex":-1,
      "ConnectedWireSegmentIndex":-1,
      "Points":[{"x":0.0,"y":0.0},{"x":0.0,"y":0.0}]
    },
    {
      "SourcePinAddress":{
        "PinID":14895395,
        "PinOwnerID":1863392093
      },
      "TargetPinAddress":{
        "PinID":1009493463,
        "PinOwnerID":55154085
      },
      "ConnectionType":0,
      "ConnectedWireIndex":-1,
      "ConnectedWireSegmentIndex":-1,
      "Points":[{"x":0.0,"y":0.0},{"x":0.0,"y":0.0}]
    },
    {
      "SourcePinAddress":{
        "PinID":0,
        "PinOwnerID":239679674
      },
      "TargetPinAddress":{
        "PinID":0,
        "PinOwnerID":1600330943
      },
      "ConnectionType":0,
      "ConnectedWireIndex":-1,
      "ConnectedWireSegmentIndex":-1,
      "Points":[{"x":0.0,"y":0.0},{"x":11.53681,"y":252.69971},{"x":11.53681,"y":256.93387},{"x":0.0,"y":0.0}]
    },
    {
      "SourcePinAddress":{
        "PinID":8,
        "PinOwnerID":1954709795
      },
      "TargetPinAddress":{
        "PinID":1148695259,
        "PinOwnerID":55154085
      },
      "ConnectionType":0,
      "ConnectedWireIndex":-1,
      "ConnectedWireSegmentIndex":-1,
      "Points":[{"x":0.0,"y":0.0},{"x":0.0,"y":0.0}]
    },
    {
      "SourcePinAddress":{
        "PinID":0,
        "PinOwnerID":774149005
      },
      "TargetPinAddress":{
        "PinID":211683454,
        "PinOwnerID":1424098094
      },
      "ConnectionType":0,
      "ConnectedWireIndex":-1,
      "ConnectedWireSegmentIndex":-1,
      "Points":[{"x":0.0,"y":0.0},{"x":0.0,"y":0.0}]
    },
    {
      "SourcePinAddress":{
        "PinID":0,
        "PinOwnerID":1501199287
      },
      "TargetPinAddress":{
        "PinID":211683454,
        "PinOwnerID":627994297
      },
      "ConnectionType":0,
      "ConnectedWireIndex":-1,
      "ConnectedWireSegmentIndex":-1,
      "Points":[{"x":0.0,"y":0.0},{"x":0.0,"y":0.0}]
    },
    {
      "SourcePinAddress":{
        "PinID":0,
        "PinOwnerID":1697762311
      },
      "TargetPinAddress":{
        "PinID":2030901329,
        "PinOwnerID":875583949
      },
      "ConnectionType":0,
      "ConnectedWireIndex":-1,
      "ConnectedWireSegmentIndex":-1,
      "Points":[{"x":0.0,"y":0.0},{"x":0.0,"y":0.0}]
    },
    {
      "SourcePinAddress":{
        "PinID":14895395,
        "PinOwnerID":875583949
      },
      "TargetPinAddress":{
        "PinID":101598402,
        "PinOwnerID":1424098094
      },
      "ConnectionType":0,
      "ConnectedWireIndex":-1,
      "ConnectedWireSegmentIndex":-1,
      "Points":[{"x":0.0,"y":0.0},{"x":7.58383,"y":248.0936},{"x":7.58383,"y":251.95021},{"x":0.0,"y":0.0}]
    },
    {
      "SourcePinAddress":{
        "PinID":14895395,
        "PinOwnerID":875583949
      },
      "TargetPinAddress":{
        "PinID":101598402,
        "PinOwnerID":627994297
      },
      "ConnectionType":1,
      "ConnectedWireIndex":22,
      "ConnectedWireSegmentIndex":1,
      "Points":[{"x":7.58383,"y":251.1609},{"x":0.0,"y":0.0}]
    },
    {
      "SourcePinAddress":{
        "PinID":0,
        "PinOwnerID":1938570931
      },
      "TargetPinAddress":{
        "PinID":2030901329,
        "PinOwnerID":1942539345
      },
      "ConnectionType":0,
      "ConnectedWireIndex":-1,
      "ConnectedWireSegmentIndex":-1,
      "Points":[{"x":0.0,"y":0.0},{"x":0.0,"y":0.0}]
    },
    {
      "SourcePinAddress":{
        "PinID":664193772,
        "PinOwnerID":340628082
      },
      "TargetPinAddress":{
        "PinID":211683454,
        "PinOwnerID":105757980
      },
      "ConnectionType":0,
      "ConnectedWireIndex":-1,
      "ConnectedWireSegmentIndex":-1,
      "Points":[{"x":0.0,"y":0.0},{"x":0.0,"y":0.0}]
    },
    {
      "SourcePinAddress":{
        "PinID":2015310352,
        "PinOwnerID":340628082
      },
      "TargetPinAddress":{
        "PinID":211683454,
        "PinOwnerID":628891672
      },
      "ConnectionType":0,
      "ConnectedWireIndex":-1,
      "ConnectedWireSegmentIndex":-1,
      "Points":[{"x":0.0,"y":0.0},{"x":0.0,"y":0.0}]
    },
    {
      "SourcePinAddress":{
        "PinID":1102724948,
        "PinOwnerID":340628082
      },
      "TargetPinAddress":{
        "PinID":211683454,
        "PinOwnerID":1955045295
      },
      "ConnectionType":0,
      "ConnectedWireIndex":-1,
      "ConnectedWireSegmentIndex":-1,
      "Points":[{"x":0.0,"y":0.0},{"x":0.0,"y":0.0}]
    },
    {
      "SourcePinAddress":{
        "PinID":1318747156,
        "PinOwnerID":340628082
      },
      "TargetPinAddress":{
        "PinID":211683454,
        "PinOwnerID":1752396891
      },
      "ConnectionType":0,
      "ConnectedWireIndex":-1,
      "ConnectedWireSegmentIndex":-1,
      "Points":[{"x":0.0,"y":0.0},{"x":0.0,"y":0.0}]
    },
    {
      "SourcePinAddress":{
        "PinID":664193772,
        "PinOwnerID":217672716
      },
      "TargetPinAddress":{
        "PinID":211683454,
        "PinOwnerID":414498583
      },
      "ConnectionType":0,
      "ConnectedWireIndex":-1,
      "ConnectedWireSegmentIndex":-1,
      "Points":[{"x":0.0,"y":0.0},{"x":0.0,"y":0.0}]
    },
    {
      "SourcePinAddress":{
        "PinID":2015310352,
        "PinOwnerID":217672716
      },
      "TargetPinAddress":{
        "PinID":211683454,
        "PinOwnerID":1028767212
      },
      "ConnectionType":0,
      "ConnectedWireIndex":-1,
      "ConnectedWireSegmentIndex":-1,
      "Points":[{"x":0.0,"y":0.0},{"x":0.0,"y":0.0}]
    },
    {
      "SourcePinAddress":{
        "PinID":1102724948,
        "PinOwnerID":217672716
      },
      "TargetPinAddress":{
        "PinID":211683454,
        "PinOwnerID":1839842043
      },
      "ConnectionType":0,
      "ConnectedWireIndex":-1,
      "ConnectedWireSegmentIndex":-1,
      "Points":[{"x":0.0,"y":0.0},{"x":0.0,"y":0.0}]
    },
    {
      "SourcePinAddress":{
        "PinID":1318747156,
        "PinOwnerID":217672716
      },
      "TargetPinAddress":{
        "PinID":211683454,
        "PinOwnerID":424795471
      },
      "ConnectionType":0,
      "ConnectedWireIndex":-1,
      "ConnectedWireSegmentIndex":-1,
      "Points":[{"x":0.0,"y":0.0},{"x":0.0,"y":0.0}]
    },
    {
      "SourcePinAddress":{
        "PinID":14895395,
        "PinOwnerID":2113549355
      },
      "TargetPinAddress":{
        "PinID":101598402,
        "PinOwnerID":424795471
      },
      "ConnectionType":0,
      "ConnectedWireIndex":-1,
      "ConnectedWireSegmentIndex":-1,
      "Points":[{"x":0.0,"y":0.0},{"x":0.0,"y":0.0}]
    },
    {
      "SourcePinAddress":{
        "PinID":0,
        "PinOwnerID":1730896820
      },
      "TargetPinAddress":{
        "PinID":2030901329,
        "PinOwnerID":2113549355
      },
      "ConnectionType":0,
      "ConnectedWireIndex":-1,
      "ConnectedWireSegmentIndex":-1,
      "Points":[{"x":0.0,"y":0.0},{"x":0.0,"y":0.0}]
    },
    {
      "SourcePinAddress":{
        "PinID":14895395,
        "PinOwnerID":2113549355
      },
      "TargetPinAddress":{
        "PinID":101598402,
        "PinOwnerID":414498583
      },
      "ConnectionType":1,
      "ConnectedWireIndex":33,
      "ConnectedWireSegmentIndex":0,
      "Points":[{"x":13.11505,"y":249.02376},{"x":13.11505,"y":250.84802},{"x":0.0,"y":0.0}]
    },
    {
      "SourcePinAddress":{
        "PinID":14895395,
        "PinOwnerID":2113549355
      },
      "TargetPinAddress":{
        "PinID":101598402,
        "PinOwnerID":1028767212
      },
      "ConnectionType":1,
      "ConnectedWireIndex":35,
      "ConnectedWireSegmentIndex":0,
      "Points":[{"x":13.11505,"y":250.26634},{"x":0.0,"y":0.0}]
    },
    {
      "SourcePinAddress":{
        "PinID":14895395,
        "PinOwnerID":2113549355
      },
      "TargetPinAddress":{
        "PinID":101598402,
        "PinOwnerID":1839842043
      },
      "ConnectionType":1,
      "ConnectedWireIndex":35,
      "ConnectedWireSegmentIndex":0,
      "Points":[{"x":13.11505,"y":249.65547},{"x":0.0,"y":0.0}]
    },
    {
      "SourcePinAddress":{
        "PinID":0,
        "PinOwnerID":1730896820
      },
      "TargetPinAddress":{
        "PinID":101598402,
        "PinOwnerID":105757980
      },
      "ConnectionType":1,
      "ConnectedWireIndex":34,
      "ConnectedWireSegmentIndex":0,
      "Points":[{"x":11.57241,"y":249.00377},{"x":11.57241,"y":249.35149},{"x":13.2126,"y":249.35149},{"x":13.2126,"y":253.34537},{"x":0.0,"y":0.0}]
    },
    {
      "SourcePinAddress":{
        "PinID":0,
        "PinOwnerID":1730896820
      },
      "TargetPinAddress":{
        "PinID":101598402,
        "PinOwnerID":628891672
      },
      "ConnectionType":1,
      "ConnectedWireIndex":38,
      "ConnectedWireSegmentIndex":2,
      "Points":[{"x":13.2126,"y":252.68817},{"x":0.0,"y":0.0}]
    },
    {
      "SourcePinAddress":{
        "PinID":0,
        "PinOwnerID":1730896820
      },
      "TargetPinAddress":{
        "PinID":101598402,
        "PinOwnerID":1955045295
      },
      "ConnectionType":1,
      "ConnectedWireIndex":38,
      "ConnectedWireSegmentIndex":2,
      "Points":[{"x":13.2126,"y":252.0773},{"x":0.0,"y":0.0}]
    },
    {
      "SourcePinAddress":{
        "PinID":0,
        "PinOwnerID":1730896820
      },
      "TargetPinAddress":{
        "PinID":101598402,
        "PinOwnerID":1752396891
      },
      "ConnectionType":1,
      "ConnectedWireIndex":38,
      "ConnectedWireSegmentIndex":2,
      "Points":[{"x":13.2126,"y":251.46104},{"x":0.0,"y":0.0}]
    },
    {
      "SourcePinAddress":{
        "PinID":1,
        "PinOwnerID":1998730011
      },
      "TargetPinAddress":{
        "PinID":1392758076,
        "PinOwnerID":936885512
      },
      "ConnectionType":0,
      "ConnectedWireIndex":-1,
      "ConnectedWireSegmentIndex":-1,
      "Points":[{"x":0.0,"y":0.0},{"x":0.0,"y":0.0}]
    },
    {
      "SourcePinAddress":{
        "PinID":2,
        "PinOwnerID":1998730011
      },
      "TargetPinAddress":{
        "PinID":417269540,
        "PinOwnerID":936885512
      },
      "ConnectionType":0,
      "ConnectedWireIndex":-1,
      "ConnectedWireSegmentIndex":-1,
      "Points":[{"x":0.0,"y":0.0},{"x":0.0,"y":0.0}]
    },
    {
      "SourcePinAddress":{
        "PinID":3,
        "PinOwnerID":1998730011
      },
      "TargetPinAddress":{
        "PinID":286388281,
        "PinOwnerID":936885512
      },
      "ConnectionType":0,
      "ConnectedWireIndex":-1,
      "ConnectedWireSegmentIndex":-1,
      "Points":[{"x":0.0,"y":0.0},{"x":0.0,"y":0.0}]
    },
    {
      "SourcePinAddress":{
        "PinID":4,
        "PinOwnerID":1998730011
      },
      "TargetPinAddress":{
        "PinID":1858606326,
        "PinOwnerID":936885512
      },
      "ConnectionType":0,
      "ConnectedWireIndex":-1,
      "ConnectedWireSegmentIndex":-1,
      "Points":[{"x":0.0,"y":0.0},{"x":0.0,"y":0.0}]
    },
    {
      "SourcePinAddress":{
        "PinID":5,
        "PinOwnerID":1998730011
      },
      "TargetPinAddress":{
        "PinID":420992053,
        "PinOwnerID":936885512
      },
      "ConnectionType":0,
      "ConnectedWireIndex":-1,
      "ConnectedWireSegmentIndex":-1,
      "Points":[{"x":0.0,"y":0.0},{"x":0.0,"y":0.0}]
    },
    {
      "SourcePinAddress":{
        "PinID":6,
        "PinOwnerID":1998730011
      },
      "TargetPinAddress":{
        "PinID":2040735824,
        "PinOwnerID":936885512
      },
      "ConnectionType":0,
      "ConnectedWireIndex":-1,
      "ConnectedWireSegmentIndex":-1,
      "Points":[{"x":0.0,"y":0.0},{"x":0.0,"y":0.0}]
    },
    {
      "SourcePinAddress":{
        "PinID":7,
        "PinOwnerID":1998730011
      },
      "TargetPinAddress":{
        "PinID":1855074716,
        "PinOwnerID":936885512
      },
      "ConnectionType":0,
      "ConnectedWireIndex":-1,
      "ConnectedWireSegmentIndex":-1,
      "Points":[{"x":0.0,"y":0.0},{"x":0.0,"y":0.0}]
    },
    {
      "SourcePinAddress":{
        "PinID":8,
        "PinOwnerID":1998730011
      },
      "TargetPinAddress":{
        "PinID":1051531529,
        "PinOwnerID":936885512
      },
      "ConnectionType":0,
      "ConnectedWireIndex":-1,
      "ConnectedWireSegmentIndex":-1,
      "Points":[{"x":0.0,"y":0.0},{"x":0.0,"y":0.0}]
    },
    {
      "SourcePinAddress":{
        "PinID":37034238,
        "PinOwnerID":936885512
      },
      "TargetPinAddress":{
        "PinID":0,
        "PinOwnerID":336009031
      },
      "ConnectionType":0,
      "ConnectedWireIndex":-1,
      "ConnectedWireSegmentIndex":-1,
      "Points":[{"x":0.0,"y":0.0},{"x":0.0,"y":0.0}]
    },
    {
      "SourcePinAddress":{
        "PinID":1982614289,
        "PinOwnerID":936885512
      },
      "TargetPinAddress":{
        "PinID":1,
        "PinOwnerID":336009031
      },
      "ConnectionType":0,
      "ConnectedWireIndex":-1,
      "ConnectedWireSegmentIndex":-1,
      "Points":[{"x":0.0,"y":0.0},{"x":0.0,"y":0.0}]
    },
    {
      "SourcePinAddress":{
        "PinID":435990342,
        "PinOwnerID":936885512
      },
      "TargetPinAddress":{
        "PinID":2,
        "PinOwnerID":336009031
      },
      "ConnectionType":0,
      "ConnectedWireIndex":-1,
      "ConnectedWireSegmentIndex":-1,
      "Points":[{"x":0.0,"y":0.0},{"x":0.0,"y":0.0}]
    },
    {
      "SourcePinAddress":{
        "PinID":1443564094,
        "PinOwnerID":936885512
      },
      "TargetPinAddress":{
        "PinID":3,
        "PinOwnerID":336009031
      },
      "ConnectionType":0,
      "ConnectedWireIndex":-1,
      "ConnectedWireSegmentIndex":-1,
      "Points":[{"x":0.0,"y":0.0},{"x":0.0,"y":0.0}]
    },
    {
      "SourcePinAddress":{
        "PinID":1768011263,
        "PinOwnerID":936885512
      },
      "TargetPinAddress":{
        "PinID":4,
        "PinOwnerID":336009031
      },
      "ConnectionType":0,
      "ConnectedWireIndex":-1,
      "ConnectedWireSegmentIndex":-1,
      "Points":[{"x":0.0,"y":0.0},{"x":0.0,"y":0.0}]
    },
    {
      "SourcePinAddress":{
        "PinID":1929807151,
        "PinOwnerID":936885512
      },
      "TargetPinAddress":{
        "PinID":5,
        "PinOwnerID":336009031
      },
      "ConnectionType":0,
      "ConnectedWireIndex":-1,
      "ConnectedWireSegmentIndex":-1,
      "Points":[{"x":0.0,"y":0.0},{"x":0.0,"y":0.0}]
    },
    {
      "SourcePinAddress":{
        "PinID":983414596,
        "PinOwnerID":936885512
      },
      "TargetPinAddress":{
        "PinID":6,
        "PinOwnerID":336009031
      },
      "ConnectionType":0,
      "ConnectedWireIndex":-1,
      "ConnectedWireSegmentIndex":-1,
      "Points":[{"x":0.0,"y":0.0},{"x":0.0,"y":0.0}]
    },
    {
      "SourcePinAddress":{
        "PinID":628400352,
        "PinOwnerID":936885512
      },
      "TargetPinAddress":{
        "PinID":7,
        "PinOwnerID":336009031
      },
      "ConnectionType":0,
      "ConnectedWireIndex":-1,
      "ConnectedWireSegmentIndex":-1,
      "Points":[{"x":0.0,"y":0.0},{"x":0.0,"y":0.0}]
    },
    {
      "SourcePinAddress":{
        "PinID":14895395,
        "PinOwnerID":646698139
      },
      "TargetPinAddress":{
        "PinID":1009493463,
        "PinOwnerID":1578933180
      },
      "ConnectionType":0,
      "ConnectedWireIndex":-1,
      "ConnectedWireSegmentIndex":-1,
      "Points":[{"x":0.0,"y":0.0},{"x":0.0,"y":0.0}]
    },
    {
      "SourcePinAddress":{
        "PinID":8,
        "PinOwnerID":336009031
      },
      "TargetPinAddress":{
        "PinID":1148695259,
        "PinOwnerID":1578933180
      },
      "ConnectionType":0,
      "ConnectedWireIndex":-1,
      "ConnectedWireSegmentIndex":-1,
      "Points":[{"x":0.0,"y":0.0},{"x":0.0,"y":0.0}]
    },
    {
      "SourcePinAddress":{
        "PinID":1,
        "PinOwnerID":1447648109
      },
      "TargetPinAddress":{
        "PinID":1392758076,
        "PinOwnerID":1340397211
      },
      "ConnectionType":0,
      "ConnectedWireIndex":-1,
      "ConnectedWireSegmentIndex":-1,
      "Points":[{"x":0.0,"y":0.0},{"x":0.0,"y":0.0}]
    },
    {
      "SourcePinAddress":{
        "PinID":2,
        "PinOwnerID":1447648109
      },
      "TargetPinAddress":{
        "PinID":417269540,
        "PinOwnerID":1340397211
      },
      "ConnectionType":0,
      "ConnectedWireIndex":-1,
      "ConnectedWireSegmentIndex":-1,
      "Points":[{"x":0.0,"y":0.0},{"x":0.0,"y":0.0}]
    },
    {
      "SourcePinAddress":{
        "PinID":3,
        "PinOwnerID":1447648109
      },
      "TargetPinAddress":{
        "PinID":286388281,
        "PinOwnerID":1340397211
      },
      "ConnectionType":0,
      "ConnectedWireIndex":-1,
      "ConnectedWireSegmentIndex":-1,
      "Points":[{"x":0.0,"y":0.0},{"x":0.0,"y":0.0}]
    },
    {
      "SourcePinAddress":{
        "PinID":4,
        "PinOwnerID":1447648109
      },
      "TargetPinAddress":{
        "PinID":1858606326,
        "PinOwnerID":1340397211
      },
      "ConnectionType":0,
      "ConnectedWireIndex":-1,
      "ConnectedWireSegmentIndex":-1,
      "Points":[{"x":0.0,"y":0.0},{"x":0.0,"y":0.0}]
    },
    {
      "SourcePinAddress":{
        "PinID":5,
        "PinOwnerID":1447648109
      },
      "TargetPinAddress":{
        "PinID":420992053,
        "PinOwnerID":1340397211
      },
      "ConnectionType":0,
      "ConnectedWireIndex":-1,
      "ConnectedWireSegmentIndex":-1,
      "Points":[{"x":0.0,"y":0.0},{"x":0.0,"y":0.0}]
    },
    {
      "SourcePinAddress":{
        "PinID":6,
        "PinOwnerID":1447648109
      },
      "TargetPinAddress":{
        "PinID":2040735824,
        "PinOwnerID":1340397211
      },
      "ConnectionType":0,
      "ConnectedWireIndex":-1,
      "ConnectedWireSegmentIndex":-1,
      "Points":[{"x":0.0,"y":0.0},{"x":0.0,"y":0.0}]
    },
    {
      "SourcePinAddress":{
        "PinID":7,
        "PinOwnerID":1447648109
      },
      "TargetPinAddress":{
        "PinID":1855074716,
        "PinOwnerID":1340397211
      },
      "ConnectionType":0,
      "ConnectedWireIndex":-1,
      "ConnectedWireSegmentIndex":-1,
      "Points":[{"x":0.0,"y":0.0},{"x":0.0,"y":0.0}]
    },
    {
      "SourcePinAddress":{
        "PinID":8,
        "PinOwnerID":1447648109
      },
      "TargetPinAddress":{
        "PinID":1051531529,
        "PinOwnerID":1340397211
      },
      "ConnectionType":0,
      "ConnectedWireIndex":-1,
      "ConnectedWireSegmentIndex":-1,
      "Points":[{"x":0.0,"y":0.0},{"x":0.0,"y":0.0}]
    },
    {
      "SourcePinAddress":{
        "PinID":37034238,
        "PinOwnerID":1340397211
      },
      "TargetPinAddress":{
        "PinID":0,
        "PinOwnerID":820886132
      },
      "ConnectionType":0,
      "ConnectedWireIndex":-1,
      "ConnectedWireSegmentIndex":-1,
      "Points":[{"x":0.0,"y":0.0},{"x":0.0,"y":0.0}]
    },
    {
      "SourcePinAddress":{
        "PinID":1982614289,
        "PinOwnerID":1340397211
      },
      "TargetPinAddress":{
        "PinID":1,
        "PinOwnerID":820886132
      },
      "ConnectionType":0,
      "ConnectedWireIndex":-1,
      "ConnectedWireSegmentIndex":-1,
      "Points":[{"x":0.0,"y":0.0},{"x":0.0,"y":0.0}]
    },
    {
      "SourcePinAddress":{
        "PinID":435990342,
        "PinOwnerID":1340397211
      },
      "TargetPinAddress":{
        "PinID":2,
        "PinOwnerID":820886132
      },
      "ConnectionType":0,
      "ConnectedWireIndex":-1,
      "ConnectedWireSegmentIndex":-1,
      "Points":[{"x":0.0,"y":0.0},{"x":0.0,"y":0.0}]
    },
    {
      "SourcePinAddress":{
        "PinID":1443564094,
        "PinOwnerID":1340397211
      },
      "TargetPinAddress":{
        "PinID":3,
        "PinOwnerID":820886132
      },
      "ConnectionType":0,
      "ConnectedWireIndex":-1,
      "ConnectedWireSegmentIndex":-1,
      "Points":[{"x":0.0,"y":0.0},{"x":0.0,"y":0.0}]
    },
    {
      "SourcePinAddress":{
        "PinID":1768011263,
        "PinOwnerID":1340397211
      },
      "TargetPinAddress":{
        "PinID":4,
        "PinOwnerID":820886132
      },
      "ConnectionType":0,
      "ConnectedWireIndex":-1,
      "ConnectedWireSegmentIndex":-1,
      "Points":[{"x":0.0,"y":0.0},{"x":0.0,"y":0.0}]
    },
    {
      "SourcePinAddress":{
        "PinID":1929807151,
        "PinOwnerID":1340397211
      },
      "TargetPinAddress":{
        "PinID":5,
        "PinOwnerID":820886132
      },
      "ConnectionType":0,
      "ConnectedWireIndex":-1,
      "ConnectedWireSegmentIndex":-1,
      "Points":[{"x":0.0,"y":0.0},{"x":0.0,"y":0.0}]
    },
    {
      "SourcePinAddress":{
        "PinID":983414596,
        "PinOwnerID":1340397211
      },
      "TargetPinAddress":{
        "PinID":6,
        "PinOwnerID":820886132
      },
      "ConnectionType":0,
      "ConnectedWireIndex":-1,
      "ConnectedWireSegmentIndex":-1,
      "Points":[{"x":0.0,"y":0.0},{"x":0.0,"y":0.0}]
    },
    {
      "SourcePinAddress":{
        "PinID":628400352,
        "PinOwnerID":1340397211
      },
      "TargetPinAddress":{
        "PinID":7,
        "PinOwnerID":820886132
      },
      "ConnectionType":0,
      "ConnectedWireIndex":-1,
      "ConnectedWireSegmentIndex":-1,
      "Points":[{"x":0.0,"y":0.0},{"x":0.0,"y":0.0}]
    },
    {
      "SourcePinAddress":{
        "PinID":14895395,
        "PinOwnerID":992792034
      },
      "TargetPinAddress":{
        "PinID":1009493463,
        "PinOwnerID":1125626369
      },
      "ConnectionType":0,
      "ConnectedWireIndex":-1,
      "ConnectedWireSegmentIndex":-1,
      "Points":[{"x":0.0,"y":0.0},{"x":0.0,"y":0.0}]
    },
    {
      "SourcePinAddress":{
        "PinID":8,
        "PinOwnerID":820886132
      },
      "TargetPinAddress":{
        "PinID":1148695259,
        "PinOwnerID":1125626369
      },
      "ConnectionType":0,
      "ConnectedWireIndex":-1,
      "ConnectedWireSegmentIndex":-1,
      "Points":[{"x":0.0,"y":0.0},{"x":0.0,"y":0.0}]
    },
    {
      "SourcePinAddress":{
        "PinID":1,
        "PinOwnerID":1283526571
      },
      "TargetPinAddress":{
        "PinID":1392758076,
        "PinOwnerID":2093628404
      },
      "ConnectionType":0,
      "ConnectedWireIndex":-1,
      "ConnectedWireSegmentIndex":-1,
      "Points":[{"x":0.0,"y":0.0},{"x":0.0,"y":0.0}]
    },
    {
      "SourcePinAddress":{
        "PinID":2,
        "PinOwnerID":1283526571
      },
      "TargetPinAddress":{
        "PinID":417269540,
        "PinOwnerID":2093628404
      },
      "ConnectionType":0,
      "ConnectedWireIndex":-1,
      "ConnectedWireSegmentIndex":-1,
      "Points":[{"x":0.0,"y":0.0},{"x":0.0,"y":0.0}]
    },
    {
      "SourcePinAddress":{
        "PinID":3,
        "PinOwnerID":1283526571
      },
      "TargetPinAddress":{
        "PinID":286388281,
        "PinOwnerID":2093628404
      },
      "ConnectionType":0,
      "ConnectedWireIndex":-1,
      "ConnectedWireSegmentIndex":-1,
      "Points":[{"x":0.0,"y":0.0},{"x":0.0,"y":0.0}]
    },
    {
      "SourcePinAddress":{
        "PinID":4,
        "PinOwnerID":1283526571
      },
      "TargetPinAddress":{
        "PinID":1858606326,
        "PinOwnerID":2093628404
      },
      "ConnectionType":0,
      "ConnectedWireIndex":-1,
      "ConnectedWireSegmentIndex":-1,
      "Points":[{"x":0.0,"y":0.0},{"x":0.0,"y":0.0}]
    },
    {
      "SourcePinAddress":{
        "PinID":5,
        "PinOwnerID":1283526571
      },
      "TargetPinAddress":{
        "PinID":420992053,
        "PinOwnerID":2093628404
      },
      "ConnectionType":0,
      "ConnectedWireIndex":-1,
      "ConnectedWireSegmentIndex":-1,
      "Points":[{"x":0.0,"y":0.0},{"x":0.0,"y":0.0}]
    },
    {
      "SourcePinAddress":{
        "PinID":6,
        "PinOwnerID":1283526571
      },
      "TargetPinAddress":{
        "PinID":2040735824,
        "PinOwnerID":2093628404
      },
      "ConnectionType":0,
      "ConnectedWireIndex":-1,
      "ConnectedWireSegmentIndex":-1,
      "Points":[{"x":0.0,"y":0.0},{"x":0.0,"y":0.0}]
    },
    {
      "SourcePinAddress":{
        "PinID":7,
        "PinOwnerID":1283526571
      },
      "TargetPinAddress":{
        "PinID":1855074716,
        "PinOwnerID":2093628404
      },
      "ConnectionType":0,
      "ConnectedWireIndex":-1,
      "ConnectedWireSegmentIndex":-1,
      "Points":[{"x":0.0,"y":0.0},{"x":0.0,"y":0.0}]
    },
    {
      "SourcePinAddress":{
        "PinID":8,
        "PinOwnerID":1283526571
      },
      "TargetPinAddress":{
        "PinID":1051531529,
        "PinOwnerID":2093628404
      },
      "ConnectionType":0,
      "ConnectedWireIndex":-1,
      "ConnectedWireSegmentIndex":-1,
      "Points":[{"x":0.0,"y":0.0},{"x":0.0,"y":0.0}]
    },
    {
      "SourcePinAddress":{
        "PinID":37034238,
        "PinOwnerID":2093628404
      },
      "TargetPinAddress":{
        "PinID":0,
        "PinOwnerID":433520923
      },
      "ConnectionType":0,
      "ConnectedWireIndex":-1,
      "ConnectedWireSegmentIndex":-1,
      "Points":[{"x":0.0,"y":0.0},{"x":0.0,"y":0.0}]
    },
    {
      "SourcePinAddress":{
        "PinID":1982614289,
        "PinOwnerID":2093628404
      },
      "TargetPinAddress":{
        "PinID":1,
        "PinOwnerID":433520923
      },
      "ConnectionType":0,
      "ConnectedWireIndex":-1,
      "ConnectedWireSegmentIndex":-1,
      "Points":[{"x":0.0,"y":0.0},{"x":0.0,"y":0.0}]
    },
    {
      "SourcePinAddress":{
        "PinID":435990342,
        "PinOwnerID":2093628404
      },
      "TargetPinAddress":{
        "PinID":2,
        "PinOwnerID":433520923
      },
      "ConnectionType":0,
      "ConnectedWireIndex":-1,
      "ConnectedWireSegmentIndex":-1,
      "Points":[{"x":0.0,"y":0.0},{"x":0.0,"y":0.0}]
    },
    {
      "SourcePinAddress":{
        "PinID":1443564094,
        "PinOwnerID":2093628404
      },
      "TargetPinAddress":{
        "PinID":3,
        "PinOwnerID":433520923
      },
      "ConnectionType":0,
      "ConnectedWireIndex":-1,
      "ConnectedWireSegmentIndex":-1,
      "Points":[{"x":0.0,"y":0.0},{"x":0.0,"y":0.0}]
    },
    {
      "SourcePinAddress":{
        "PinID":1768011263,
        "PinOwnerID":2093628404
      },
      "TargetPinAddress":{
        "PinID":4,
        "PinOwnerID":433520923
      },
      "ConnectionType":0,
      "ConnectedWireIndex":-1,
      "ConnectedWireSegmentIndex":-1,
      "Points":[{"x":0.0,"y":0.0},{"x":0.0,"y":0.0}]
    },
    {
      "SourcePinAddress":{
        "PinID":1929807151,
        "PinOwnerID":2093628404
      },
      "TargetPinAddress":{
        "PinID":5,
        "PinOwnerID":433520923
      },
      "ConnectionType":0,
      "ConnectedWireIndex":-1,
      "ConnectedWireSegmentIndex":-1,
      "Points":[{"x":0.0,"y":0.0},{"x":0.0,"y":0.0}]
    },
    {
      "SourcePinAddress":{
        "PinID":983414596,
        "PinOwnerID":2093628404
      },
      "TargetPinAddress":{
        "PinID":6,
        "PinOwnerID":433520923
      },
      "ConnectionType":0,
      "ConnectedWireIndex":-1,
      "ConnectedWireSegmentIndex":-1,
      "Points":[{"x":0.0,"y":0.0},{"x":0.0,"y":0.0}]
    },
    {
      "SourcePinAddress":{
        "PinID":628400352,
        "PinOwnerID":2093628404
      },
      "TargetPinAddress":{
        "PinID":7,
        "PinOwnerID":433520923
      },
      "ConnectionType":0,
      "ConnectedWireIndex":-1,
      "ConnectedWireSegmentIndex":-1,
      "Points":[{"x":0.0,"y":0.0},{"x":0.0,"y":0.0}]
    },
    {
      "SourcePinAddress":{
        "PinID":14895395,
        "PinOwnerID":475283173
      },
      "TargetPinAddress":{
        "PinID":1009493463,
        "PinOwnerID":1758881087
      },
      "ConnectionType":0,
      "ConnectedWireIndex":-1,
      "ConnectedWireSegmentIndex":-1,
      "Points":[{"x":0.0,"y":0.0},{"x":0.0,"y":0.0}]
    },
    {
      "SourcePinAddress":{
        "PinID":8,
        "PinOwnerID":433520923
      },
      "TargetPinAddress":{
        "PinID":1148695259,
        "PinOwnerID":1758881087
      },
      "ConnectionType":0,
      "ConnectedWireIndex":-1,
      "ConnectedWireSegmentIndex":-1,
      "Points":[{"x":0.0,"y":0.0},{"x":0.0,"y":0.0}]
    },
    {
      "SourcePinAddress":{
        "PinID":1164945729,
        "PinOwnerID":55154085
      },
      "TargetPinAddress":{
        "PinID":1315402776,
        "PinOwnerID":142152561
      },
      "ConnectionType":0,
      "ConnectedWireIndex":-1,
      "ConnectedWireSegmentIndex":-1,
      "Points":[{"x":0.0,"y":0.0},{"x":0.0,"y":0.0}]
    },
    {
      "SourcePinAddress":{
        "PinID":1164945729,
        "PinOwnerID":1578933180
      },
      "TargetPinAddress":{
        "PinID":724775518,
        "PinOwnerID":142152561
      },
      "ConnectionType":0,
      "ConnectedWireIndex":-1,
      "ConnectedWireSegmentIndex":-1,
      "Points":[{"x":0.0,"y":0.0},{"x":21.0683,"y":259.06592},{"x":21.0683,"y":257.18561},{"x":0.0,"y":0.0}]
    },
    {
      "SourcePinAddress":{
        "PinID":1164945729,
        "PinOwnerID":1125626369
      },
      "TargetPinAddress":{
        "PinID":1315402776,
        "PinOwnerID":778539638
      },
      "ConnectionType":0,
      "ConnectedWireIndex":-1,
      "ConnectedWireSegmentIndex":-1,
      "Points":[{"x":0.0,"y":0.0},{"x":21.3995,"y":261.43021},{"x":21.3995,"y":257.74609},{"x":0.0,"y":0.0}]
    },
    {
      "SourcePinAddress":{
        "PinID":1164945729,
        "PinOwnerID":1758881087
      },
      "TargetPinAddress":{
        "PinID":724775518,
        "PinOwnerID":778539638
      },
      "ConnectionType":0,
      "ConnectedWireIndex":-1,
      "ConnectedWireSegmentIndex":-1,
      "Points":[{"x":0.0,"y":0.0},{"x":21.85809,"y":263.78006},{"x":21.85809,"y":258.30661},{"x":0.0,"y":0.0}]
    },
    {
      "SourcePinAddress":{
        "PinID":2006674237,
        "PinOwnerID":778539638
      },
      "TargetPinAddress":{
        "PinID":724775518,
        "PinOwnerID":1574832162
      },
      "ConnectionType":0,
      "ConnectedWireIndex":-1,
      "ConnectedWireSegmentIndex":-1,
      "Points":[{"x":0.0,"y":0.0},{"x":0.0,"y":0.0}]
    },
    {
      "SourcePinAddress":{
        "PinID":2006674237,
        "PinOwnerID":142152561
      },
      "TargetPinAddress":{
        "PinID":1315402776,
        "PinOwnerID":1574832162
      },
      "ConnectionType":0,
      "ConnectedWireIndex":-1,
      "ConnectedWireSegmentIndex":-1,
      "Points":[{"x":0.0,"y":0.0},{"x":0.0,"y":0.0}]
    },
    {
      "SourcePinAddress":{
        "PinID":0,
        "PinOwnerID":239679674
      },
      "TargetPinAddress":{
        "PinID":0,
        "PinOwnerID":1283526571
      },
      "ConnectionType":1,
      "ConnectedWireIndex":17,
      "ConnectedWireSegmentIndex":1,
      "Points":[{"x":11.53681,"y":256.93387},{"x":11.53681,"y":264.03522},{"x":0.0,"y":0.0}]
    },
    {
      "SourcePinAddress":{
        "PinID":0,
        "PinOwnerID":239679674
      },
      "TargetPinAddress":{
        "PinID":0,
        "PinOwnerID":1447648109
      },
      "ConnectionType":1,
      "ConnectedWireIndex":102,
      "ConnectedWireSegmentIndex":0,
      "Points":[{"x":11.53681,"y":261.62015},{"x":0.0,"y":0.0}]
    },
    {
      "SourcePinAddress":{
        "PinID":0,
        "PinOwnerID":239679674
      },
      "TargetPinAddress":{
        "PinID":0,
        "PinOwnerID":1998730011
      },
      "ConnectionType":1,
      "ConnectedWireIndex":102,
      "ConnectedWireSegmentIndex":0,
      "Points":[{"x":11.53681,"y":259.25586},{"x":0.0,"y":0.0}]
    },
    {
      "SourcePinAddress":{
        "PinID":1616067258,
        "PinOwnerID":1424098094
      },
      "TargetPinAddress":{
        "PinID":592269676,
        "PinOwnerID":340628082
      },
      "ConnectionType":0,
      "ConnectedWireIndex":-1,
      "ConnectedWireSegmentIndex":-1,
      "Points":[{"x":0.0,"y":0.0},{"x":0.0,"y":0.0}]
    },
    {
      "SourcePinAddress":{
        "PinID":1616067258,
        "PinOwnerID":627994297
      },
      "TargetPinAddress":{
        "PinID":42518213,
        "PinOwnerID":340628082
      },
      "ConnectionType":0,
      "ConnectedWireIndex":-1,
      "ConnectedWireSegmentIndex":-1,
      "Points":[{"x":0.0,"y":0.0},{"x":0.0,"y":0.0}]
    },
    {
      "SourcePinAddress":{
        "PinID":1616067258,
        "PinOwnerID":1424098094
      },
      "TargetPinAddress":{
        "PinID":592269676,
        "PinOwnerID":217672716
      },
      "ConnectionType":1,
      "ConnectedWireIndex":105,
      "ConnectedWireSegmentIndex":0,
      "Points":[{"x":11.10739,"y":252.1071},{"x":11.10739,"y":250.85789},{"x":0.0,"y":0.0}]
    },
    {
      "SourcePinAddress":{
        "PinID":1616067258,
        "PinOwnerID":627994297
      },
      "TargetPinAddress":{
        "PinID":42518213,
        "PinOwnerID":217672716
      },
      "ConnectionType":1,
      "ConnectedWireIndex":106,
      "ConnectedWireSegmentIndex":0,
      "Points":[{"x":10.70821,"y":251.34094},{"x":10.70821,"y":250.12086},{"x":0.0,"y":0.0}]
    },
    {
      "SourcePinAddress":{
        "PinID":1616067258,
        "PinOwnerID":414498583
      },
      "TargetPinAddress":{
        "PinID":211683454,
        "PinOwnerID":1306746373
      },
      "ConnectionType":0,
      "ConnectedWireIndex":-1,
      "ConnectedWireSegmentIndex":-1,
      "Points":[{"x":0.0,"y":0.0},{"x":0.0,"y":0.0}]
    },
    {
      "SourcePinAddress":{
        "PinID":1616067258,
        "PinOwnerID":1028767212
      },
      "TargetPinAddress":{
        "PinID":211683454,
        "PinOwnerID":1905780161
      },
      "ConnectionType":0,
      "ConnectedWireIndex":-1,
      "ConnectedWireSegmentIndex":-1,
      "Points":[{"x":0.0,"y":0.0},{"x":0.0,"y":0.0}]
    },
    {
      "SourcePinAddress":{
        "PinID":1616067258,
        "PinOwnerID":1839842043
      },
      "TargetPinAddress":{
        "PinID":211683454,
        "PinOwnerID":1077422825
      },
      "ConnectionType":0,
      "ConnectedWireIndex":-1,
      "ConnectedWireSegmentIndex":-1,
      "Points":[{"x":0.0,"y":0.0},{"x":0.0,"y":0.0}]
    },
    {
      "SourcePinAddress":{
        "PinID":1616067258,
        "PinOwnerID":424795471
      },
      "TargetPinAddress":{
        "PinID":211683454,
        "PinOwnerID":739172841
      },
      "ConnectionType":0,
      "ConnectedWireIndex":-1,
      "ConnectedWireSegmentIndex":-1,
      "Points":[{"x":0.0,"y":0.0},{"x":0.0,"y":0.0}]
    },
    {
      "SourcePinAddress":{
        "PinID":14895395,
        "PinOwnerID":1942539345
      },
      "TargetPinAddress":{
        "PinID":101598402,
        "PinOwnerID":1306746373
      },
      "ConnectionType":0,
      "ConnectedWireIndex":-1,
      "ConnectedWireSegmentIndex":-1,
      "Points":[{"x":0.0,"y":0.0},{"x":15.41963,"y":248.63887},{"x":15.41963,"y":250.83133},{"x":0.0,"y":0.0}]
    },
    {
      "SourcePinAddress":{
        "PinID":14895395,
        "PinOwnerID":1942539345
      },
      "TargetPinAddress":{
        "PinID":101598402,
        "PinOwnerID":1905780161
      },
      "ConnectionType":1,
      "ConnectedWireIndex":113,
      "ConnectedWireSegmentIndex":1,
      "Points":[{"x":15.41963,"y":250.24355},{"x":0.0,"y":0.0}]
    },
    {
      "SourcePinAddress":{
        "PinID":14895395,
        "PinOwnerID":1942539345
      },
      "TargetPinAddress":{
        "PinID":101598402,
        "PinOwnerID":1077422825
      },
      "ConnectionType":1,
      "ConnectedWireIndex":113,
      "ConnectedWireSegmentIndex":1,
      "Points":[{"x":15.41963,"y":249.63268},{"x":0.0,"y":0.0}]
    },
    {
      "SourcePinAddress":{
        "PinID":14895395,
        "PinOwnerID":1942539345
      },
      "TargetPinAddress":{
        "PinID":101598402,
        "PinOwnerID":739172841
      },
      "ConnectionType":1,
      "ConnectedWireIndex":113,
      "ConnectedWireSegmentIndex":1,
      "Points":[{"x":15.41963,"y":249.01642},{"x":0.0,"y":0.0}]
    },
    {
      "SourcePinAddress":{
        "PinID":1616067258,
        "PinOwnerID":1752396891
      },
      "TargetPinAddress":{
        "PinID":2030901329,
        "PinOwnerID":1863392093
      },
      "ConnectionType":0,
      "ConnectedWireIndex":-1,
      "ConnectedWireSegmentIndex":-1,
      "Points":[{"x":0.0,"y":0.0},{"x":18.55121,"y":251.8316},{"x":18.55121,"y":256.45532},{"x":0.0,"y":0.0}]
    },
    {
      "SourcePinAddress":{
        "PinID":1616067258,
        "PinOwnerID":1955045295
      },
      "TargetPinAddress":{
        "PinID":2030901329,
        "PinOwnerID":646698139
      },
      "ConnectionType":0,
      "ConnectedWireIndex":-1,
      "ConnectedWireSegmentIndex":-1,
      "Points":[{"x":0.0,"y":0.0},{"x":18.43491,"y":252.44786},{"x":18.43491,"y":258.85104},{"x":0.0,"y":0.0}]
    },
    {
      "SourcePinAddress":{
        "PinID":1616067258,
        "PinOwnerID":628891672
      },
      "TargetPinAddress":{
        "PinID":2030901329,
        "PinOwnerID":992792034
      },
      "ConnectionType":0,
      "ConnectedWireIndex":-1,
      "ConnectedWireSegmentIndex":-1,
      "Points":[{"x":0.0,"y":0.0},{"x":18.31861,"y":253.05873},{"x":18.31861,"y":261.20029},{"x":0.0,"y":0.0}]
    },
    {
      "SourcePinAddress":{
        "PinID":1616067258,
        "PinOwnerID":105757980
      },
      "TargetPinAddress":{
        "PinID":2030901329,
        "PinOwnerID":475283173
      },
      "ConnectionType":0,
      "ConnectedWireIndex":-1,
      "ConnectedWireSegmentIndex":-1,
      "Points":[{"x":0.0,"y":0.0},{"x":18.21162,"y":253.65404},{"x":18.21162,"y":263.53192},{"x":0.0,"y":0.0}]
    },
    {
      "SourcePinAddress":{
        "PinID":1616067258,
        "PinOwnerID":739172841
      },
      "TargetPinAddress":{
        "PinID":703899233,
        "PinOwnerID":205745382
      },
      "ConnectionType":0,
      "ConnectedWireIndex":-1,
      "ConnectedWireSegmentIndex":-1,
      "Points":[{"x":0.0,"y":0.0},{"x":18.10244,"y":249.14142},{"x":18.10244,"y":255.49075},{"x":14.31524,"y":255.49075},{"x":14.31524,"y":255.91899},{"x":0.0,"y":0.0}]
    },
    {
      "SourcePinAddress":{
        "PinID":1616067258,
        "PinOwnerID":1077422825
      },
      "TargetPinAddress":{
        "PinID":703899233,
        "PinOwnerID":936885512
      },
      "ConnectionType":0,
      "ConnectedWireIndex":-1,
      "ConnectedWireSegmentIndex":-1,
      "Points":[{"x":0.0,"y":0.0},{"x":17.91509,"y":249.75768},{"x":17.91509,"y":255.2231},{"x":14.39553,"y":255.2231},{"x":14.39553,"y":258.24753},{"x":0.0,"y":0.0}]
    },
    {
      "SourcePinAddress":{
        "PinID":1616067258,
        "PinOwnerID":1905780161
      },
      "TargetPinAddress":{
        "PinID":703899233,
        "PinOwnerID":1340397211
      },
      "ConnectionType":0,
      "ConnectedWireIndex":-1,
      "ConnectedWireSegmentIndex":-1,
      "Points":[{"x":0.0,"y":0.0},{"x":17.70097,"y":250.36855},{"x":17.70097,"y":254.98222},{"x":14.44906,"y":254.98222},{"x":14.44906,"y":260.65634},{"x":0.0,"y":0.0}]
    },
    {
      "SourcePinAddress":{
        "PinID":1616067258,
        "PinOwnerID":1306746373
      },
      "TargetPinAddress":{
        "PinID":703899233,
        "PinOwnerID":2093628404
      },
      "ConnectionType":0,
      "ConnectedWireIndex":-1,
      "ConnectedWireSegmentIndex":-1,
      "Points":[{"x":0.0,"y":0.0},{"x":17.50024,"y":250.96385},{"x":17.50024,"y":254.74129},{"x":14.50259,"y":254.74129},{"x":14.50259,"y":262.9848},{"x":0.0,"y":0.0}]
    },
    {
      "SourcePinAddress":{
        "PinID":2006674237,
        "PinOwnerID":1574832162
      },
      "TargetPinAddress":{
        "PinID":1148695259,
        "PinOwnerID":132368510
      },
      "ConnectionType":0,
      "ConnectedWireIndex":-1,
      "ConnectedWireSegmentIndex":-1,
      "Points":[{"x":0.0,"y":0.0},{"x":0.0,"y":0.0}]
    },
    {
      "SourcePinAddress":{
        "PinID":14895395,
        "PinOwnerID":875583949
      },
      "TargetPinAddress":{
        "PinID":1009493463,
        "PinOwnerID":132368510
      },
      "ConnectionType":1,
      "ConnectedWireIndex":22,
      "ConnectedWireSegmentIndex":0,
      "Points":[{"x":7.55678,"y":248.0936},{"x":25.39266,"y":248.0936},{"x":25.9109,"y":248.0936},{"x":25.9109,"y":257.04062},{"x":0.0,"y":0.0}]
    },
    {
      "SourcePinAddress":{
        "PinID":1164945729,
        "PinOwnerID":132368510
      },
      "TargetPinAddress":{
        "PinID":0,
        "PinOwnerID":2068336395
      },
      "ConnectionType":0,
      "ConnectedWireIndex":-1,
      "ConnectedWireSegmentIndex":-1,
      "Points":[{"x":0.0,"y":0.0},{"x":0.0,"y":0.0}]
    }
  ],
  "Displays": null
}