{
  "DLSVersion": "2.1.6",
  "Name": "s8 8bit Data Mem 2",
  "NameLocation": 0,
  "ChipType": 0,
  "Size": {
    "x": 1.7,
    "y": 3.5
  },
  "Colour": {
    "r": 0.3303424,
    "g": 0.8424016,
    "b": 0.6619842,
    "a": 1
  },
  "InputPins":[
    {
      "Name":"Pixel Data",
      "ID":833179041,
      "Position":{
        "x":17.65983,
        "y":254.48232
      },
      "BitCount":8,
      "Colour":0,
      "ValueDisplayMode":0
    },
    {
      "Name":"Controller Info",
      "ID":683032492,
      "Position":{
        "x":17.61886,
        "y":253.95032
      },
      "BitCount":8,
      "Colour":0,
      "ValueDisplayMode":0
    },
    {
      "Name":"Data",
      "ID":609401728,
      "Position":{
        "x":17.61507,
        "y":253.422
      },
      "BitCount":8,
      "Colour":0,
      "ValueDisplayMode":0
    },
    {
      "Name":"IN",
      "ID":1765059606,
      "Position":{
        "x":17.64433,
        "y":251.96323
      },
      "BitCount":1,
      "Colour":0,
      "ValueDisplayMode":0
    },
    {
      "Name":"IN",
      "ID":403408108,
      "Position":{
        "x":17.66985,
        "y":251.47855
      },
      "BitCount":1,
      "Colour":0,
      "ValueDisplayMode":0
    },
    {
      "Name":"IN",
      "ID":1652567763,
      "Position":{
        "x":17.66134,
        "y":250.98537
      },
      "BitCount":1,
      "Colour":0,
      "ValueDisplayMode":0
    },
    {
      "Name":"Write En",
      "ID":1511633990,
      "Position":{
        "x":17.66336,
        "y":250.36928
      },
      "BitCount":1,
      "Colour":0,
      "ValueDisplayMode":0
    },
    {
      "Name":"CLK",
      "ID":198650821,
      "Position":{
        "x":17.69522,
        "y":249.78009
      },
      "BitCount":1,
      "Colour":0,
      "ValueDisplayMode":0
    },
    {
      "Name":"EN",
      "ID":1495488093,
      "Position":{
        "x":17.61599,
        "y":249.13477
      },
      "BitCount":1,
      "Colour":0,
      "ValueDisplayMode":0
    },
    {
      "Name":"CLK SIGN",
      "ID":664806330,
      "Position":{
        "x":17.637,
        "y":248.47218
      },
      "BitCount":1,
      "Colour":0,
      "ValueDisplayMode":0
    }
  ],
  "OutputPins":[
    {
      "Name":"Addr 254",
      "ID":915370424,
      "Position":{
        "x":33.4842,
        "y":253.70601
      },
      "BitCount":8,
      "Colour":0,
      "ValueDisplayMode":0
    },
    {
      "Name":"Addr 253",
      "ID":1146467829,
      "Position":{
        "x":33.49174,
        "y":253.05765
      },
      "BitCount":8,
      "Colour":0,
      "ValueDisplayMode":0
    },
    {
      "Name":"Addr 252",
      "ID":525329570,
      "Position":{
        "x":33.55959,
        "y":252.4319
      },
      "BitCount":8,
      "Colour":0,
      "ValueDisplayMode":0
    },
    {
      "Name":"OUT",
      "ID":1814040640,
      "Position":{
        "x":33.55691,
        "y":251.80847
      },
      "BitCount":8,
      "Colour":0,
      "ValueDisplayMode":0
    },
    {
      "Name":"Addr 251",
      "ID":1572816247,
      "Position":{
        "x":33.68738,
        "y":251.07927
      },
      "BitCount":8,
      "Colour":0,
      "ValueDisplayMode":0
    },
    {
      "Name":"Addr 249",
      "ID":1293422560,
      "Position":{
        "x":33.69492,
        "y":250.43091
      },
      "BitCount":8,
      "Colour":0,
      "ValueDisplayMode":0
    },
    {
      "Name":"Addr 248",
      "ID":1525382824,
      "Position":{
        "x":33.76277,
        "y":249.80516
      },
      "BitCount":8,
      "Colour":0,
      "ValueDisplayMode":0
    }
  ],
  "SubChips":[
    {
      "Name":"8Bitwise OR",
      "ID":1176746305,
      "Label":"",
      "Position":{
        "x":28.83569,
        "y":251.81097
      },
      "OutputPinColourInfo":[{"PinColour":0,"PinID":2006674237}],
      "InternalData":null
    },
    {
      "Name":"NOT",
      "ID":1218440928,
      "Label":"",
      "Position":{
        "x":25.19141,
        "y":250.14552
      },
      "OutputPinColourInfo":[{"PinColour":0,"PinID":14895395}],
      "InternalData":null
    },
    {
      "Name":"AND",
      "ID":1282282736,
      "Label":"",
      "Position":{
        "x":25.33753,
        "y":250.68307
      },
      "OutputPinColourInfo":[{"PinColour":0,"PinID":1931642737}],
      "InternalData":null
    },
    {
      "Name":"AND",
      "ID":1936613142,
      "Label":"",
      "Position":{
        "x":25.0207,
        "y":252.50526
      },
      "OutputPinColourInfo":[{"PinColour":0,"PinID":1931642737}],
      "InternalData":null
    },
    {
      "Name":"8B Cancler",
      "ID":1512888275,
      "Label":"",
      "Position":{
        "x":30.73821,
        "y":251.67265
      },
      "OutputPinColourInfo":[{"PinColour":0,"PinID":1164945729}],
      "InternalData":null
    },
    {
      "Name":"Cancler",
      "ID":933374724,
      "Label":"",
      "Position":{
        "x":21.97072,
        "y":249.69189
      },
      "OutputPinColourInfo":[{"PinColour":0,"PinID":1616067258}],
      "InternalData":null
    },
    {
      "Name":"NOT",
      "ID":1345946352,
      "Label":"",
      "Position":{
        "x":19.47597,
        "y":249.12477
      },
      "OutputPinColourInfo":[{"PinColour":0,"PinID":14895395}],
      "InternalData":null
    },
    {
      "Name":"s4 8B DataMem 3",
      "ID":1416367977,
      "Label":"",
      "Position":{
        "x":26.90571,
        "y":249.98695
      },
      "OutputPinColourInfo":[{"PinColour":0,"PinID":1397305854},{"PinColour":0,"PinID":825774968},{"PinColour":0,"PinID":1802311500},{"PinColour":0,"PinID":2068336395}],
      "InternalData":null
    },
    {
      "Name":"s4 8B DataMem 4",
      "ID":554863820,
      "Label":"",
      "Position":{
        "x":26.78201,
        "y":252.79237
      },
      "OutputPinColourInfo":[{"PinColour":0,"PinID":24190548},{"PinColour":0,"PinID":572010236},{"PinColour":0,"PinID":1512194436},{"PinColour":0,"PinID":2068336395}],
      "InternalData":null
    }
  ],
  "Wires":[
    {
      "SourcePinAddress":{
        "PinID":0,
        "PinOwnerID":1765059606
      },
      "TargetPinAddress":{
        "PinID":2030901329,
        "PinOwnerID":1218440928
      },
      "ConnectionType":0,
      "ConnectedWireIndex":-1,
      "ConnectedWireSegmentIndex":-1,
      "Points":[{"x":0.0,"y":0.0},{"x":23.21399,"y":251.95558},{"x":23.21399,"y":250.14552},{"x":0.0,"y":0.0}]
    },
    {
      "SourcePinAddress":{
        "PinID":14895395,
        "PinOwnerID":1218440928
      },
      "TargetPinAddress":{
        "PinID":707504547,
        "PinOwnerID":1282282736
      },
      "ConnectionType":0,
      "ConnectedWireIndex":-1,
      "ConnectedWireSegmentIndex":-1,
      "Points":[{"x":0.0,"y":0.0},{"x":25.61618,"y":250.16296},{"x":25.61715,"y":250.36777},{"x":24.89747,"y":250.36777},{"x":24.89747,"y":250.5592},{"x":0.0,"y":0.0}]
    },
    {
      "SourcePinAddress":{
        "PinID":0,
        "PinOwnerID":1511633990
      },
      "TargetPinAddress":{
        "PinID":1116648463,
        "PinOwnerID":1282282736
      },
      "ConnectionType":0,
      "ConnectedWireIndex":-1,
      "ConnectedWireSegmentIndex":-1,
      "Points":[{"x":0.0,"y":0.0},{"x":0.0,"y":0.0}]
    },
    {
      "SourcePinAddress":{
        "PinID":0,
        "PinOwnerID":1765059606
      },
      "TargetPinAddress":{
        "PinID":707504547,
        "PinOwnerID":1936613142
      },
      "ConnectionType":1,
      "ConnectedWireIndex":0,
      "ConnectedWireSegmentIndex":0,
      "Points":[{"x":23.20165,"y":251.9556},{"x":24.50142,"y":252.00311},{"x":24.50142,"y":252.37343},{"x":0.0,"y":0.0}]
    },
    {
      "SourcePinAddress":{
        "PinID":0,
        "PinOwnerID":1511633990
      },
      "TargetPinAddress":{
        "PinID":1116648463,
        "PinOwnerID":1936613142
      },
      "ConnectionType":1,
      "ConnectedWireIndex":2,
      "ConnectedWireSegmentIndex":0,
      "Points":[{"x":24.33692,"y":250.76152},{"x":24.34151,"y":252.62976},{"x":0.0,"y":0.0}]
    },
    {
      "SourcePinAddress":{
        "PinID":2006674237,
        "PinOwnerID":1176746305
      },
      "TargetPinAddress":{
        "PinID":1148695259,
        "PinOwnerID":1512888275
      },
      "ConnectionType":0,
      "ConnectedWireIndex":-1,
      "ConnectedWireSegmentIndex":-1,
      "Points":[{"x":0.0,"y":0.0},{"x":0.0,"y":0.0}]
    },
    {
      "SourcePinAddress":{
        "PinID":1164945729,
        "PinOwnerID":1512888275
      },
      "TargetPinAddress":{
        "PinID":0,
        "PinOwnerID":1814040640
      },
      "ConnectionType":0,
      "ConnectedWireIndex":-1,
      "ConnectedWireSegmentIndex":-1,
      "Points":[{"x":0.0,"y":0.0},{"x":0.0,"y":0.0}]
    },
    {
      "SourcePinAddress":{
        "PinID":0,
        "PinOwnerID":198650821
      },
      "TargetPinAddress":{
        "PinID":211683454,
        "PinOwnerID":933374724
      },
      "ConnectionType":0,
      "ConnectedWireIndex":-1,
      "ConnectedWireSegmentIndex":-1,
      "Points":[{"x":0.0,"y":0.0},{"x":0.0,"y":0.0}]
    },
    {
      "SourcePinAddress":{
        "PinID":0,
        "PinOwnerID":1495488093
      },
      "TargetPinAddress":{
        "PinID":2030901329,
        "PinOwnerID":1345946352
      },
      "ConnectionType":0,
      "ConnectedWireIndex":-1,
      "ConnectedWireSegmentIndex":-1,
      "Points":[{"x":0.0,"y":0.0},{"x":0.0,"y":0.0}]
    },
    {
      "SourcePinAddress":{
        "PinID":14895395,
        "PinOwnerID":1345946352
      },
      "TargetPinAddress":{
        "PinID":101598402,
        "PinOwnerID":933374724
      },
      "ConnectionType":0,
      "ConnectedWireIndex":-1,
      "ConnectedWireSegmentIndex":-1,
      "Points":[{"x":0.0,"y":0.0},{"x":21.08009,"y":249.12477},{"x":21.08009,"y":249.57036},{"x":0.0,"y":0.0}]
    },
    {
      "SourcePinAddress":{
        "PinID":14895395,
        "PinOwnerID":1345946352
      },
      "TargetPinAddress":{
        "PinID":1009493463,
        "PinOwnerID":1512888275
      },
      "ConnectionType":1,
      "ConnectedWireIndex":9,
      "ConnectedWireSegmentIndex":0,
      "Points":[{"x":21.05781,"y":249.12477},{"x":29.73193,"y":249.12477},{"x":29.73193,"y":251.40471},{"x":0.0,"y":0.0}]
    },
    {
      "SourcePinAddress":{
        "PinID":14895395,
        "PinOwnerID":1218440928
      },
      "TargetPinAddress":{
        "PinID":1697762311,
        "PinOwnerID":1416367977
      },
      "ConnectionType":1,
      "ConnectedWireIndex":1,
      "ConnectedWireSegmentIndex":1,
      "Points":[{"x":25.6162,"y":250.16565},{"x":0.0,"y":0.0}]
    },
    {
      "SourcePinAddress":{
        "PinID":1616067258,
        "PinOwnerID":933374724
      },
      "TargetPinAddress":{
        "PinID":1938570931,
        "PinOwnerID":1416367977
      },
      "ConnectionType":0,
      "ConnectedWireIndex":-1,
      "ConnectedWireSegmentIndex":-1,
      "Points":[{"x":0.0,"y":0.0},{"x":25.85102,"y":249.69189},{"x":25.85102,"y":250.41562},{"x":0.0,"y":0.0}]
    },
    {
      "SourcePinAddress":{
        "PinID":1931642737,
        "PinOwnerID":1282282736
      },
      "TargetPinAddress":{
        "PinID":1730896820,
        "PinOwnerID":1416367977
      },
      "ConnectionType":0,
      "ConnectedWireIndex":-1,
      "ConnectedWireSegmentIndex":-1,
      "Points":[{"x":0.0,"y":0.0},{"x":0.0,"y":0.0}]
    },
    {
      "SourcePinAddress":{
        "PinID":0,
        "PinOwnerID":1652567763
      },
      "TargetPinAddress":{
        "PinID":1501199287,
        "PinOwnerID":1416367977
      },
      "ConnectionType":0,
      "ConnectedWireIndex":-1,
      "ConnectedWireSegmentIndex":-1,
      "Points":[{"x":0.0,"y":0.0},{"x":25.72045,"y":250.98067},{"x":0.0,"y":0.0}]
    },
    {
      "SourcePinAddress":{
        "PinID":0,
        "PinOwnerID":403408108
      },
      "TargetPinAddress":{
        "PinID":774149005,
        "PinOwnerID":1416367977
      },
      "ConnectionType":0,
      "ConnectedWireIndex":-1,
      "ConnectedWireSegmentIndex":-1,
      "Points":[{"x":0.0,"y":0.0},{"x":25.53179,"y":251.24901},{"x":25.53179,"y":251.25818},{"x":0.0,"y":0.0}]
    },
    {
      "SourcePinAddress":{
        "PinID":0,
        "PinOwnerID":609401728
      },
      "TargetPinAddress":{
        "PinID":239679674,
        "PinOwnerID":1416367977
      },
      "ConnectionType":0,
      "ConnectedWireIndex":-1,
      "ConnectedWireSegmentIndex":-1,
      "Points":[{"x":0.0,"y":0.0},{"x":23.7239,"y":253.42992},{"x":23.72406,"y":251.54062},{"x":0.0,"y":0.0}]
    },
    {
      "SourcePinAddress":{
        "PinID":2068336395,
        "PinOwnerID":554863820
      },
      "TargetPinAddress":{
        "PinID":724775518,
        "PinOwnerID":1176746305
      },
      "ConnectionType":0,
      "ConnectedWireIndex":-1,
      "ConnectedWireSegmentIndex":-1,
      "Points":[{"x":0.0,"y":0.0},{"x":0.0,"y":0.0}]
    },
    {
      "SourcePinAddress":{
        "PinID":0,
        "PinOwnerID":609401728
      },
      "TargetPinAddress":{
        "PinID":239679674,
        "PinOwnerID":554863820
      },
      "ConnectionType":1,
      "ConnectedWireIndex":16,
      "ConnectedWireSegmentIndex":0,
      "Points":[{"x":23.68933,"y":253.42986},{"x":0.0,"y":0.0}]
    },
    {
      "SourcePinAddress":{
        "PinID":1931642737,
        "PinOwnerID":1936613142
      },
      "TargetPinAddress":{
        "PinID":1730896820,
        "PinOwnerID":554863820
      },
      "ConnectionType":0,
      "ConnectedWireIndex":-1,
      "ConnectedWireSegmentIndex":-1,
      "Points":[{"x":0.0,"y":0.0},{"x":0.0,"y":0.0}]
    },
    {
      "SourcePinAddress":{
        "PinID":0,
        "PinOwnerID":1652567763
      },
      "TargetPinAddress":{
        "PinID":1501199287,
        "PinOwnerID":554863820
      },
      "ConnectionType":1,
      "ConnectedWireIndex":14,
      "ConnectedWireSegmentIndex":1,
      "Points":[{"x":25.7223,"y":250.97594},{"x":25.72807,"y":252.79237},{"x":0.0,"y":0.0}]
    },
    {
      "SourcePinAddress":{
        "PinID":0,
        "PinOwnerID":403408108
      },
      "TargetPinAddress":{
        "PinID":774149005,
        "PinOwnerID":554863820
      },
      "ConnectionType":1,
      "ConnectedWireIndex":15,
      "ConnectedWireSegmentIndex":2,
      "Points":[{"x":25.5454,"y":251.23328},{"x":25.57533,"y":253.04237},{"x":0.0,"y":0.0}]
    },
    {
      "SourcePinAddress":{
        "PinID":1616067258,
        "PinOwnerID":933374724
      },
      "TargetPinAddress":{
        "PinID":1938570931,
        "PinOwnerID":554863820
      },
      "ConnectionType":1,
      "ConnectedWireIndex":12,
      "ConnectedWireSegmentIndex":2,
      "Points":[{"x":25.8515,"y":250.41397},{"x":25.85624,"y":252.31082},{"x":0.0,"y":0.0}]
    },
    {
      "SourcePinAddress":{
        "PinID":0,
        "PinOwnerID":1765059606
      },
      "TargetPinAddress":{
        "PinID":1697762311,
        "PinOwnerID":554863820
      },
      "ConnectionType":1,
      "ConnectedWireIndex":3,
      "ConnectedWireSegmentIndex":0,
      "Points":[{"x":24.50142,"y":252.00311},{"x":0.0,"y":0.0}]
    },
    {
      "SourcePinAddress":{
        "PinID":0,
        "PinOwnerID":683032492
      },
      "TargetPinAddress":{
        "PinID":334306691,
        "PinOwnerID":554863820
      },
      "ConnectionType":0,
      "ConnectedWireIndex":-1,
      "ConnectedWireSegmentIndex":-1,
      "Points":[{"x":0.0,"y":0.0},{"x":0.0,"y":0.0}]
    },
    {
      "SourcePinAddress":{
        "PinID":24190548,
        "PinOwnerID":554863820
      },
      "TargetPinAddress":{
        "PinID":0,
        "PinOwnerID":915370424
      },
      "ConnectionType":0,
      "ConnectedWireIndex":-1,
      "ConnectedWireSegmentIndex":-1,
      "Points":[{"x":0.0,"y":0.0},{"x":0.0,"y":0.0}]
    },
    {
      "SourcePinAddress":{
        "PinID":572010236,
        "PinOwnerID":554863820
      },
      "TargetPinAddress":{
        "PinID":0,
        "PinOwnerID":1146467829
      },
      "ConnectionType":0,
      "ConnectedWireIndex":-1,
      "ConnectedWireSegmentIndex":-1,
      "Points":[{"x":0.0,"y":0.0},{"x":0.0,"y":0.0}]
    },
    {
      "SourcePinAddress":{
        "PinID":1512194436,
        "PinOwnerID":554863820
      },
      "TargetPinAddress":{
        "PinID":0,
        "PinOwnerID":525329570
      },
      "ConnectionType":0,
      "ConnectedWireIndex":-1,
      "ConnectedWireSegmentIndex":-1,
      "Points":[{"x":0.0,"y":0.0},{"x":0.0,"y":0.0}]
    },
    {
      "SourcePinAddress":{
        "PinID":0,
        "PinOwnerID":664806330
      },
      "TargetPinAddress":{
        "PinID":1136965317,
        "PinOwnerID":554863820
      },
      "ConnectionType":0,
      "ConnectedWireIndex":-1,
      "ConnectedWireSegmentIndex":-1,
      "Points":[{"x":0.0,"y":0.0},{"x":24.90804,"y":248.44688},{"x":24.90804,"y":251.66737},{"x":0.0,"y":0.0}]
    },
    {
      "SourcePinAddress":{
        "PinID":0,
        "PinOwnerID":664806330
      },
      "TargetPinAddress":{
        "PinID":1114989736,
        "PinOwnerID":1416367977
      },
      "ConnectionType":1,
      "ConnectedWireIndex":28,
      "ConnectedWireSegmentIndex":0,
      "Points":[{"x":24.90804,"y":248.44688},{"x":0.0,"y":0.0}]
    },
    {
      "SourcePinAddress":{
        "PinID":2068336395,
        "PinOwnerID":1416367977
      },
      "TargetPinAddress":{
        "PinID":1315402776,
        "PinOwnerID":1176746305
      },
      "ConnectionType":0,
      "ConnectedWireIndex":-1,
      "ConnectedWireSegmentIndex":-1,
      "Points":[{"x":0.0,"y":0.0},{"x":28.05594,"y":248.98695},{"x":0.0,"y":0.0}]
    },
    {
      "SourcePinAddress":{
        "PinID":0,
        "PinOwnerID":833179041
      },
      "TargetPinAddress":{
        "PinID":1484982465,
        "PinOwnerID":1416367977
      },
      "ConnectionType":0,
      "ConnectedWireIndex":-1,
      "ConnectedWireSegmentIndex":-1,
      "Points":[{"x":0.0,"y":0.0},{"x":22.0544,"y":254.508},{"x":22.0544,"y":250.98695},{"x":0.0,"y":0.0}]
    },
    {
      "SourcePinAddress":{
        "PinID":1397305854,
        "PinOwnerID":1416367977
      },
      "TargetPinAddress":{
        "PinID":0,
        "PinOwnerID":1572816247
      },
      "ConnectionType":0,
      "ConnectedWireIndex":-1,
      "ConnectedWireSegmentIndex":-1,
      "Points":[{"x":0.0,"y":0.0},{"x":0.0,"y":0.0}]
    },
    {
      "SourcePinAddress":{
        "PinID":825774968,
        "PinOwnerID":1416367977
      },
      "TargetPinAddress":{
        "PinID":0,
        "PinOwnerID":1293422560
      },
      "ConnectionType":0,
      "ConnectedWireIndex":-1,
      "ConnectedWireSegmentIndex":-1,
      "Points":[{"x":0.0,"y":0.0},{"x":0.0,"y":0.0}]
    },
    {
      "SourcePinAddress":{
        "PinID":1802311500,
        "PinOwnerID":1416367977
      },
      "TargetPinAddress":{
        "PinID":0,
        "PinOwnerID":1525382824
      },
      "ConnectionType":0,
      "ConnectedWireIndex":-1,
      "ConnectedWireSegmentIndex":-1,
      "Points":[{"x":0.0,"y":0.0},{"x":0.0,"y":0.0}]
    }
  ],
  "Displays": null
}