{
  "DLSVersion": "2.1.6",
  "Name": "s8 8bit Data Mem 1",
  "NameLocation": 0,
  "ChipType": 0,
  "Size": {
    "x": 1.7,
    "y": 3.0
  },
  "Colour": {
    "r": 0.790833533,
    "g": 0.9525552,
    "b": 0.691291,
    "a": 1
  },
  "InputPins":[
    {
      "Name":"Data",
      "ID":609401728,
      "Position":{
        "x":17.61507,
        "y":253.422
      },
      "BitCount":8,
      "Colour":0,
      "ValueDisplayMode":0
    },
    {
      "Name":"IN",
      "ID":1765059606,
      "Position":{
        "x":17.64433,
        "y":251.96323
      },
      "BitCount":1,
      "Colour":0,
      "ValueDisplayMode":0
    },
    {
      "Name":"IN",
      "ID":403408108,
      "Position":{
        "x":17.66985,
        "y":251.47855
      },
      "BitCount":1,
      "Colour":0,
      "ValueDisplayMode":0
    },
    {
      "Name":"IN",
      "ID":1652567763,
      "Position":{
        "x":17.66134,
        "y":250.98537
      },
      "BitCount":1,
      "Colour":0,
      "ValueDisplayMode":0
    },
    {
      "Name":"Write En",
      "ID":1511633990,
      "Position":{
        "x":17.66336,
        "y":250.36928
      },
      "BitCount":1,
      "Colour":0,
      "ValueDisplayMode":0
    },
    {
      "Name":"CLK",
      "ID":198650821,
      "Position":{
        "x":17.67369,
        "y":249.79085
      },
      "BitCount":1,
      "Colour":0,
      "ValueDisplayMode":0
    },
    {
      "Name":"EN",
      "ID":1495488093,
      "Position":{
        "x":17.61599,
        "y":249.13477
      },
      "BitCount":1,
      "Colour":0,
      "ValueDisplayMode":0
    }
  ],
  "OutputPins":[
    {
      "Name":"Addr 247",
      "ID":1912313224,
      "Position":{
        "x":33.51125,
        "y":253.31464
      },
      "BitCount":8,
      "Colour":0,
      "ValueDisplayMode":0
    },
    {
      "Name":"Addr 246",
      "ID":1844569250,
      "Position":{
        "x":33.58517,
        "y":252.78236
      },
      "BitCount":8,
      "Colour":0,
      "ValueDisplayMode":0
    },
    {
      "Name":"OUT",
      "ID":1814040640,
      "Position":{
        "x":33.55691,
        "y":251.80847
      },
      "BitCount":8,
      "Colour":0,
      "ValueDisplayMode":0
    }
  ],
  "SubChips":[
    {
      "Name":"8Bitwise OR",
      "ID":1176746305,
      "Label":"",
      "Position":{
        "x":28.83569,
        "y":251.61774
      },
      "OutputPinColourInfo":[{"PinColour":0,"PinID":2006674237}],
      "InternalData":null
    },
    {
      "Name":"NOT",
      "ID":1218440928,
      "Label":"",
      "Position":{
        "x":25.19141,
        "y":250.14552
      },
      "OutputPinColourInfo":[{"PinColour":0,"PinID":14895395}],
      "InternalData":null
    },
    {
      "Name":"AND",
      "ID":1282282736,
      "Label":"",
      "Position":{
        "x":25.33753,
        "y":250.68307
      },
      "OutputPinColourInfo":[{"PinColour":0,"PinID":1931642737}],
      "InternalData":null
    },
    {
      "Name":"AND",
      "ID":1936613142,
      "Label":"",
      "Position":{
        "x":25.0207,
        "y":252.50526
      },
      "OutputPinColourInfo":[{"PinColour":0,"PinID":1931642737}],
      "InternalData":null
    },
    {
      "Name":"8B Cancler",
      "ID":1512888275,
      "Label":"",
      "Position":{
        "x":30.75109,
        "y":251.59537
      },
      "OutputPinColourInfo":[{"PinColour":0,"PinID":1164945729}],
      "InternalData":null
    },
    {
      "Name":"Cancler",
      "ID":933374724,
      "Label":"",
      "Position":{
        "x":21.97072,
        "y":249.69189
      },
      "OutputPinColourInfo":[{"PinColour":0,"PinID":1616067258}],
      "InternalData":null
    },
    {
      "Name":"NOT",
      "ID":1345946352,
      "Label":"",
      "Position":{
        "x":19.47597,
        "y":249.12477
      },
      "OutputPinColourInfo":[{"PinColour":0,"PinID":14895395}],
      "InternalData":null
    },
    {
      "Name":"s4 8B DataMem 1",
      "ID":452363715,
      "Label":"",
      "Position":{
        "x":26.98128,
        "y":250.58234
      },
      "OutputPinColourInfo":[{"PinColour":0,"PinID":2068336395}],
      "InternalData":null
    },
    {
      "Name":"s4 8B DataMem 2",
      "ID":39354039,
      "Label":"",
      "Position":{
        "x":26.8282,
        "y":252.80942
      },
      "OutputPinColourInfo":[{"PinColour":0,"PinID":1730949314},{"PinColour":0,"PinID":632367607},{"PinColour":0,"PinID":2068336395}],
      "InternalData":null
    }
  ],
  "Wires":[
    {
      "SourcePinAddress":{
        "PinID":0,
        "PinOwnerID":1765059606
      },
      "TargetPinAddress":{
        "PinID":2030901329,
        "PinOwnerID":1218440928
      },
      "ConnectionType":0,
      "ConnectedWireIndex":-1,
      "ConnectedWireSegmentIndex":-1,
      "Points":[{"x":0.0,"y":0.0},{"x":23.21399,"y":251.95558},{"x":23.21399,"y":250.14552},{"x":0.0,"y":0.0}]
    },
    {
      "SourcePinAddress":{
        "PinID":14895395,
        "PinOwnerID":1218440928
      },
      "TargetPinAddress":{
        "PinID":707504547,
        "PinOwnerID":1282282736
      },
      "ConnectionType":0,
      "ConnectedWireIndex":-1,
      "ConnectedWireSegmentIndex":-1,
      "Points":[{"x":0.0,"y":0.0},{"x":25.61715,"y":250.15593},{"x":25.61715,"y":250.36777},{"x":24.89747,"y":250.36777},{"x":24.89747,"y":250.5592},{"x":0.0,"y":0.0}]
    },
    {
      "SourcePinAddress":{
        "PinID":0,
        "PinOwnerID":1511633990
      },
      "TargetPinAddress":{
        "PinID":1116648463,
        "PinOwnerID":1282282736
      },
      "ConnectionType":0,
      "ConnectedWireIndex":-1,
      "ConnectedWireSegmentIndex":-1,
      "Points":[{"x":0.0,"y":0.0},{"x":0.0,"y":0.0}]
    },
    {
      "SourcePinAddress":{
        "PinID":0,
        "PinOwnerID":1765059606
      },
      "TargetPinAddress":{
        "PinID":707504547,
        "PinOwnerID":1936613142
      },
      "ConnectionType":1,
      "ConnectedWireIndex":0,
      "ConnectedWireSegmentIndex":0,
      "Points":[{"x":23.20165,"y":251.9556},{"x":24.50142,"y":252.00311},{"x":24.50142,"y":252.37343},{"x":0.0,"y":0.0}]
    },
    {
      "SourcePinAddress":{
        "PinID":0,
        "PinOwnerID":1511633990
      },
      "TargetPinAddress":{
        "PinID":1116648463,
        "PinOwnerID":1936613142
      },
      "ConnectionType":1,
      "ConnectedWireIndex":2,
      "ConnectedWireSegmentIndex":0,
      "Points":[{"x":24.33692,"y":250.76152},{"x":24.34151,"y":252.62976},{"x":0.0,"y":0.0}]
    },
    {
      "SourcePinAddress":{
        "PinID":2006674237,
        "PinOwnerID":1176746305
      },
      "TargetPinAddress":{
        "PinID":1148695259,
        "PinOwnerID":1512888275
      },
      "ConnectionType":0,
      "ConnectedWireIndex":-1,
      "ConnectedWireSegmentIndex":-1,
      "Points":[{"x":0.0,"y":0.0},{"x":0.0,"y":0.0}]
    },
    {
      "SourcePinAddress":{
        "PinID":1164945729,
        "PinOwnerID":1512888275
      },
      "TargetPinAddress":{
        "PinID":0,
        "PinOwnerID":1814040640
      },
      "ConnectionType":0,
      "ConnectedWireIndex":-1,
      "ConnectedWireSegmentIndex":-1,
      "Points":[{"x":0.0,"y":0.0},{"x":0.0,"y":0.0}]
    },
    {
      "SourcePinAddress":{
        "PinID":0,
        "PinOwnerID":198650821
      },
      "TargetPinAddress":{
        "PinID":211683454,
        "PinOwnerID":933374724
      },
      "ConnectionType":0,
      "ConnectedWireIndex":-1,
      "ConnectedWireSegmentIndex":-1,
      "Points":[{"x":0.0,"y":0.0},{"x":0.0,"y":0.0}]
    },
    {
      "SourcePinAddress":{
        "PinID":0,
        "PinOwnerID":1495488093
      },
      "TargetPinAddress":{
        "PinID":2030901329,
        "PinOwnerID":1345946352
      },
      "ConnectionType":0,
      "ConnectedWireIndex":-1,
      "ConnectedWireSegmentIndex":-1,
      "Points":[{"x":0.0,"y":0.0},{"x":0.0,"y":0.0}]
    },
    {
      "SourcePinAddress":{
        "PinID":14895395,
        "PinOwnerID":1345946352
      },
      "TargetPinAddress":{
        "PinID":101598402,
        "PinOwnerID":933374724
      },
      "ConnectionType":0,
      "ConnectedWireIndex":-1,
      "ConnectedWireSegmentIndex":-1,
      "Points":[{"x":0.0,"y":0.0},{"x":21.08009,"y":249.12477},{"x":21.08009,"y":249.57036},{"x":0.0,"y":0.0}]
    },
    {
      "SourcePinAddress":{
        "PinID":14895395,
        "PinOwnerID":1345946352
      },
      "TargetPinAddress":{
        "PinID":1009493463,
        "PinOwnerID":1512888275
      },
      "ConnectionType":1,
      "ConnectedWireIndex":9,
      "ConnectedWireSegmentIndex":0,
      "Points":[{"x":21.05781,"y":249.12477},{"x":29.73193,"y":249.12477},{"x":29.73193,"y":251.40471},{"x":0.0,"y":0.0}]
    },
    {
      "SourcePinAddress":{
        "PinID":0,
        "PinOwnerID":403408108
      },
      "TargetPinAddress":{
        "PinID":774149005,
        "PinOwnerID":452363715
      },
      "ConnectionType":0,
      "ConnectedWireIndex":-1,
      "ConnectedWireSegmentIndex":-1,
      "Points":[{"x":0.0,"y":0.0},{"x":25.5306,"y":251.2121},{"x":25.5306,"y":251.2197},{"x":0.0,"y":0.0}]
    },
    {
      "SourcePinAddress":{
        "PinID":0,
        "PinOwnerID":1652567763
      },
      "TargetPinAddress":{
        "PinID":1501199287,
        "PinOwnerID":452363715
      },
      "ConnectionType":0,
      "ConnectedWireIndex":-1,
      "ConnectedWireSegmentIndex":-1,
      "Points":[{"x":0.0,"y":0.0},{"x":25.73935,"y":250.94395},{"x":0.0,"y":0.0}]
    },
    {
      "SourcePinAddress":{
        "PinID":1931642737,
        "PinOwnerID":1282282736
      },
      "TargetPinAddress":{
        "PinID":1730896820,
        "PinOwnerID":452363715
      },
      "ConnectionType":0,
      "ConnectedWireIndex":-1,
      "ConnectedWireSegmentIndex":-1,
      "Points":[{"x":0.0,"y":0.0},{"x":0.0,"y":0.0}]
    },
    {
      "SourcePinAddress":{
        "PinID":1616067258,
        "PinOwnerID":933374724
      },
      "TargetPinAddress":{
        "PinID":1938570931,
        "PinOwnerID":452363715
      },
      "ConnectionType":0,
      "ConnectedWireIndex":-1,
      "ConnectedWireSegmentIndex":-1,
      "Points":[{"x":0.0,"y":0.0},{"x":25.85102,"y":249.69189},{"x":25.85102,"y":250.47668},{"x":0.0,"y":0.0}]
    },
    {
      "SourcePinAddress":{
        "PinID":14895395,
        "PinOwnerID":1218440928
      },
      "TargetPinAddress":{
        "PinID":1697762311,
        "PinOwnerID":452363715
      },
      "ConnectionType":1,
      "ConnectedWireIndex":1,
      "ConnectedWireSegmentIndex":0,
      "Points":[{"x":25.61715,"y":250.15593},{"x":0.0,"y":0.0}]
    },
    {
      "SourcePinAddress":{
        "PinID":2068336395,
        "PinOwnerID":452363715
      },
      "TargetPinAddress":{
        "PinID":1315402776,
        "PinOwnerID":1176746305
      },
      "ConnectionType":0,
      "ConnectedWireIndex":-1,
      "ConnectedWireSegmentIndex":-1,
      "Points":[{"x":0.0,"y":0.0},{"x":0.0,"y":0.0}]
    },
    {
      "SourcePinAddress":{
        "PinID":1931642737,
        "PinOwnerID":1936613142
      },
      "TargetPinAddress":{
        "PinID":1730896820,
        "PinOwnerID":39354039
      },
      "ConnectionType":0,
      "ConnectedWireIndex":-1,
      "ConnectedWireSegmentIndex":-1,
      "Points":[{"x":0.0,"y":0.0},{"x":0.0,"y":0.0}]
    },
    {
      "SourcePinAddress":{
        "PinID":0,
        "PinOwnerID":403408108
      },
      "TargetPinAddress":{
        "PinID":774149005,
        "PinOwnerID":39354039
      },
      "ConnectionType":1,
      "ConnectedWireIndex":11,
      "ConnectedWireSegmentIndex":2,
      "Points":[{"x":25.60544,"y":251.17847},{"x":25.62813,"y":253.05942},{"x":0.0,"y":0.0}]
    },
    {
      "SourcePinAddress":{
        "PinID":0,
        "PinOwnerID":1652567763
      },
      "TargetPinAddress":{
        "PinID":1501199287,
        "PinOwnerID":39354039
      },
      "ConnectionType":1,
      "ConnectedWireIndex":12,
      "ConnectedWireSegmentIndex":1,
      "Points":[{"x":25.75888,"y":250.92967},{"x":25.77018,"y":252.80942},{"x":0.0,"y":0.0}]
    },
    {
      "SourcePinAddress":{
        "PinID":1616067258,
        "PinOwnerID":933374724
      },
      "TargetPinAddress":{
        "PinID":1938570931,
        "PinOwnerID":39354039
      },
      "ConnectionType":1,
      "ConnectedWireIndex":14,
      "ConnectedWireSegmentIndex":2,
      "Points":[{"x":25.85573,"y":250.47183},{"x":25.86044,"y":252.3105},{"x":0.0,"y":0.0}]
    },
    {
      "SourcePinAddress":{
        "PinID":0,
        "PinOwnerID":1765059606
      },
      "TargetPinAddress":{
        "PinID":1697762311,
        "PinOwnerID":39354039
      },
      "ConnectionType":1,
      "ConnectedWireIndex":3,
      "ConnectedWireSegmentIndex":1,
      "Points":[{"x":24.50142,"y":252.05942},{"x":0.0,"y":0.0}]
    },
    {
      "SourcePinAddress":{
        "PinID":2068336395,
        "PinOwnerID":39354039
      },
      "TargetPinAddress":{
        "PinID":724775518,
        "PinOwnerID":1176746305
      },
      "ConnectionType":0,
      "ConnectedWireIndex":-1,
      "ConnectedWireSegmentIndex":-1,
      "Points":[{"x":0.0,"y":0.0},{"x":0.0,"y":0.0}]
    },
    {
      "SourcePinAddress":{
        "PinID":0,
        "PinOwnerID":609401728
      },
      "TargetPinAddress":{
        "PinID":239679674,
        "PinOwnerID":39354039
      },
      "ConnectionType":0,
      "ConnectedWireIndex":-1,
      "ConnectedWireSegmentIndex":-1,
      "Points":[{"x":0.0,"y":0.0},{"x":0.0,"y":0.0}]
    },
    {
      "SourcePinAddress":{
        "PinID":0,
        "PinOwnerID":609401728
      },
      "TargetPinAddress":{
        "PinID":239679674,
        "PinOwnerID":452363715
      },
      "ConnectionType":1,
      "ConnectedWireIndex":23,
      "ConnectedWireSegmentIndex":0,
      "Points":[{"x":23.69205,"y":253.68335},{"x":23.71849,"y":251.59448},{"x":0.0,"y":0.0}]
    },
    {
      "SourcePinAddress":{
        "PinID":632367607,
        "PinOwnerID":39354039
      },
      "TargetPinAddress":{
        "PinID":0,
        "PinOwnerID":1844569250
      },
      "ConnectionType":0,
      "ConnectedWireIndex":-1,
      "ConnectedWireSegmentIndex":-1,
      "Points":[{"x":0.0,"y":0.0},{"x":0.0,"y":0.0}]
    },
    {
      "SourcePinAddress":{
        "PinID":1730949314,
        "PinOwnerID":39354039
      },
      "TargetPinAddress":{
        "PinID":0,
        "PinOwnerID":1912313224
      },
      "ConnectionType":0,
      "ConnectedWireIndex":-1,
      "ConnectedWireSegmentIndex":-1,
      "Points":[{"x":0.0,"y":0.0},{"x":0.0,"y":0.0}]
    }
  ],
  "Displays": null
}