{
  "DLSVersion": "2.1.6",
  "Name": "SR LATCH",
  "NameLocation": 0,
  "ChipType": 0,
  "Size": {
    "x": 1.025,
    "y": 0.5
  },
  "Colour": {
    "r": 0.228719622,
    "g": 0.07666843,
    "b": 0.07519401,
    "a": 1
  },
  "InputPins":[
    {
      "Name":"RESET",
      "ID":1782709029,
      "Position":{
        "x":0.03589,
        "y":0.38507
      },
      "BitCount":1,
      "Colour":0,
      "ValueDisplayMode":0
    },
    {
      "Name":"SET",
      "ID":311273003,
      "Position":{
        "x":0.03589,
        "y":-0.12993
      },
      "BitCount":1,
      "Colour":0,
      "ValueDisplayMode":0
    }
  ],
  "OutputPins":[
    {
      "Name":"OUT",
      "ID":774234844,
      "Position":{
        "x":3.9151,
        "y":0.1234
      },
      "BitCount":1,
      "Colour":0,
      "ValueDisplayMode":0
    }
  ],
  "SubChips":[
    {
      "Name":"NOR",
      "ID":1725696785,
      "Label":"",
      "Position":{
        "x":1.9225,
        "y":0.4375
      },
      "OutputPinColourInfo":[{"PinColour":0,"PinID":2137381140}],
      "InternalData":null
    },
    {
      "Name":"NOR",
      "ID":646885396,
      "Label":"",
      "Position":{
        "x":2.04679,
        "y":-0.51529
      },
      "OutputPinColourInfo":[{"PinColour":0,"PinID":2137381140}],
      "InternalData":null
    }
  ],
  "Wires":[
    {
      "SourcePinAddress":{
        "PinID":2137381140,
        "PinOwnerID":1725696785
      },
      "TargetPinAddress":{
        "PinID":0,
        "PinOwnerID":774234844
      },
      "ConnectionType":0,
      "ConnectedWireIndex":-1,
      "ConnectedWireSegmentIndex":-1,
      "Points":[{"x":0.0,"y":0.0},{"x":0.0,"y":0.0}]
    },
    {
      "SourcePinAddress":{
        "PinID":2137381140,
        "PinOwnerID":1725696785
      },
      "TargetPinAddress":{
        "PinID":1280148930,
        "PinOwnerID":646885396
      },
      "ConnectionType":0,
      "ConnectedWireIndex":-1,
      "ConnectedWireSegmentIndex":-1,
      "Points":[{"x":0.0,"y":0.0},{"x":2.22,"y":-0.04014},{"x":1.51431,"y":-0.04014},{"x":1.51431,"y":-0.37376},{"x":0.0,"y":0.0}]
    },
    {
      "SourcePinAddress":{
        "PinID":0,
        "PinOwnerID":311273003
      },
      "TargetPinAddress":{
        "PinID":230078155,
        "PinOwnerID":646885396
      },
      "ConnectionType":0,
      "ConnectedWireIndex":-1,
      "ConnectedWireSegmentIndex":-1,
      "Points":[{"x":0.0,"y":0.0},{"x":0.0,"y":0.0}]
    },
    {
      "SourcePinAddress":{
        "PinID":0,
        "PinOwnerID":1782709029
      },
      "TargetPinAddress":{
        "PinID":1280148930,
        "PinOwnerID":1725696785
      },
      "ConnectionType":0,
      "ConnectedWireIndex":-1,
      "ConnectedWireSegmentIndex":-1,
      "Points":[{"x":0.0,"y":0.0},{"x":0.0,"y":0.0}]
    },
    {
      "SourcePinAddress":{
        "PinID":2137381140,
        "PinOwnerID":646885396
      },
      "TargetPinAddress":{
        "PinID":230078155,
        "PinOwnerID":1725696785
      },
      "ConnectionType":0,
      "ConnectedWireIndex":-1,
      "ConnectedWireSegmentIndex":-1,
      "Points":[{"x":0.0,"y":0.0},{"x":2.48902,"y":-0.55039},{"x":2.48902,"y":-0.16443},{"x":1.42273,"y":-0.16443},{"x":1.42273,"y":0.3125},{"x":0.0,"y":0.0}]
    }
  ],
  "Displays": null
}