{
  "DLSVersion": "2.1.6",
  "Name": "XOR",
  "NameLocation": 0,
  "ChipType": 0,
  "Size": {
    "x": 0.575,
    "y": 0.5
  },
  "Colour": {
    "r": 0.456494182,
    "g": 0.5672414,
    "b": 0.0752928555,
    "a": 1
  },
  "InputPins":[
    {
      "Name":"IN",
      "ID":1352381057,
      "Position":{
        "x":-4.05291,
        "y":-2.1482
      },
      "BitCount":1,
      "Colour":0,
      "ValueDisplayMode":0
    },
    {
      "Name":"IN",
      "ID":673892883,
      "Position":{
        "x":-4.05291,
        "y":-2.6632
      },
      "BitCount":1,
      "Colour":0,
      "ValueDisplayMode":0
    }
  ],
  "OutputPins":[
    {
      "Name":"OUT",
      "ID":477305350,
      "Position":{
        "x":1.61321,
        "y":-2.33507
      },
      "BitCount":1,
      "Colour":0,
      "ValueDisplayMode":0
    }
  ],
  "SubChips":[
    {
      "Name":"OR",
      "ID":261342414,
      "Label":"",
      "Position":{
        "x":-1.97733,
        "y":-1.90794
      },
      "OutputPinColourInfo":[{"PinColour":0,"PinID":1797483099}],
      "InternalData":null
    },
    {
      "Name":"NAND",
      "ID":1422640858,
      "Label":"",
      "Position":{
        "x":-1.65699,
        "y":-2.70213
      },
      "OutputPinColourInfo":[{"PinColour":0,"PinID":2}],
      "InternalData":null
    },
    {
      "Name":"AND",
      "ID":646466299,
      "Label":"",
      "Position":{
        "x":-0.07528,
        "y":-2.28168
      },
      "OutputPinColourInfo":[{"PinColour":0,"PinID":1931642737}],
      "InternalData":null
    }
  ],
  "Wires":[
    {
      "SourcePinAddress":{
        "PinID":1931642737,
        "PinOwnerID":646466299
      },
      "TargetPinAddress":{
        "PinID":0,
        "PinOwnerID":477305350
      },
      "ConnectionType":0,
      "ConnectedWireIndex":-1,
      "ConnectedWireSegmentIndex":-1,
      "Points":[{"x":0.0,"y":0.0},{"x":0.0,"y":0.0}]
    },
    {
      "SourcePinAddress":{
        "PinID":1797483099,
        "PinOwnerID":261342414
      },
      "TargetPinAddress":{
        "PinID":1116648463,
        "PinOwnerID":646466299
      },
      "ConnectionType":0,
      "ConnectedWireIndex":-1,
      "ConnectedWireSegmentIndex":-1,
      "Points":[{"x":0.0,"y":0.0},{"x":0.0,"y":0.0}]
    },
    {
      "SourcePinAddress":{
        "PinID":2,
        "PinOwnerID":1422640858
      },
      "TargetPinAddress":{
        "PinID":707504547,
        "PinOwnerID":646466299
      },
      "ConnectionType":0,
      "ConnectedWireIndex":-1,
      "ConnectedWireSegmentIndex":-1,
      "Points":[{"x":0.0,"y":0.0},{"x":0.0,"y":0.0}]
    },
    {
      "SourcePinAddress":{
        "PinID":0,
        "PinOwnerID":1352381057
      },
      "TargetPinAddress":{
        "PinID":1660214207,
        "PinOwnerID":261342414
      },
      "ConnectionType":0,
      "ConnectedWireIndex":-1,
      "ConnectedWireSegmentIndex":-1,
      "Points":[{"x":0.0,"y":0.0},{"x":0.0,"y":0.0}]
    },
    {
      "SourcePinAddress":{
        "PinID":0,
        "PinOwnerID":673892883
      },
      "TargetPinAddress":{
        "PinID":1101441429,
        "PinOwnerID":261342414
      },
      "ConnectionType":0,
      "ConnectedWireIndex":-1,
      "ConnectedWireSegmentIndex":-1,
      "Points":[{"x":0.0,"y":0.0},{"x":0.0,"y":0.0}]
    },
    {
      "SourcePinAddress":{
        "PinID":0,
        "PinOwnerID":1352381057
      },
      "TargetPinAddress":{
        "PinID":0,
        "PinOwnerID":1422640858
      },
      "ConnectionType":1,
      "ConnectedWireIndex":3,
      "ConnectedWireSegmentIndex":0,
      "Points":[{"x":-2.51781,"y":-1.88824},{"x":0.0,"y":0.0}]
    },
    {
      "SourcePinAddress":{
        "PinID":0,
        "PinOwnerID":673892883
      },
      "TargetPinAddress":{
        "PinID":1,
        "PinOwnerID":1422640858
      },
      "ConnectionType":1,
      "ConnectedWireIndex":4,
      "ConnectedWireSegmentIndex":0,
      "Points":[{"x":-2.65171,"y":-2.29113},{"x":0.0,"y":0.0}]
    }
  ],
  "Displays": null
}