{
  "DLSVersion": "2.1.6",
  "Name": "XORS",
  "NameLocation": 0,
  "ChipType": 0,
  "Size": {
    "x": 0.725,
    "y": 0.75
  },
  "Colour": {
    "r": 0.16807051,
    "g": 0.932605863,
    "b": 0.115041345,
    "a": 1
  },
  "InputPins":[
    {
      "Name":"IN",
      "ID":1307302781,
      "Position":{
        "x":1.15297,
        "y":-19.2274
      },
      "BitCount":1,
      "Colour":0,
      "ValueDisplayMode":0
    },
    {
      "Name":"IN",
      "ID":615167796,
      "Position":{
        "x":1.15297,
        "y":-19.7424
      },
      "BitCount":1,
      "Colour":0,
      "ValueDisplayMode":0
    },
    {
      "Name":"IN",
      "ID":1515985704,
      "Position":{
        "x":1.16353,
        "y":-20.50863
      },
      "BitCount":1,
      "Colour":0,
      "ValueDisplayMode":0
    }
  ],
  "OutputPins":[
    {
      "Name":"OUT",
      "ID":716750808,
      "Position":{
        "x":6.83008,
        "y":-19.89047
      },
      "BitCount":1,
      "Colour":0,
      "ValueDisplayMode":0
    }
  ],
  "SubChips":[
    {
      "Name":"XOR",
      "ID":1908910703,
      "Label":"",
      "Position":{
        "x":3.72206,
        "y":-19.43542
      },
      "OutputPinColourInfo":[{"PinColour":0,"PinID":477305350}],
      "InternalData":null
    },
    {
      "Name":"AND",
      "ID":430631520,
      "Label":"",
      "Position":{
        "x":4.66649,
        "y":-20.66318
      },
      "OutputPinColourInfo":[{"PinColour":0,"PinID":1931642737}],
      "InternalData":null
    },
    {
      "Name":"OR",
      "ID":620249952,
      "Label":"",
      "Position":{
        "x":3.84226,
        "y":-20.19955
      },
      "OutputPinColourInfo":[{"PinColour":0,"PinID":1797483099}],
      "InternalData":null
    },
    {
      "Name":"OR",
      "ID":1925298095,
      "Label":"",
      "Position":{
        "x":5.29324,
        "y":-19.89905
      },
      "OutputPinColourInfo":[{"PinColour":0,"PinID":1797483099}],
      "InternalData":null
    }
  ],
  "Wires":[
    {
      "SourcePinAddress":{
        "PinID":0,
        "PinOwnerID":1307302781
      },
      "TargetPinAddress":{
        "PinID":1352381057,
        "PinOwnerID":1908910703
      },
      "ConnectionType":0,
      "ConnectedWireIndex":-1,
      "ConnectedWireSegmentIndex":-1,
      "Points":[{"x":0.0,"y":0.0},{"x":0.0,"y":0.0}]
    },
    {
      "SourcePinAddress":{
        "PinID":0,
        "PinOwnerID":615167796
      },
      "TargetPinAddress":{
        "PinID":673892883,
        "PinOwnerID":1908910703
      },
      "ConnectionType":0,
      "ConnectedWireIndex":-1,
      "ConnectedWireSegmentIndex":-1,
      "Points":[{"x":0.0,"y":0.0},{"x":0.0,"y":0.0}]
    },
    {
      "SourcePinAddress":{
        "PinID":0,
        "PinOwnerID":1307302781
      },
      "TargetPinAddress":{
        "PinID":1660214207,
        "PinOwnerID":620249952
      },
      "ConnectionType":0,
      "ConnectedWireIndex":-1,
      "ConnectedWireSegmentIndex":-1,
      "Points":[{"x":0.0,"y":0.0},{"x":0.0,"y":0.0}]
    },
    {
      "SourcePinAddress":{
        "PinID":0,
        "PinOwnerID":615167796
      },
      "TargetPinAddress":{
        "PinID":1101441429,
        "PinOwnerID":620249952
      },
      "ConnectionType":0,
      "ConnectedWireIndex":-1,
      "ConnectedWireSegmentIndex":-1,
      "Points":[{"x":0.0,"y":0.0},{"x":0.0,"y":0.0}]
    },
    {
      "SourcePinAddress":{
        "PinID":1797483099,
        "PinOwnerID":620249952
      },
      "TargetPinAddress":{
        "PinID":1116648463,
        "PinOwnerID":430631520
      },
      "ConnectionType":0,
      "ConnectedWireIndex":-1,
      "ConnectedWireSegmentIndex":-1,
      "Points":[{"x":0.0,"y":0.0},{"x":0.0,"y":0.0}]
    },
    {
      "SourcePinAddress":{
        "PinID":0,
        "PinOwnerID":1515985704
      },
      "TargetPinAddress":{
        "PinID":707504547,
        "PinOwnerID":430631520
      },
      "ConnectionType":0,
      "ConnectedWireIndex":-1,
      "ConnectedWireSegmentIndex":-1,
      "Points":[{"x":0.0,"y":0.0},{"x":0.0,"y":0.0}]
    },
    {
      "SourcePinAddress":{
        "PinID":477305350,
        "PinOwnerID":1908910703
      },
      "TargetPinAddress":{
        "PinID":1660214207,
        "PinOwnerID":1925298095
      },
      "ConnectionType":0,
      "ConnectedWireIndex":-1,
      "ConnectedWireSegmentIndex":-1,
      "Points":[{"x":0.0,"y":0.0},{"x":0.0,"y":0.0}]
    },
    {
      "SourcePinAddress":{
        "PinID":1931642737,
        "PinOwnerID":430631520
      },
      "TargetPinAddress":{
        "PinID":1101441429,
        "PinOwnerID":1925298095
      },
      "ConnectionType":0,
      "ConnectedWireIndex":-1,
      "ConnectedWireSegmentIndex":-1,
      "Points":[{"x":0.0,"y":0.0},{"x":0.0,"y":0.0}]
    },
    {
      "SourcePinAddress":{
        "PinID":1797483099,
        "PinOwnerID":1925298095
      },
      "TargetPinAddress":{
        "PinID":0,
        "PinOwnerID":716750808
      },
      "ConnectionType":0,
      "ConnectedWireIndex":-1,
      "ConnectedWireSegmentIndex":-1,
      "Points":[{"x":0.0,"y":0.0},{"x":0.0,"y":0.0}]
    }
  ],
  "Displays":[]
}